blackforge_id,source_ref,title,pipeline_stage,stage_primary,functional_category,functional_category_primary,domain_scope,domain_primary,execution_scope,execution_scope_v2,tier,activation_tier,audit_score,quality_score_v2,review_status,change_reason,tier_relaxation_reason
BF-CYB-S800-0670,S800-0670,Fatiga de recuperación,DIVERGIR,EVALUAR,experimentation_benchmarks,human_factors,developer_tools,cybersecurity,defensive_design,local_analysis,core,essential,78,68,approved_auto,stage_reclassified;category_reclassified;domain_reclassified;execution_hardened;tier_recalibrated;causal_axis_added;integration_contract_added,
BF-CYB-L600-1507,L600-1507,Lente de dependencia transitiva,DESCOMPONER,DESCOMPONER,supply_chain_build,supply_chain_build,developer_tools,cybersecurity,conceptual_only,conceptual_only,core,essential,61,67,approved_auto,domain_reclassified;tier_recalibrated;causal_axis_added;integration_contract_added,
BF-CYB-S800-0630,S800-0630,Organización de sucesión,DIVERGIR,EVALUAR,experimentation_benchmarks,human_factors,developer_tools,cybersecurity,defensive_design,local_analysis,extended,essential,74,67,approved_auto,stage_reclassified;category_reclassified;domain_reclassified;execution_hardened;tier_recalibrated;causal_axis_added;integration_contract_added,
BF-CYB-S800-0603,S800-0603,Operador adversarial benigno,ATACAR,ATACAR,adversarial_threat,human_factors,cybersecurity,cybersecurity,defensive_design,defensive_design,extended,essential,66,66,approved_auto,category_reclassified;tier_recalibrated;causal_axis_added;integration_contract_added,
BF-CYB-L600-1506,L600-1506,Lente de cadena de suministro,DESCOMPONER,CARTOGRAFIAR,supply_chain_build,supply_chain_build,hybrid,cybersecurity,conceptual_only,conceptual_only,core,essential,71,66,approved_auto,stage_reclassified;domain_reclassified;tier_recalibrated;causal_axis_added;integration_contract_added,
BF-CYB-M800-0548,M800-0548,Aprendizaje humano en el bucle,EVOLUCIONAR,EVOLUCIONAR,agents_ai_devtools,human_factors,developer_tools,developer_tools,defensive_design,defensive_design,core,essential,66,60,approved_auto,category_reclassified;tier_recalibrated;causal_axis_added;integration_contract_added,
BF-CYB-M800-0305,M800-0305,Modo aislado,DESCOMPONER,DESCOMPONER,failure_resilience,supply_chain_build,developer_tools,developer_tools,defensive_design,defensive_design,core,essential,70,59,approved_auto,category_reclassified;tier_recalibrated;causal_axis_added;integration_contract_added,
BF-CYB-M800-0503,M800-0503,Licencia progresiva,DIVERGIR,DIVERGIR,trust_identity_access,human_legal_ethics,cybersecurity,cybersecurity,defensive_design,defensive_design,extended,essential,70,55,approved_auto,category_reclassified;tier_recalibrated;causal_axis_added;integration_contract_added,
BF-CYB-R1000-0314,R1000-0314,Descomposición por dependencia,DESCOMPONER,DESCOMPONER,agents_ai_devtools,supply_chain_build,developer_tools,developer_tools,defensive_design,defensive_design,extended,essential,66,54,approved_auto,category_reclassified;tier_recalibrated;causal_axis_added;integration_contract_added,
BF-CYB-L600-1439,L600-1439,El punto de vista de quien tiene acceso legal a información que éticamente no debería utilizar.,CARTOGRAFIAR,DELIMITAR,trust_identity_access,human_legal_ethics,cybersecurity,cybersecurity,conceptual_only,defensive_design,extended,essential,58,51,manual_review_recommended,stage_reclassified;category_reclassified;execution_hardened;tier_recalibrated;causal_axis_added;integration_contract_added,
BF-CYB-M800-0567,M800-0567,Prueba antes de despliegue,MATERIALIZAR,EVALUAR,supply_chain_build,evidence_verification,hybrid,cybersecurity,local_analysis,local_analysis,core,essential,85,75,approved_auto,stage_reclassified;category_reclassified;domain_reclassified;tier_recalibrated;causal_axis_added;integration_contract_added,
BF-CYB-M800-0576,M800-0576,Verificación reproducible,EVALUAR,EVALUAR,supply_chain_build,evidence_verification,hybrid,cybersecurity,local_analysis,local_analysis,core,essential,75,74,approved_auto,category_reclassified;domain_reclassified;tier_recalibrated;causal_axis_added;integration_contract_added,
BF-CYB-L600-1540,L600-1540,Lente de inversión de modelo,CARTOGRAFIAR,CARTOGRAFIAR,data_privacy_provenance,agents_ai_devtools,hybrid,cybersecurity,conceptual_only,defensive_design,core,essential,71,70,approved_auto,category_reclassified;domain_reclassified;execution_hardened;tier_recalibrated;causal_axis_added;integration_contract_added,
BF-CYB-M800-0557,M800-0557,Explicación operativa,DIVERGIR,DIVERGIR,evidence_verification,evidence_verification,developer_tools,developer_tools,defensive_design,defensive_design,core,essential,70,68,approved_auto,tier_recalibrated;causal_axis_added;integration_contract_added,
BF-CYB-M800-0603,M800-0603,Sin combustibles fósiles,DIVERGIR,EVALUAR,agents_ai_devtools,causal_state_transitions,hybrid,cybersecurity,defensive_design,local_analysis,extended,essential,65,67,approved_auto,stage_reclassified;category_reclassified;domain_reclassified;execution_hardened;tier_recalibrated;causal_axis_added;integration_contract_added,
BF-CYB-S800-0472,S800-0472,Contrato adversarial reversible,ATACAR,ATACAR,experimentation_benchmarks,adversarial_threat,hybrid,cybersecurity,defensive_design,defensive_design,extended,essential,75,66,approved_auto,category_reclassified;domain_reclassified;tier_recalibrated;causal_axis_added;integration_contract_added,
BF-CYB-M800-0375,M800-0375,Dato adversarial,ATACAR,ATACAR,data_privacy_provenance,adversarial_threat,cybersecurity,cybersecurity,defensive_design,defensive_design,extended,essential,66,64,approved_auto,category_reclassified;tier_recalibrated;causal_axis_added;integration_contract_added,
BF-CYB-L600-1514,L600-1514,Lente de autenticación multifactor,CARTOGRAFIAR,CARTOGRAFIAR,trust_identity_access,trust_identity_access,hybrid,cybersecurity,conceptual_only,conceptual_only,core,essential,70,64,approved_auto,domain_reclassified;tier_recalibrated;causal_axis_added;integration_contract_added,
BF-CYB-L600-1530,L600-1530,Lente de minimización de retención,ROMPER,CARTOGRAFIAR,data_privacy_provenance,data_privacy_provenance,hybrid,cybersecurity,conceptual_only,conceptual_only,core,essential,58,64,approved_auto,stage_reclassified;domain_reclassified;tier_recalibrated;causal_axis_added;integration_contract_added,
BF-CYB-L600-1534,L600-1534,Lente de privacidad por defecto,CARTOGRAFIAR,CARTOGRAFIAR,data_privacy_provenance,data_privacy_provenance,cybersecurity,cybersecurity,conceptual_only,conceptual_only,core,essential,61,64,approved_auto,tier_recalibrated;causal_axis_added;integration_contract_added,
BF-CYB-L600-1536,L600-1536,Lente de presupuesto de privacidad,ROMPER,CARTOGRAFIAR,data_privacy_provenance,data_privacy_provenance,cybersecurity,cybersecurity,conceptual_only,conceptual_only,core,essential,63,64,approved_auto,stage_reclassified;tier_recalibrated;causal_axis_added;integration_contract_added,
BF-CYB-M800-0579,M800-0579,Ruta unidireccional,DIVERGIR,DIVERGIR,data_privacy_provenance,data_privacy_provenance,cybersecurity,cybersecurity,defensive_design,defensive_design,core,essential,66,64,approved_auto,tier_recalibrated;causal_axis_added;integration_contract_added,
BF-CYB-R1000-0375,R1000-0375,Interfaz de prueba mutua,DESCOMPONER,EVALUAR,trust_identity_access,architecture_topology,hybrid,cybersecurity,defensive_design,local_analysis,extended,essential,75,64,approved_auto,stage_reclassified;category_reclassified;domain_reclassified;execution_hardened;tier_recalibrated;causal_axis_added;integration_contract_added,
BF-CYB-S800-0428,S800-0428,Autoridad adversarial,ATACAR,ATACAR,adversarial_threat,governance_incentives,cybersecurity,cybersecurity,defensive_design,defensive_design,extended,essential,66,63,approved_auto,category_reclassified;tier_recalibrated;causal_axis_added;integration_contract_added,
BF-CYB-L600-1544,L600-1544,Lente de sandboxing,MATERIALIZAR,CARTOGRAFIAR,experimentation_benchmarks,experimentation_benchmarks,hybrid,cybersecurity,local_analysis,conceptual_only,core,essential,66,63,approved_auto,stage_reclassified;domain_reclassified;execution_hardened;tier_recalibrated;causal_axis_added;integration_contract_added,
BF-CYB-L600-1532,L600-1532,Lente de consentimiento granular,CARTOGRAFIAR,DELIMITAR,trust_identity_access,data_privacy_provenance,cybersecurity,cybersecurity,conceptual_only,defensive_design,core,essential,61,63,approved_auto,stage_reclassified;category_reclassified;execution_hardened;tier_recalibrated;causal_axis_added;integration_contract_added,
BF-CYB-M800-0577,M800-0577,Atestación remota,DESCOMPONER,DESCOMPONER,evidence_verification,evidence_verification,hybrid,cybersecurity,defensive_design,defensive_design,core,essential,71,63,approved_auto,domain_reclassified;tier_recalibrated;causal_axis_added;integration_contract_added,
BF-CYB-S800-0872,S800-0872,Benchmark de transferencia,MATERIALIZAR,EVALUAR,evidence_verification,experimentation_benchmarks,developer_tools,cybersecurity,local_analysis,local_analysis,core,essential,82,63,approved_auto,stage_reclassified;category_reclassified;domain_reclassified;tier_recalibrated;causal_axis_added;integration_contract_added,
BF-CYB-M800-0580,M800-0580,Consentimiento de alto riesgo,DIVERGIR,DELIMITAR,decision_risk,data_privacy_provenance,cybersecurity,cybersecurity,defensive_design,defensive_design,core,essential,66,62,approved_auto,stage_reclassified;category_reclassified;tier_recalibrated;causal_axis_added;integration_contract_added,
BF-CYB-M800-0212,M800-0212,"Más acceso, menos abuso",ROMPER,ROMPER,trust_identity_access,trust_identity_access,hybrid,cybersecurity,defensive_design,defensive_design,core,essential,80,62,approved_auto,domain_reclassified;tier_recalibrated;causal_axis_added;integration_contract_added,
BF-CYB-S800-0792,S800-0792,Evaluador de daño diferido,EVALUAR,EVALUAR,experimentation_benchmarks,agents_ai_devtools,developer_tools,developer_tools,local_analysis,local_analysis,extended,essential,70,61,approved_auto,category_reclassified;tier_recalibrated;causal_axis_added;integration_contract_added,
BF-CYB-S800-0870,S800-0870,Benchmark adversarial vivo,ATACAR,EVALUAR,evidence_verification,experimentation_benchmarks,hybrid,cybersecurity,defensive_design,defensive_design,core,essential,87,61,approved_auto,stage_reclassified;category_reclassified;domain_reclassified;tier_recalibrated;causal_axis_added;integration_contract_added,
BF-CYB-S800-0873,S800-0873,Benchmark de degradación,MATERIALIZAR,EVALUAR,evidence_verification,experimentation_benchmarks,developer_tools,cybersecurity,local_analysis,local_analysis,core,essential,82,61,approved_auto,stage_reclassified;category_reclassified;domain_reclassified;tier_recalibrated;causal_axis_added;integration_contract_added,
BF-CYB-S800-0874,S800-0874,Benchmark de recuperación,MATERIALIZAR,EVALUAR,evidence_verification,experimentation_benchmarks,developer_tools,cybersecurity,local_analysis,local_analysis,core,essential,82,61,approved_auto,stage_reclassified;category_reclassified;domain_reclassified;tier_recalibrated;causal_axis_added;integration_contract_added,
BF-CYB-S800-0878,S800-0878,Benchmark de coste oculto,MATERIALIZAR,EVALUAR,evidence_verification,experimentation_benchmarks,developer_tools,cybersecurity,local_analysis,local_analysis,core,essential,82,61,approved_auto,stage_reclassified;category_reclassified;domain_reclassified;tier_recalibrated;causal_axis_added;integration_contract_added,
BF-CYB-M800-0007,M800-0007,Invertir la confianza,ROMPER,ROMPER,trust_identity_access,trust_identity_access,hybrid,cybersecurity,defensive_design,defensive_design,core,essential,87,61,approved_auto,domain_reclassified;tier_recalibrated;causal_axis_added;integration_contract_added,
BF-CYB-S800-0359,S800-0359,Reloj adversarial,ATACAR,ATACAR,adversarial_threat,adversarial_threat,cybersecurity,cybersecurity,defensive_design,defensive_design,extended,essential,75,60,approved_auto,tier_recalibrated;causal_axis_added;integration_contract_added,
BF-CYB-S800-0702,S800-0702,Agente con objetivo adversarial,ATACAR,ATACAR,adversarial_threat,agents_ai_devtools,hybrid,developer_tools,defensive_design,defensive_design,extended,essential,71,60,approved_auto,category_reclassified;domain_reclassified;tier_recalibrated;causal_axis_added;integration_contract_added,
BF-CYB-R1000-0102,R1000-0102,Arqueología inversa,ROMPER,CARTOGRAFIAR,agents_ai_devtools,decision_risk,hybrid,cybersecurity,defensive_design,defensive_design,extended,essential,63,60,approved_auto,stage_reclassified;category_reclassified;domain_reclassified;tier_recalibrated;causal_axis_added;integration_contract_added,
BF-CYB-M800-0309,M800-0309,Prueba de abandono,DIVERGIR,DESCOMPONER,experimentation_benchmarks,evidence_verification,developer_tools,cybersecurity,defensive_design,defensive_design,core,essential,74,60,approved_auto,stage_reclassified;category_reclassified;domain_reclassified;tier_recalibrated;causal_axis_added;integration_contract_added,
BF-CYB-R1000-0183,R1000-0183,Incentivo adversarial,ATACAR,ATACAR,adversarial_threat,governance_incentives,cybersecurity,cybersecurity,defensive_design,defensive_design,extended,essential,68,59,approved_auto,category_reclassified;tier_recalibrated;causal_axis_added;integration_contract_added,
BF-CYB-M800-0249,M800-0249,Matriz de confianza,DIVERGIR,DESCOMPONER,trust_identity_access,trust_identity_access,hybrid,cybersecurity,defensive_design,defensive_design,core,essential,82,59,approved_auto,stage_reclassified;domain_reclassified;tier_recalibrated;causal_axis_added;integration_contract_added,
BF-CYB-M800-0556,M800-0556,Consenso de agentes,DIVERGIR,DIVERGIR,agents_ai_devtools,agents_ai_devtools,developer_tools,developer_tools,defensive_design,defensive_design,core,essential,71,59,approved_auto,tier_recalibrated;causal_axis_added;integration_contract_added,
BF-CYB-S800-0751,S800-0751,Razonamiento con premisas alquiladas,EVOLUCIONAR,ROMPER,experimentation_benchmarks,agents_ai_devtools,developer_tools,developer_tools,defensive_design,defensive_design,extended,essential,77,59,approved_auto,stage_reclassified;category_reclassified;tier_recalibrated;causal_axis_added;integration_contract_added,
BF-CYB-S800-0769,S800-0769,Razonamiento por paradoja útil,EVOLUCIONAR,ROMPER,experimentation_benchmarks,agents_ai_devtools,developer_tools,developer_tools,defensive_design,defensive_design,extended,essential,77,59,approved_auto,stage_reclassified;category_reclassified;tier_recalibrated;causal_axis_added;integration_contract_added,
BF-CYB-S800-0828,S800-0828,Prueba de idempotencia hostil,MATERIALIZAR,ATACAR,evidence_verification,evidence_verification,developer_tools,cybersecurity,local_analysis,defensive_design,core,essential,83,58,approved_auto,stage_reclassified;domain_reclassified;execution_hardened;tier_recalibrated;causal_axis_added;integration_contract_added,
BF-CYB-S800-0225,S800-0225,Custodia contextual,DESCOMPONER,DESCOMPONER,trust_identity_access,causal_state_transitions,hybrid,cybersecurity,defensive_design,defensive_design,extended,essential,71,58,approved_auto,category_reclassified;domain_reclassified;tier_recalibrated;causal_axis_added;integration_contract_added,
BF-CYB-M800-0566,M800-0566,Aislamiento por ejecución,DIVERGIR,DIVERGIR,failure_resilience,failure_resilience,cybersecurity,cybersecurity,defensive_design,defensive_design,core,essential,71,58,approved_auto,tier_recalibrated;causal_axis_added;integration_contract_added,
BF-CYB-M800-0318,M800-0318,Aprendizaje postfallo,EVOLUCIONAR,EVOLUCIONAR,evidence_verification,evidence_verification,developer_tools,cybersecurity,defensive_design,defensive_design,core,essential,82,58,approved_auto,domain_reclassified;tier_recalibrated;causal_axis_added;integration_contract_added,
BF-CYB-S800-0300,S800-0300,Arquitectura multidimensional,DIVERGIR,DELIMITAR,trust_identity_access,architecture_topology,cybersecurity,cybersecurity,defensive_design,defensive_design,extended,essential,70,57,approved_auto,stage_reclassified;category_reclassified;tier_recalibrated;causal_axis_added;integration_contract_added,
BF-CYB-R1000-0880,R1000-0880,Analogía jurídica,DIVERGIR,DIVERGIR,experimentation_benchmarks,cross_domain_transfer,developer_tools,cybersecurity,defensive_design,defensive_design,extended,essential,72,57,approved_auto,category_reclassified;domain_reclassified;tier_recalibrated;causal_axis_added;integration_contract_added,
BF-CYB-M800-0501,M800-0501,Sandbox regulatorio,MATERIALIZAR,MATERIALIZAR,experimentation_benchmarks,governance_incentives,cybersecurity,cybersecurity,local_analysis,local_analysis,extended,essential,66,57,approved_auto,category_reclassified;tier_recalibrated;causal_axis_added;integration_contract_added,
BF-CYB-R1000-0572,R1000-0572,Paradoja de confianza,ROMPER,ROMPER,trust_identity_access,trust_identity_access,hybrid,cybersecurity,defensive_design,defensive_design,extended,essential,77,57,approved_auto,domain_reclassified;tier_recalibrated;causal_axis_added;integration_contract_added,
BF-CYB-S800-0227,S800-0227,Fronteras móviles,DESCOMPONER,DESCOMPONER,trust_identity_access,architecture_topology,cybersecurity,cybersecurity,defensive_design,defensive_design,extended,essential,66,56,approved_auto,category_reclassified;tier_recalibrated;causal_axis_added;integration_contract_added,
BF-CYB-M800-0596,M800-0596,Escenario de identidad fluida,DIVERGIR,DIVERGIR,trust_identity_access,decision_risk,cybersecurity,cybersecurity,defensive_design,defensive_design,extended,essential,66,56,approved_auto,category_reclassified;tier_recalibrated;causal_axis_added;integration_contract_added,
BF-CYB-R1000-0065,R1000-0065,Evidencia obligatoria,EVOLUCIONAR,ROMPER,evidence_verification,evidence_verification,developer_tools,cybersecurity,defensive_design,defensive_design,core,essential,78,56,approved_auto,stage_reclassified;domain_reclassified;tier_recalibrated;causal_axis_added;integration_contract_added,
BF-CYB-R1000-0414,R1000-0414,Confianza adversarial,ATACAR,ATACAR,trust_identity_access,trust_identity_access,cybersecurity,cybersecurity,defensive_design,defensive_design,extended,essential,75,54,approved_auto,tier_recalibrated;causal_axis_added;integration_contract_added,
BF-CYB-R1000-0360,R1000-0360,Frontera múltiple,DESCOMPONER,DESCOMPONER,trust_identity_access,architecture_topology,cybersecurity,cybersecurity,defensive_design,defensive_design,extended,essential,66,53,approved_auto,category_reclassified;tier_recalibrated;causal_axis_added;integration_contract_added,
BF-CYB-R1000-0684,R1000-0684,Estado cifrado funcional,DESCOMPONER,DESCOMPONER,data_privacy_provenance,causal_state_transitions,hybrid,cybersecurity,defensive_design,defensive_design,extended,essential,76,53,approved_auto,category_reclassified;domain_reclassified;tier_recalibrated;causal_axis_added;integration_contract_added,
BF-CYB-S800-0201,S800-0201,Topología negativa,DIVERGIR,DIVERGIR,agents_ai_devtools,architecture_topology,hybrid,cybersecurity,defensive_design,defensive_design,extended,essential,61,53,approved_auto,category_reclassified;domain_reclassified;tier_recalibrated;causal_axis_added;integration_contract_added,
BF-CYB-S800-0255,S800-0255,Arquitectura alveolar,DIVERGIR,DIVERGIR,failure_resilience,architecture_topology,hybrid,cybersecurity,defensive_design,defensive_design,extended,essential,65,53,approved_auto,category_reclassified;domain_reclassified;tier_recalibrated;causal_axis_added;integration_contract_added,
BF-CYB-S800-0266,S800-0266,Arquitectura de diques,DIVERGIR,DIVERGIR,failure_resilience,architecture_topology,hybrid,cybersecurity,defensive_design,defensive_design,extended,essential,65,53,approved_auto,category_reclassified;domain_reclassified;tier_recalibrated;causal_axis_added;integration_contract_added,
BF-CYB-S800-0353,S800-0353,Reloj de identidad,DIVERGIR,DIVERGIR,trust_identity_access,causal_state_transitions,cybersecurity,cybersecurity,defensive_design,defensive_design,extended,essential,70,53,approved_auto,category_reclassified;tier_recalibrated;causal_axis_added;integration_contract_added,
BF-CYB-R1000-0594,R1000-0594,Juego de reputación anónima,ROMPER,ROMPER,data_privacy_provenance,data_privacy_provenance,cybersecurity,cybersecurity,defensive_design,defensive_design,extended,essential,71,51,approved_auto,tier_recalibrated;causal_axis_added;integration_contract_added,
BF-CYB-M800-0183,M800-0183,Sistema inmune,ATACAR,ATACAR,adversarial_threat,adversarial_threat,hybrid,cybersecurity,sandbox_required,sandbox_required,extended,essential,76,67,approved_with_guardrails,domain_reclassified;tier_recalibrated;causal_axis_added;integration_contract_added,
BF-CYB-L600-1541,L600-1541,Lente de envenenamiento de datos,ATACAR,CARTOGRAFIAR,data_privacy_provenance,adversarial_threat,cybersecurity,cybersecurity,sandbox_required,sandbox_required,core,essential,61,67,approved_with_guardrails,stage_reclassified;category_reclassified;tier_recalibrated;causal_axis_added;integration_contract_added,
BF-CYB-L600-1549,L600-1549,Lente de fuzzing,ATACAR,CARTOGRAFIAR,experimentation_benchmarks,experimentation_benchmarks,cybersecurity,cybersecurity,sandbox_required,sandbox_required,core,essential,65,67,approved_with_guardrails,stage_reclassified;tier_recalibrated;causal_axis_added;integration_contract_added,
BF-CYB-L600-1550,L600-1550,Lente de fuzzing diferencial,ATACAR,CARTOGRAFIAR,experimentation_benchmarks,experimentation_benchmarks,cybersecurity,cybersecurity,sandbox_required,sandbox_required,core,essential,65,67,approved_with_guardrails,stage_reclassified;tier_recalibrated;causal_axis_added;integration_contract_added,
BF-CYB-M800-0565,M800-0565,Capacidad efímera,DIVERGIR,DIVERGIR,general_innovation,architecture_topology,cybersecurity,cybersecurity,defensive_design,sandbox_required,core,essential,66,67,approved_with_guardrails,category_reclassified;execution_hardened;tier_recalibrated;causal_axis_added;integration_contract_added,
BF-CYB-M800-0295,M800-0295,Ataque de colusión,ATACAR,ATACAR,adversarial_threat,adversarial_threat,cybersecurity,cybersecurity,sandbox_required,sandbox_required,core,essential,71,66,approved_with_guardrails,tier_recalibrated;causal_axis_added;integration_contract_added,
BF-CYB-M800-0288,M800-0288,Ataque al incentivo,ATACAR,ATACAR,adversarial_threat,adversarial_threat,cybersecurity,cybersecurity,sandbox_required,sandbox_required,core,essential,71,64,approved_with_guardrails,tier_recalibrated;causal_axis_added;integration_contract_added,
BF-CYB-L600-1504,L600-1504,Lente ATT&CK,ATACAR,CARTOGRAFIAR,adversarial_threat,adversarial_threat,cybersecurity,cybersecurity,sandbox_required,sandbox_required,core,essential,61,64,approved_with_guardrails,stage_reclassified;tier_recalibrated;causal_axis_added;integration_contract_added,
BF-CYB-L600-1511,L600-1511,Lente de firma de commits,CARTOGRAFIAR,CARTOGRAFIAR,supply_chain_build,supply_chain_build,hybrid,cybersecurity,conceptual_only,defensive_design,core,core,71,61,approved_auto,domain_reclassified;execution_hardened;causal_axis_added;integration_contract_added,
BF-CYB-L600-1509,L600-1509,Lente de reproducibilidad de compilación,CARTOGRAFIAR,CARTOGRAFIAR,supply_chain_build,supply_chain_build,hybrid,cybersecurity,conceptual_only,conceptual_only,core,core,71,59,manual_review_recommended,domain_reclassified;causal_axis_added;integration_contract_added,
BF-CYB-L600-1156,L600-1156,Lente de dramaturgia social,CARTOGRAFIAR,CARTOGRAFIAR,trust_identity_access,human_factors,cybersecurity,cybersecurity,conceptual_only,defensive_design,extended,core,61,57,approved_auto,category_reclassified;execution_hardened;tier_recalibrated;causal_axis_added;integration_contract_added,
BF-CYB-L600-1346,L600-1346,Lente de justicia climática,CARTOGRAFIAR,CARTOGRAFIAR,agents_ai_devtools,human_legal_ethics,cybersecurity,cybersecurity,conceptual_only,conceptual_only,extended,core,61,56,approved_auto,category_reclassified;tier_recalibrated;causal_axis_added;integration_contract_added,
BF-CYB-M800-0311,M800-0311,Tolerancia al error humano,DIVERGIR,DIVERGIR,failure_resilience,human_factors,hybrid,cybersecurity,defensive_design,defensive_design,core,core,65,53,approved_auto,category_reclassified;domain_reclassified;causal_axis_added;integration_contract_added,
BF-CYB-M800-0800,M800-0800,Ruleta de prohibiciones,DIVERGIR,ROMPER,agents_ai_devtools,novelty_diversity,hybrid,cybersecurity,defensive_design,defensive_design,extended,core,63,53,approved_auto,stage_reclassified;category_reclassified;domain_reclassified;tier_recalibrated;causal_axis_added;integration_contract_added,
BF-CYB-S800-0623,S800-0623,Organización de misiones,DIVERGIR,DIVERGIR,human_factors,human_factors,hybrid,cybersecurity,defensive_design,defensive_design,extended,core,61,51,approved_auto,domain_reclassified;tier_recalibrated;causal_axis_added;integration_contract_added,
BF-CYB-M800-0786,M800-0786,Tecnología aleatoria,DIVERGIR,DIVERGIR,agents_ai_devtools,novelty_diversity,hybrid,cybersecurity,defensive_design,defensive_design,extended,core,63,50,approved_auto,category_reclassified;domain_reclassified;tier_recalibrated;causal_axis_added;integration_contract_added,
BF-CYB-S800-0856,S800-0856,Mutación de alcance,MATERIALIZAR,DELIMITAR,evidence_verification,novelty_diversity,developer_tools,cybersecurity,local_analysis,defensive_design,core,core,80,48,approved_auto,stage_reclassified;category_reclassified;domain_reclassified;execution_hardened;causal_axis_added;integration_contract_added,
BF-CYB-S800-0857,S800-0857,Mutación de persistencia,MATERIALIZAR,EVOLUCIONAR,evidence_verification,novelty_diversity,developer_tools,cybersecurity,local_analysis,defensive_design,core,core,80,48,approved_auto,stage_reclassified;category_reclassified;domain_reclassified;execution_hardened;causal_axis_added;integration_contract_added,
BF-CYB-S800-0859,S800-0859,Mutación de observador,MATERIALIZAR,EVOLUCIONAR,evidence_verification,novelty_diversity,developer_tools,cybersecurity,local_analysis,defensive_design,core,core,80,48,approved_auto,stage_reclassified;category_reclassified;domain_reclassified;execution_hardened;causal_axis_added;integration_contract_added,
BF-CYB-M800-0561,M800-0561,Zero Trust,DIVERGIR,EVALUAR,trust_identity_access,trust_identity_access,cybersecurity,cybersecurity,defensive_design,defensive_design,core,core,81,64,approved_auto,stage_reclassified;causal_axis_added;integration_contract_added,
BF-CYB-L600-1525,L600-1525,Lente de seudonimización,CARTOGRAFIAR,CARTOGRAFIAR,data_privacy_provenance,data_privacy_provenance,cybersecurity,cybersecurity,conceptual_only,defensive_design,core,core,61,63,approved_auto,execution_hardened;causal_axis_added;integration_contract_added,
BF-CYB-L600-1524,L600-1524,Lente de tokenización,CARTOGRAFIAR,CARTOGRAFIAR,data_privacy_provenance,data_privacy_provenance,cybersecurity,cybersecurity,conceptual_only,conceptual_only,core,core,61,62,approved_auto,causal_axis_added;integration_contract_added,
BF-CYB-L600-1531,L600-1531,Lente de limitación de propósito,CARTOGRAFIAR,CARTOGRAFIAR,general_innovation,data_privacy_provenance,hybrid,cybersecurity,conceptual_only,conceptual_only,core,core,56,62,approved_auto,category_reclassified;domain_reclassified;causal_axis_added;integration_contract_added,
BF-CYB-S800-0801,S800-0801,Experimento espejo,MATERIALIZAR,MATERIALIZAR,evidence_verification,experimentation_benchmarks,developer_tools,cybersecurity,local_analysis,local_analysis,core,core,78,62,approved_auto,category_reclassified;domain_reclassified;causal_axis_added;integration_contract_added,
BF-CYB-L600-1239,L600-1239,Lente rawlsiana de bienes primarios,CARTOGRAFIAR,CARTOGRAFIAR,trust_identity_access,architecture_topology,cybersecurity,cybersecurity,conceptual_only,defensive_design,extended,core,61,61,approved_auto,category_reclassified;execution_hardened;tier_recalibrated;causal_axis_added;integration_contract_added,
BF-CYB-L600-1519,L600-1519,Lente de sesión de riesgo adaptativo,ATACAR,CARTOGRAFIAR,adversarial_threat,decision_risk,cybersecurity,cybersecurity,conceptual_only,defensive_design,core,core,61,61,approved_auto,stage_reclassified;category_reclassified;execution_hardened;causal_axis_added;integration_contract_added,
BF-CYB-L600-1545,L600-1545,Lente de aislamiento por proceso,DESCOMPONER,CARTOGRAFIAR,trust_identity_access,failure_resilience,cybersecurity,cybersecurity,conceptual_only,defensive_design,core,core,70,61,approved_auto,stage_reclassified;category_reclassified;execution_hardened;causal_axis_added;integration_contract_added,
BF-CYB-M800-0574,M800-0574,Fail closed,EVALUAR,EVALUAR,evidence_verification,evidence_verification,cybersecurity,cybersecurity,local_analysis,local_analysis,core,core,70,61,approved_auto,causal_axis_added;integration_contract_added,
BF-CYB-R1000-0420,R1000-0420,Verificación por reconstrucción,EVALUAR,EVALUAR,trust_identity_access,evidence_verification,cybersecurity,cybersecurity,local_analysis,local_analysis,core,core,78,61,approved_auto,category_reclassified;causal_axis_added;integration_contract_added,
BF-CYB-S800-0692,S800-0692,Prueba del despedido,DIVERGIR,EVALUAR,trust_identity_access,evidence_verification,hybrid,cybersecurity,defensive_design,defensive_design,extended,core,75,61,approved_auto,stage_reclassified;category_reclassified;domain_reclassified;tier_recalibrated;causal_axis_added;integration_contract_added,
BF-CYB-S800-0865,S800-0865,Oráculo por reconstrucción,MATERIALIZAR,EVALUAR,evidence_verification,evidence_verification,developer_tools,cybersecurity,local_analysis,local_analysis,core,core,82,61,approved_auto,stage_reclassified;domain_reclassified;causal_axis_added;integration_contract_added,
BF-CYB-S800-0895,S800-0895,Verificación por prueba transportable,MATERIALIZAR,EVALUAR,evidence_verification,evidence_verification,developer_tools,cybersecurity,local_analysis,local_analysis,core,core,82,61,approved_auto,stage_reclassified;domain_reclassified;causal_axis_added;integration_contract_added,
BF-CYB-S800-0806,S800-0806,Experimento de dosis,MATERIALIZAR,MATERIALIZAR,evidence_verification,experimentation_benchmarks,developer_tools,cybersecurity,local_analysis,local_analysis,core,core,83,61,approved_auto,category_reclassified;domain_reclassified;causal_axis_added;integration_contract_added,
BF-CYB-S800-0808,S800-0808,Experimento de reintroducción,MATERIALIZAR,MATERIALIZAR,evidence_verification,experimentation_benchmarks,developer_tools,developer_tools,local_analysis,local_analysis,core,core,83,61,approved_auto,category_reclassified;causal_axis_added;integration_contract_added,
BF-CYB-S800-0384,S800-0384,Historia adversarial,ATACAR,ATACAR,adversarial_threat,adversarial_threat,cybersecurity,cybersecurity,defensive_design,defensive_design,extended,core,70,60,approved_auto,tier_recalibrated;causal_axis_added;integration_contract_added,
BF-CYB-S800-0393,S800-0393,Futuro adversarial,ATACAR,ATACAR,adversarial_threat,adversarial_threat,cybersecurity,cybersecurity,defensive_design,defensive_design,extended,core,70,60,approved_auto,tier_recalibrated;causal_axis_added;integration_contract_added,
BF-CYB-S800-0400,S800-0400,Cronología adversarial,ATACAR,ATACAR,adversarial_threat,adversarial_threat,cybersecurity,cybersecurity,defensive_design,defensive_design,extended,core,70,60,approved_auto,tier_recalibrated;causal_axis_added;integration_contract_added,
BF-CYB-L600-1384,L600-1384,Lente de innovación modular,CARTOGRAFIAR,CARTOGRAFIAR,agents_ai_devtools,architecture_topology,hybrid,cybersecurity,conceptual_only,conceptual_only,extended,core,56,60,approved_auto,category_reclassified;domain_reclassified;tier_recalibrated;causal_axis_added;integration_contract_added,
BF-CYB-L600-1501,L600-1501,Lente de modelado de amenazas,ATACAR,CARTOGRAFIAR,adversarial_threat,adversarial_threat,cybersecurity,cybersecurity,conceptual_only,defensive_design,core,core,61,60,approved_auto,stage_reclassified;execution_hardened;causal_axis_added;integration_contract_added,
BF-CYB-L600-1518,L600-1518,Lente de acceso justo suficiente,CARTOGRAFIAR,CARTOGRAFIAR,trust_identity_access,trust_identity_access,cybersecurity,cybersecurity,conceptual_only,defensive_design,core,core,61,60,approved_auto,execution_hardened;causal_axis_added;integration_contract_added,
BF-CYB-L600-1538,L600-1538,Lente de reidentificación,CARTOGRAFIAR,CARTOGRAFIAR,data_privacy_provenance,data_privacy_provenance,cybersecurity,cybersecurity,conceptual_only,conceptual_only,core,core,61,60,approved_auto,causal_axis_added;integration_contract_added,
BF-CYB-M800-0545,M800-0545,Verificación cruzada,EVALUAR,EVALUAR,evidence_verification,agents_ai_devtools,developer_tools,developer_tools,local_analysis,local_analysis,core,core,72,60,approved_auto,category_reclassified;causal_axis_added;integration_contract_added,
BF-CYB-M800-0554,M800-0554,Agente constitucional,DIVERGIR,EVALUAR,agents_ai_devtools,agents_ai_devtools,developer_tools,developer_tools,defensive_design,local_analysis,core,core,71,60,approved_auto,stage_reclassified;execution_hardened;causal_axis_added;integration_contract_added,
BF-CYB-S800-0821,S800-0821,Prueba de propiedad ausente,MATERIALIZAR,EVALUAR,evidence_verification,evidence_verification,developer_tools,cybersecurity,local_analysis,local_analysis,core,core,78,60,approved_auto,stage_reclassified;domain_reclassified;causal_axis_added;integration_contract_added,
BF-CYB-S800-0829,S800-0829,Prueba de monotonicidad,MATERIALIZAR,EVALUAR,evidence_verification,evidence_verification,developer_tools,cybersecurity,local_analysis,local_analysis,core,core,82,60,approved_auto,stage_reclassified;domain_reclassified;causal_axis_added;integration_contract_added,
BF-CYB-S800-0831,S800-0831,Prueba de discontinuidad,MATERIALIZAR,EVALUAR,evidence_verification,evidence_verification,developer_tools,cybersecurity,local_analysis,local_analysis,core,core,78,60,approved_auto,stage_reclassified;domain_reclassified;causal_axis_added;integration_contract_added,
BF-CYB-S800-0832,S800-0832,Prueba de simetría rota,MATERIALIZAR,EVALUAR,evidence_verification,evidence_verification,developer_tools,cybersecurity,local_analysis,local_analysis,core,core,78,60,approved_auto,stage_reclassified;domain_reclassified;causal_axis_added;integration_contract_added,
BF-CYB-S800-0900,S800-0900,Verificación de límites,MATERIALIZAR,EVALUAR,evidence_verification,evidence_verification,developer_tools,cybersecurity,local_analysis,local_analysis,core,core,78,60,approved_auto,stage_reclassified;domain_reclassified;causal_axis_added;integration_contract_added,
BF-CYB-S800-0420,S800-0420,Gobernanza por testigos,CARTOGRAFIAR,EVALUAR,governance_incentives,governance_incentives,hybrid,developer_tools,defensive_design,local_analysis,extended,core,61,59,approved_auto,stage_reclassified;domain_reclassified;execution_hardened;tier_recalibrated;causal_axis_added;integration_contract_added,
BF-CYB-S800-0447,S800-0447,Consenso por prueba negativa,DIVERGIR,EVALUAR,experimentation_benchmarks,governance_incentives,developer_tools,cybersecurity,defensive_design,defensive_design,extended,core,70,59,approved_auto,stage_reclassified;category_reclassified;domain_reclassified;tier_recalibrated;causal_axis_added;integration_contract_added,
BF-CYB-S800-0871,S800-0871,Benchmark sin ejemplos canónicos,MATERIALIZAR,EVALUAR,evidence_verification,experimentation_benchmarks,developer_tools,cybersecurity,local_analysis,local_analysis,core,core,82,59,approved_auto,stage_reclassified;category_reclassified;domain_reclassified;causal_axis_added;integration_contract_added,
BF-CYB-S800-0875,S800-0875,Benchmark de abstención,MATERIALIZAR,EVALUAR,evidence_verification,experimentation_benchmarks,developer_tools,cybersecurity,local_analysis,local_analysis,core,core,82,59,approved_auto,stage_reclassified;category_reclassified;domain_reclassified;causal_axis_added;integration_contract_added,
BF-CYB-S800-0876,S800-0876,Benchmark de mantenimiento,MATERIALIZAR,EVALUAR,evidence_verification,experimentation_benchmarks,developer_tools,cybersecurity,local_analysis,local_analysis,core,core,82,59,approved_auto,stage_reclassified;category_reclassified;domain_reclassified;causal_axis_added;integration_contract_added,
BF-CYB-S800-0877,S800-0877,Benchmark de relevo,MATERIALIZAR,EVALUAR,evidence_verification,experimentation_benchmarks,developer_tools,cybersecurity,local_analysis,local_analysis,core,core,82,59,approved_auto,stage_reclassified;category_reclassified;domain_reclassified;causal_axis_added;integration_contract_added,
BF-CYB-S800-0879,S800-0879,Benchmark de diversidad,MATERIALIZAR,EVALUAR,evidence_verification,experimentation_benchmarks,developer_tools,cybersecurity,local_analysis,local_analysis,core,core,84,59,approved_auto,stage_reclassified;category_reclassified;domain_reclassified;causal_axis_added;integration_contract_added,
BF-CYB-S800-0880,S800-0880,Auditoría por reconstrucción fría,MATERIALIZAR,EVALUAR,evidence_verification,evidence_verification,developer_tools,cybersecurity,local_analysis,local_analysis,core,core,82,59,approved_auto,stage_reclassified;domain_reclassified;causal_axis_added;integration_contract_added,
BF-CYB-S800-0814,S800-0814,Experimento de recomposición,MATERIALIZAR,MATERIALIZAR,evidence_verification,experimentation_benchmarks,developer_tools,cybersecurity,local_analysis,local_analysis,core,core,78,59,approved_auto,category_reclassified;domain_reclassified;causal_axis_added;integration_contract_added,
BF-CYB-R1000-0511,R1000-0511,Probabilidad adversarial,ATACAR,ATACAR,adversarial_threat,adversarial_threat,cybersecurity,cybersecurity,defensive_design,defensive_design,extended,core,66,58,approved_auto,tier_recalibrated;causal_axis_added;integration_contract_added,
BF-CYB-L600-1176,L600-1176,Lente de cierre de red,CARTOGRAFIAR,CARTOGRAFIAR,trust_identity_access,architecture_topology,cybersecurity,cybersecurity,conceptual_only,conceptual_only,extended,core,61,58,approved_auto,category_reclassified;tier_recalibrated;causal_axis_added;integration_contract_added,
BF-CYB-L600-1516,L600-1516,Lente de autorización contextual,CARTOGRAFIAR,CARTOGRAFIAR,trust_identity_access,trust_identity_access,cybersecurity,cybersecurity,conceptual_only,defensive_design,core,core,71,58,approved_auto,execution_hardened;causal_axis_added;integration_contract_added,
BF-CYB-L600-1517,L600-1517,Lente de acceso justo a tiempo,CARTOGRAFIAR,CARTOGRAFIAR,trust_identity_access,trust_identity_access,cybersecurity,cybersecurity,conceptual_only,defensive_design,core,core,66,58,approved_auto,execution_hardened;causal_axis_added;integration_contract_added,
BF-CYB-L600-1526,L600-1526,Lente de anonimización diferencial,CARTOGRAFIAR,CARTOGRAFIAR,data_privacy_provenance,data_privacy_provenance,cybersecurity,cybersecurity,conceptual_only,conceptual_only,core,core,65,58,approved_auto,causal_axis_added;integration_contract_added,
BF-CYB-M800-0575,M800-0575,Fail safe,DIVERGIR,DIVERGIR,trust_identity_access,trust_identity_access,cybersecurity,cybersecurity,defensive_design,defensive_design,core,core,71,58,approved_auto,causal_axis_added;integration_contract_added,
BF-CYB-R1000-0380,R1000-0380,Identidad verificable sin revelar,ROMPER,EVALUAR,trust_identity_access,trust_identity_access,hybrid,cybersecurity,defensive_design,defensive_design,extended,core,75,58,approved_auto,stage_reclassified;domain_reclassified;tier_recalibrated;causal_axis_added;integration_contract_added,
BF-CYB-R1000-0461,R1000-0461,Fallo contagioso controlado,ROMPER,EVALUAR,experimentation_benchmarks,failure_resilience,developer_tools,cybersecurity,defensive_design,local_analysis,core,core,78,58,approved_auto,stage_reclassified;category_reclassified;domain_reclassified;execution_hardened;causal_axis_added;integration_contract_added,
BF-CYB-R1000-0790,R1000-0790,Defensa por reconstrucción,ATACAR,EVALUAR,evidence_verification,evidence_verification,cybersecurity,cybersecurity,defensive_design,local_analysis,core,core,80,58,approved_auto,stage_reclassified;execution_hardened;causal_axis_added;integration_contract_added,
BF-CYB-S800-0836,S800-0836,Prueba de invariancia lingüística,MATERIALIZAR,EVALUAR,evidence_verification,evidence_verification,developer_tools,cybersecurity,local_analysis,local_analysis,core,core,78,58,approved_auto,stage_reclassified;domain_reclassified;causal_axis_added;integration_contract_added,
BF-CYB-S800-0838,S800-0838,Prueba de invariancia de identidad,MATERIALIZAR,EVALUAR,trust_identity_access,trust_identity_access,hybrid,cybersecurity,local_analysis,defensive_design,core,core,88,58,approved_auto,stage_reclassified;domain_reclassified;execution_hardened;causal_axis_added;integration_contract_added,
BF-CYB-S800-0881,S800-0881,Auditoría por artefactos mínimos,MATERIALIZAR,EVALUAR,supply_chain_build,evidence_verification,developer_tools,developer_tools,local_analysis,local_analysis,core,core,83,58,approved_auto,stage_reclassified;category_reclassified;causal_axis_added;integration_contract_added,
BF-CYB-R1000-0970,R1000-0970,Experimento de frontera,MATERIALIZAR,MATERIALIZAR,experimentation_benchmarks,experimentation_benchmarks,developer_tools,cybersecurity,local_analysis,local_analysis,core,core,74,58,approved_auto,domain_reclassified;causal_axis_added;integration_contract_added,
BF-CYB-S800-0802,S800-0802,Experimento gemelo desigual,MATERIALIZAR,MATERIALIZAR,evidence_verification,experimentation_benchmarks,developer_tools,cybersecurity,local_analysis,local_analysis,core,core,78,58,approved_auto,category_reclassified;domain_reclassified;causal_axis_added;integration_contract_added,
BF-CYB-S800-0804,S800-0804,Experimento con hipótesis enemigas,MATERIALIZAR,MATERIALIZAR,evidence_verification,experimentation_benchmarks,developer_tools,cybersecurity,local_analysis,local_analysis,core,core,78,58,approved_auto,category_reclassified;domain_reclassified;causal_axis_added;integration_contract_added,
BF-CYB-S800-0811,S800-0811,Experimento de habituación,MATERIALIZAR,MATERIALIZAR,evidence_verification,experimentation_benchmarks,developer_tools,cybersecurity,local_analysis,local_analysis,core,core,78,58,approved_auto,category_reclassified;domain_reclassified;causal_axis_added;integration_contract_added,
BF-CYB-S800-0818,S800-0818,Experimento de observador hostil,MATERIALIZAR,MATERIALIZAR,evidence_verification,experimentation_benchmarks,developer_tools,cybersecurity,local_analysis,local_analysis,core,core,78,58,approved_auto,category_reclassified;domain_reclassified;causal_axis_added;integration_contract_added,
BF-CYB-M800-0544,M800-0544,Enrutamiento de modelos,DIVERGIR,CARTOGRAFIAR,agents_ai_devtools,agents_ai_devtools,developer_tools,developer_tools,defensive_design,defensive_design,core,core,71,57,approved_auto,stage_reclassified;causal_axis_added;integration_contract_added,
BF-CYB-M800-0552,M800-0552,Agente con presupuesto,ROMPER,DELIMITAR,trust_identity_access,agents_ai_devtools,hybrid,developer_tools,defensive_design,defensive_design,core,core,78,57,approved_auto,stage_reclassified;category_reclassified;domain_reclassified;causal_axis_added;integration_contract_added,
BF-CYB-M800-0553,M800-0553,Agente reversible,DIVERGIR,DIVERGIR,agents_ai_devtools,agents_ai_devtools,developer_tools,developer_tools,defensive_design,defensive_design,core,core,71,57,approved_auto,causal_axis_added;integration_contract_added,
BF-CYB-R1000-0783,R1000-0783,Defensa por prueba independiente,ATACAR,EVALUAR,experimentation_benchmarks,evidence_verification,hybrid,cybersecurity,defensive_design,local_analysis,core,core,85,57,approved_auto,stage_reclassified;category_reclassified;domain_reclassified;execution_hardened;causal_axis_added;integration_contract_added,
BF-CYB-S800-0432,S800-0432,Veto justificable,DIVERGIR,EVALUAR,experimentation_benchmarks,governance_incentives,developer_tools,cybersecurity,defensive_design,local_analysis,extended,core,70,57,approved_auto,stage_reclassified;category_reclassified;domain_reclassified;execution_hardened;tier_recalibrated;causal_axis_added;integration_contract_added,
BF-CYB-R1000-0953,R1000-0953,Prototipo extremo,MATERIALIZAR,MATERIALIZAR,experimentation_benchmarks,experimentation_benchmarks,developer_tools,cybersecurity,local_analysis,local_analysis,core,core,74,57,approved_auto,domain_reclassified;causal_axis_added;integration_contract_added,
BF-CYB-R1000-0974,R1000-0974,Experimento participativo,MATERIALIZAR,MATERIALIZAR,experimentation_benchmarks,experimentation_benchmarks,developer_tools,cybersecurity,local_analysis,local_analysis,core,core,74,57,approved_auto,domain_reclassified;causal_axis_added;integration_contract_added,
BF-CYB-R1000-0363,R1000-0363,Interfaz adversarial,ATACAR,ATACAR,adversarial_threat,adversarial_threat,cybersecurity,cybersecurity,defensive_design,defensive_design,extended,core,66,56,approved_auto,tier_recalibrated;causal_axis_added;integration_contract_added,
BF-CYB-S800-0764,S800-0764,Razonamiento por expansión adversarial,ATACAR,ATACAR,adversarial_threat,adversarial_threat,hybrid,cybersecurity,defensive_design,defensive_design,extended,core,71,56,approved_auto,domain_reclassified;tier_recalibrated;causal_axis_added;integration_contract_added,
BF-CYB-L600-1374,L600-1374,Lente de marco lógico,EVALUAR,CARTOGRAFIAR,evidence_verification,decision_risk,hybrid,cybersecurity,local_analysis,conceptual_only,extended,core,60,56,approved_auto,stage_reclassified;category_reclassified;domain_reclassified;execution_hardened;tier_recalibrated;causal_axis_added;integration_contract_added,
BF-CYB-L600-1502,L600-1502,Lente STRIDE,CARTOGRAFIAR,CARTOGRAFIAR,trust_identity_access,trust_identity_access,cybersecurity,cybersecurity,conceptual_only,conceptual_only,core,core,61,56,approved_auto,causal_axis_added;integration_contract_added,
BF-CYB-L600-1552,L600-1552,Lente de aversión absoluta al riesgo,CARTOGRAFIAR,CARTOGRAFIAR,decision_risk,decision_risk,developer_tools,cybersecurity,conceptual_only,conceptual_only,extended,core,61,56,approved_auto,domain_reclassified;tier_recalibrated;causal_axis_added;integration_contract_added,
BF-CYB-M800-0571,M800-0571,Autorización contextual,DIVERGIR,DELIMITAR,trust_identity_access,trust_identity_access,cybersecurity,cybersecurity,defensive_design,defensive_design,core,core,71,56,approved_auto,stage_reclassified;causal_axis_added;integration_contract_added,
BF-CYB-R1000-0408,R1000-0408,Confianza simétrica,EVALUAR,EVALUAR,trust_identity_access,trust_identity_access,hybrid,cybersecurity,local_analysis,local_analysis,core,core,79,56,approved_auto,domain_reclassified;causal_axis_added;integration_contract_added,
BF-CYB-R1000-0409,R1000-0409,Confianza asimétrica,EVALUAR,EVALUAR,trust_identity_access,trust_identity_access,hybrid,cybersecurity,local_analysis,local_analysis,core,core,79,56,approved_auto,domain_reclassified;causal_axis_added;integration_contract_added,
BF-CYB-R1000-0833,R1000-0833,Métrica de confianza,EVALUAR,EVALUAR,trust_identity_access,trust_identity_access,cybersecurity,cybersecurity,local_analysis,local_analysis,extended,core,70,56,approved_auto,tier_recalibrated;causal_axis_added;integration_contract_added,
BF-CYB-S800-0883,S800-0883,Auditoría por muestreo hostil,MATERIALIZAR,EVALUAR,evidence_verification,evidence_verification,developer_tools,cybersecurity,local_analysis,local_analysis,core,core,78,56,approved_auto,stage_reclassified;domain_reclassified;causal_axis_added;integration_contract_added,
BF-CYB-S800-0893,S800-0893,Verificación por réplica hostil,MATERIALIZAR,EVALUAR,evidence_verification,evidence_verification,developer_tools,cybersecurity,local_analysis,local_analysis,core,core,78,56,approved_auto,stage_reclassified;domain_reclassified;causal_axis_added;integration_contract_added,
BF-CYB-R1000-0952,R1000-0952,Prototipo reversible,MATERIALIZAR,MATERIALIZAR,experimentation_benchmarks,experimentation_benchmarks,hybrid,cybersecurity,local_analysis,local_analysis,core,core,65,56,approved_auto,domain_reclassified;causal_axis_added;integration_contract_added,
BF-CYB-M800-0204,M800-0204,"Más seguridad, menos complejidad",ROMPER,ROMPER,decision_risk,decision_risk,cybersecurity,cybersecurity,defensive_design,defensive_design,extended,core,68,56,approved_auto,tier_recalibrated;causal_axis_added;integration_contract_added,
BF-CYB-L600-1397,L600-1397,Lente de ecología organizacional,EVOLUCIONAR,CARTOGRAFIAR,agents_ai_devtools,cross_domain_transfer,hybrid,cybersecurity,conceptual_only,conceptual_only,extended,core,56,55,approved_auto,stage_reclassified;category_reclassified;domain_reclassified;tier_recalibrated;causal_axis_added;integration_contract_added,
BF-CYB-L600-1513,L600-1513,Lente de aprobación fuera de banda,CARTOGRAFIAR,CARTOGRAFIAR,general_innovation,governance_incentives,hybrid,cybersecurity,conceptual_only,conceptual_only,core,core,56,55,approved_auto,category_reclassified;domain_reclassified;causal_axis_added;integration_contract_added,
BF-CYB-L600-1666,L600-1666,Lente de tecnología litúrgica,CARTOGRAFIAR,CARTOGRAFIAR,agents_ai_devtools,agents_ai_devtools,hybrid,cybersecurity,conceptual_only,conceptual_only,extended,core,56,55,approved_auto,domain_reclassified;tier_recalibrated;causal_axis_added;integration_contract_added,
BF-CYB-M800-0549,M800-0549,Generación con restricciones,DIVERGIR,DELIMITAR,agents_ai_devtools,agents_ai_devtools,developer_tools,developer_tools,defensive_design,defensive_design,core,core,66,55,approved_auto,stage_reclassified;causal_axis_added;integration_contract_added,
BF-CYB-M800-0174,M800-0174,Arquitectura aplicada a procesos,DIVERGIR,DIVERGIR,failure_resilience,architecture_topology,hybrid,cybersecurity,defensive_design,defensive_design,extended,core,67,55,approved_auto,category_reclassified;domain_reclassified;tier_recalibrated;causal_axis_added;integration_contract_added,
BF-CYB-M800-0541,M800-0541,"Copiloto, no piloto",DIVERGIR,DIVERGIR,agents_ai_devtools,agents_ai_devtools,developer_tools,developer_tools,defensive_design,defensive_design,core,core,66,55,approved_auto,causal_axis_added;integration_contract_added,
BF-CYB-M800-0564,M800-0564,Privilegio temporal,DIVERGIR,DIVERGIR,trust_identity_access,trust_identity_access,cybersecurity,cybersecurity,defensive_design,defensive_design,core,core,76,55,approved_auto,causal_axis_added;integration_contract_added,
BF-CYB-M800-0030,M800-0030,Supuesto de identidad,ROMPER,ROMPER,trust_identity_access,trust_identity_access,cybersecurity,cybersecurity,defensive_design,defensive_design,extended,core,70,55,approved_auto,tier_recalibrated;causal_axis_added;integration_contract_added,
BF-CYB-R1000-0299,R1000-0299,Restricción de prueba negativa,ROMPER,DELIMITAR,experimentation_benchmarks,evidence_verification,developer_tools,cybersecurity,defensive_design,defensive_design,extended,core,70,54,approved_auto,stage_reclassified;category_reclassified;domain_reclassified;tier_recalibrated;causal_axis_added;integration_contract_added,
BF-CYB-M800-0173,M800-0173,Justicia aplicada a algoritmos,DIVERGIR,DESCOMPONER,evidence_verification,agents_ai_devtools,hybrid,cybersecurity,defensive_design,defensive_design,extended,core,77,54,approved_auto,stage_reclassified;category_reclassified;domain_reclassified;tier_recalibrated;causal_axis_added;integration_contract_added,
BF-CYB-M800-0303,M800-0303,Fallo seguro,DESCOMPONER,DESCOMPONER,failure_resilience,failure_resilience,developer_tools,cybersecurity,defensive_design,defensive_design,core,core,74,54,approved_auto,domain_reclassified;causal_axis_added;integration_contract_added,
BF-CYB-L600-1199,L600-1199,Lente de doble conciencia,CARTOGRAFIAR,CARTOGRAFIAR,trust_identity_access,trust_identity_access,cybersecurity,cybersecurity,conceptual_only,defensive_design,extended,core,61,53,approved_auto,execution_hardened;tier_recalibrated;causal_axis_added;integration_contract_added,
BF-CYB-L600-1676,L600-1676,Lente de copia divergente,CARTOGRAFIAR,CARTOGRAFIAR,trust_identity_access,trust_identity_access,hybrid,cybersecurity,conceptual_only,defensive_design,extended,core,66,53,approved_auto,domain_reclassified;execution_hardened;tier_recalibrated;causal_axis_added;integration_contract_added,
BF-CYB-M800-0171,M800-0171,Bibliotecas aplicadas a datos,DIVERGIR,DIVERGIR,data_privacy_provenance,data_privacy_provenance,hybrid,cybersecurity,defensive_design,defensive_design,extended,core,63,53,approved_auto,domain_reclassified;tier_recalibrated;causal_axis_added;integration_contract_added,
BF-CYB-M800-0345,M800-0345,Arquitectura fractal,DIVERGIR,DIVERGIR,architecture_topology,architecture_topology,hybrid,cybersecurity,defensive_design,defensive_design,extended,core,61,53,approved_auto,domain_reclassified;tier_recalibrated;causal_axis_added;integration_contract_added,
BF-CYB-M800-0551,M800-0551,IA federada,DIVERGIR,DIVERGIR,data_privacy_provenance,agents_ai_devtools,developer_tools,developer_tools,defensive_design,defensive_design,core,core,66,53,approved_auto,category_reclassified;causal_axis_added;integration_contract_added,
BF-CYB-S800-0292,S800-0292,Arquitectura de percolación,DIVERGIR,DIVERGIR,failure_resilience,architecture_topology,hybrid,cybersecurity,defensive_design,defensive_design,extended,core,65,53,approved_auto,category_reclassified;domain_reclassified;tier_recalibrated;causal_axis_added;integration_contract_added,
BF-CYB-M800-0004,M800-0004,Invertir la propiedad,ROMPER,ROMPER,trust_identity_access,trust_identity_access,hybrid,cybersecurity,defensive_design,defensive_design,extended,core,73,53,approved_auto,domain_reclassified;tier_recalibrated;causal_axis_added;integration_contract_added,
BF-CYB-M800-0040,M800-0040,Auditoría de axiomas,EVALUAR,ROMPER,evidence_verification,evidence_verification,hybrid,cybersecurity,local_analysis,defensive_design,extended,core,65,53,approved_auto,stage_reclassified;domain_reclassified;execution_hardened;tier_recalibrated;causal_axis_added;integration_contract_added,
BF-CYB-L600-1141,L600-1141,Lente de mantenibilidad,CARTOGRAFIAR,CARTOGRAFIAR,failure_resilience,failure_resilience,hybrid,cybersecurity,conceptual_only,conceptual_only,extended,core,60,52,approved_auto,domain_reclassified;tier_recalibrated;causal_axis_added;integration_contract_added,
BF-CYB-M800-0682,M800-0682,Cambiar la unidad de valor,DIVERGIR,DELIMITAR,trust_identity_access,decision_risk,cybersecurity,cybersecurity,defensive_design,defensive_design,extended,core,66,52,approved_auto,stage_reclassified;category_reclassified;tier_recalibrated;causal_axis_added;integration_contract_added,
BF-CYB-M800-0034,M800-0034,Supuesto de permanencia,ROMPER,ROMPER,data_privacy_provenance,trust_identity_access,cybersecurity,cybersecurity,defensive_design,defensive_design,extended,core,70,52,approved_auto,category_reclassified;tier_recalibrated;causal_axis_added;integration_contract_added,
BF-CYB-R1000-0220,R1000-0220,Topología gravitatoria,ROMPER,ROMPER,agents_ai_devtools,architecture_topology,hybrid,cybersecurity,defensive_design,defensive_design,extended,core,61,52,approved_auto,category_reclassified;domain_reclassified;tier_recalibrated;causal_axis_added;integration_contract_added,
BF-CYB-R1000-0221,R1000-0221,Topología antigravitatoria,ROMPER,ROMPER,agents_ai_devtools,architecture_topology,hybrid,cybersecurity,defensive_design,defensive_design,extended,core,61,52,approved_auto,category_reclassified;domain_reclassified;tier_recalibrated;causal_axis_added;integration_contract_added,
BF-CYB-L600-1696,L600-1696,Lente de cyberpunk inverso,CARTOGRAFIAR,CARTOGRAFIAR,trust_identity_access,trust_identity_access,cybersecurity,cybersecurity,conceptual_only,defensive_design,extended,core,61,51,approved_auto,execution_hardened;tier_recalibrated;causal_axis_added;integration_contract_added,
BF-CYB-M800-0059,M800-0059,Solo decisiones reversibles,DIVERGIR,DELIMITAR,decision_risk,decision_risk,hybrid,cybersecurity,defensive_design,defensive_design,extended,core,61,51,approved_auto,stage_reclassified;domain_reclassified;tier_recalibrated;causal_axis_added;integration_contract_added,
BF-CYB-M800-0392,M800-0392,Reputación específica,DIVERGIR,DESCOMPONER,trust_identity_access,governance_incentives,cybersecurity,cybersecurity,defensive_design,defensive_design,extended,core,71,51,approved_auto,stage_reclassified;category_reclassified;tier_recalibrated;causal_axis_added;integration_contract_added,
BF-CYB-R1000-0367,R1000-0367,Interfaz social,DESCOMPONER,DESCOMPONER,trust_identity_access,architecture_topology,cybersecurity,cybersecurity,defensive_design,defensive_design,extended,core,66,51,approved_auto,category_reclassified;tier_recalibrated;causal_axis_added;integration_contract_added,
BF-CYB-M800-0547,M800-0547,Memoria limitada,DIVERGIR,DIVERGIR,agents_ai_devtools,agents_ai_devtools,developer_tools,developer_tools,defensive_design,defensive_design,core,core,71,51,approved_auto,causal_axis_added;integration_contract_added,
BF-CYB-M800-0599,M800-0599,Escenario de anonimato,DIVERGIR,DIVERGIR,data_privacy_provenance,decision_risk,cybersecurity,cybersecurity,defensive_design,defensive_design,extended,core,71,51,approved_auto,category_reclassified;tier_recalibrated;causal_axis_added;integration_contract_added,
BF-CYB-S800-0213,S800-0213,Interfaces degeneradas,DIVERGIR,DIVERGIR,failure_resilience,architecture_topology,hybrid,cybersecurity,defensive_design,defensive_design,extended,core,65,51,approved_auto,category_reclassified;domain_reclassified;tier_recalibrated;causal_axis_added;integration_contract_added,
BF-CYB-S800-0354,S800-0354,Reloj de consenso,DIVERGIR,DIVERGIR,agents_ai_devtools,causal_state_transitions,hybrid,cybersecurity,defensive_design,defensive_design,extended,core,65,51,approved_auto,category_reclassified;domain_reclassified;tier_recalibrated;causal_axis_added;integration_contract_added,
BF-CYB-S800-0355,S800-0355,Reloj de permiso,DIVERGIR,DIVERGIR,trust_identity_access,causal_state_transitions,cybersecurity,cybersecurity,defensive_design,defensive_design,extended,core,70,51,approved_auto,category_reclassified;tier_recalibrated;causal_axis_added;integration_contract_added,
BF-CYB-S800-0385,S800-0385,Historia sin identidad,DIVERGIR,DIVERGIR,trust_identity_access,causal_state_transitions,cybersecurity,cybersecurity,defensive_design,defensive_design,extended,core,70,51,approved_auto,category_reclassified;tier_recalibrated;causal_axis_added;integration_contract_added,
BF-CYB-S800-0448,S800-0448,Consenso por lotería ponderada,DIVERGIR,DIVERGIR,evidence_verification,governance_incentives,hybrid,cybersecurity,defensive_design,defensive_design,extended,core,65,51,approved_auto,category_reclassified;domain_reclassified;tier_recalibrated;causal_axis_added;integration_contract_added,
BF-CYB-S800-1000,S800-1000,Trasplante de restauración,DIVERGIR,DIVERGIR,trust_identity_access,cross_domain_transfer,cybersecurity,cybersecurity,defensive_design,defensive_design,extended,core,68,51,approved_auto,category_reclassified;tier_recalibrated;causal_axis_added;integration_contract_added,
BF-CYB-R1000-0208,R1000-0208,Esclusas progresivas,ROMPER,ROMPER,trust_identity_access,architecture_topology,cybersecurity,cybersecurity,defensive_design,defensive_design,extended,core,66,51,approved_auto,category_reclassified;tier_recalibrated;causal_axis_added;integration_contract_added,
BF-CYB-M800-0312,M800-0312,Tolerancia al dato corrupto,DIVERGIR,ATACAR,failure_resilience,failure_resilience,hybrid,cybersecurity,defensive_design,defensive_design,core,core,65,50,approved_auto,stage_reclassified;domain_reclassified;causal_axis_added;integration_contract_added,
BF-CYB-L600-1144,L600-1144,Lente de diagnosticabilidad,CARTOGRAFIAR,CARTOGRAFIAR,failure_resilience,failure_resilience,developer_tools,cybersecurity,conceptual_only,conceptual_only,extended,core,65,50,approved_auto,domain_reclassified;tier_recalibrated;causal_axis_added;integration_contract_added,
BF-CYB-L600-1148,L600-1148,Lente de mantenimiento correctivo,CARTOGRAFIAR,CARTOGRAFIAR,failure_resilience,failure_resilience,developer_tools,cybersecurity,conceptual_only,conceptual_only,extended,core,65,50,approved_auto,domain_reclassified;tier_recalibrated;causal_axis_added;integration_contract_added,
BF-CYB-L600-1674,L600-1674,Lente de identidad por continuidad,CARTOGRAFIAR,CARTOGRAFIAR,trust_identity_access,trust_identity_access,cybersecurity,cybersecurity,conceptual_only,defensive_design,extended,core,61,50,approved_auto,execution_hardened;tier_recalibrated;causal_axis_added;integration_contract_added,
BF-CYB-M800-0306,M800-0306,Recuperación automática,DESCOMPONER,DESCOMPONER,failure_resilience,failure_resilience,developer_tools,cybersecurity,defensive_design,defensive_design,core,core,74,50,approved_auto,domain_reclassified;causal_axis_added;integration_contract_added,
BF-CYB-R1000-0883,R1000-0883,Analogía arquitectónica,DIVERGIR,DIVERGIR,trust_identity_access,cross_domain_transfer,cybersecurity,cybersecurity,defensive_design,defensive_design,extended,core,68,50,approved_auto,category_reclassified;tier_recalibrated;causal_axis_added;integration_contract_added,
BF-CYB-S800-0282,S800-0282,Arquitectura migratoria,DIVERGIR,DIVERGIR,trust_identity_access,architecture_topology,cybersecurity,cybersecurity,defensive_design,defensive_design,extended,core,66,50,approved_auto,category_reclassified;tier_recalibrated;causal_axis_added;integration_contract_added,
BF-CYB-S800-0707,S800-0707,Agente con memoria degradable,EVOLUCIONAR,EVOLUCIONAR,agents_ai_devtools,agents_ai_devtools,developer_tools,developer_tools,defensive_design,defensive_design,extended,core,75,50,approved_auto,tier_recalibrated;causal_axis_added;integration_contract_added,
BF-CYB-M800-0657,M800-0657,Resiliencia mediante fragilidad local,ROMPER,ROMPER,failure_resilience,failure_resilience,hybrid,cybersecurity,defensive_design,defensive_design,extended,core,71,50,approved_auto,domain_reclassified;tier_recalibrated;causal_axis_added;integration_contract_added,
BF-CYB-R1000-0245,R1000-0245,Datos con genealogía,ROMPER,ROMPER,data_privacy_provenance,data_privacy_provenance,hybrid,cybersecurity,defensive_design,defensive_design,extended,core,61,50,approved_auto,domain_reclassified;tier_recalibrated;causal_axis_added;integration_contract_added,
BF-CYB-M800-0123,M800-0123,Proveedor asegurador,DIVERGIR,DELIMITAR,decision_risk,decision_risk,hybrid,cybersecurity,defensive_design,defensive_design,extended,core,61,49,approved_auto,stage_reclassified;domain_reclassified;tier_recalibrated;causal_axis_added;integration_contract_added,
BF-CYB-M800-0164,M800-0164,Seguros aplicados a producto,DIVERGIR,DELIMITAR,decision_risk,decision_risk,hybrid,cybersecurity,defensive_design,defensive_design,extended,core,63,49,approved_auto,stage_reclassified;domain_reclassified;tier_recalibrated;causal_axis_added;integration_contract_added,
BF-CYB-M800-0478,M800-0478,Autonomía guiada,DIVERGIR,DELIMITAR,agents_ai_devtools,decision_risk,hybrid,cybersecurity,defensive_design,defensive_design,extended,core,61,49,approved_auto,stage_reclassified;category_reclassified;domain_reclassified;tier_recalibrated;causal_axis_added;integration_contract_added,
BF-CYB-M800-0714,M800-0714,Reputación multidimensional,DIVERGIR,DESCOMPONER,trust_identity_access,governance_incentives,cybersecurity,cybersecurity,defensive_design,defensive_design,extended,core,66,49,approved_auto,stage_reclassified;category_reclassified;tier_recalibrated;causal_axis_added;integration_contract_added,
BF-CYB-R1000-0699,R1000-0699,Memoria por consenso,DESCOMPONER,DESCOMPONER,data_privacy_provenance,agents_ai_devtools,developer_tools,cybersecurity,defensive_design,defensive_design,extended,core,71,49,approved_auto,category_reclassified;domain_reclassified;tier_recalibrated;causal_axis_added;integration_contract_added,
BF-CYB-M800-0082,M800-0082,Precompromiso,DIVERGIR,DIVERGIR,decision_risk,decision_risk,hybrid,cybersecurity,defensive_design,defensive_design,extended,core,61,49,approved_auto,domain_reclassified;tier_recalibrated;causal_axis_added;integration_contract_added,
BF-CYB-M800-0316,M800-0316,Resiliencia temporal,DIVERGIR,DIVERGIR,failure_resilience,failure_resilience,hybrid,cybersecurity,defensive_design,defensive_design,core,core,65,49,approved_auto,domain_reclassified;causal_axis_added;integration_contract_added,
BF-CYB-M800-0550,M800-0550,IA local,DIVERGIR,DIVERGIR,data_privacy_provenance,agents_ai_devtools,developer_tools,developer_tools,defensive_design,defensive_design,core,core,66,49,approved_auto,category_reclassified;causal_axis_added;integration_contract_added,
BF-CYB-R1000-0887,R1000-0887,Analogía económica,DIVERGIR,DIVERGIR,agents_ai_devtools,cross_domain_transfer,hybrid,cybersecurity,defensive_design,defensive_design,extended,core,63,49,approved_auto,category_reclassified;domain_reclassified;tier_recalibrated;causal_axis_added;integration_contract_added,
BF-CYB-R1000-0893,R1000-0893,Analogía cuántica controlada,DIVERGIR,DIVERGIR,agents_ai_devtools,cross_domain_transfer,hybrid,cybersecurity,defensive_design,defensive_design,extended,core,63,49,approved_auto,category_reclassified;domain_reclassified;tier_recalibrated;causal_axis_added;integration_contract_added,
BF-CYB-S800-0328,S800-0328,Cascada de sospecha,DIVERGIR,DIVERGIR,data_privacy_provenance,causal_state_transitions,cybersecurity,cybersecurity,defensive_design,defensive_design,extended,core,70,49,approved_auto,category_reclassified;tier_recalibrated;causal_axis_added;integration_contract_added,
BF-CYB-R1000-0041,R1000-0041,Eliminar consenso,ROMPER,ROMPER,governance_incentives,governance_incentives,hybrid,cybersecurity,defensive_design,defensive_design,extended,core,65,49,approved_auto,domain_reclassified;tier_recalibrated;causal_axis_added;integration_contract_added,
BF-CYB-R1000-0668,R1000-0668,Algoritmo de consenso parcial,ROMPER,ROMPER,agents_ai_devtools,agents_ai_devtools,developer_tools,cybersecurity,defensive_design,defensive_design,extended,core,66,49,approved_auto,domain_reclassified;tier_recalibrated;causal_axis_added;integration_contract_added,
BF-CYB-M800-0163,M800-0163,Logística aplicada a información,DIVERGIR,CARTOGRAFIAR,data_privacy_provenance,cross_domain_transfer,hybrid,cybersecurity,defensive_design,defensive_design,extended,core,63,48,approved_auto,stage_reclassified;category_reclassified;domain_reclassified;tier_recalibrated;causal_axis_added;integration_contract_added,
BF-CYB-R1000-0881,R1000-0881,Analogía teatral,DIVERGIR,DIVERGIR,agents_ai_devtools,cross_domain_transfer,hybrid,cybersecurity,defensive_design,defensive_design,extended,core,63,47,approved_auto,category_reclassified;domain_reclassified;tier_recalibrated;causal_axis_added;integration_contract_added,
BF-CYB-R1000-0884,R1000-0884,Analogía militar defensiva,DIVERGIR,DIVERGIR,agents_ai_devtools,cross_domain_transfer,hybrid,cybersecurity,defensive_design,defensive_design,extended,core,63,47,approved_auto,category_reclassified;domain_reclassified;tier_recalibrated;causal_axis_added;integration_contract_added,
BF-CYB-R1000-0890,R1000-0890,Analogía culinaria,DIVERGIR,DIVERGIR,agents_ai_devtools,cross_domain_transfer,hybrid,cybersecurity,defensive_design,defensive_design,extended,core,63,47,approved_auto,category_reclassified;domain_reclassified;tier_recalibrated;causal_axis_added;integration_contract_added,
BF-CYB-M800-0563,M800-0563,Segmentación,DIVERGIR,DELIMITAR,architecture_topology,architecture_topology,cybersecurity,cybersecurity,sandbox_required,sandbox_required,core,core,71,65,approved_with_guardrails,stage_reclassified;causal_axis_added;integration_contract_added,
BF-CYB-M800-0292,M800-0292,Ataque al tiempo,ATACAR,ATACAR,adversarial_threat,adversarial_threat,cybersecurity,cybersecurity,sandbox_required,sandbox_required,core,core,71,64,approved_with_guardrails,causal_axis_added;integration_contract_added,
BF-CYB-M800-0298,M800-0298,Ataque de abandono,ATACAR,ATACAR,adversarial_threat,adversarial_threat,cybersecurity,cybersecurity,sandbox_required,sandbox_required,core,core,71,64,approved_with_guardrails,causal_axis_added;integration_contract_added,
BF-CYB-M800-0300,M800-0300,Ataque de ambigüedad,ATACAR,ATACAR,adversarial_threat,adversarial_threat,cybersecurity,cybersecurity,sandbox_required,sandbox_required,core,core,71,64,approved_with_guardrails,causal_axis_added;integration_contract_added,
BF-CYB-M800-0290,M800-0290,Ataque al flujo,ATACAR,ATACAR,adversarial_threat,adversarial_threat,hybrid,cybersecurity,sandbox_required,sandbox_required,core,core,76,62,approved_with_guardrails,domain_reclassified;causal_axis_added;integration_contract_added,
BF-CYB-M800-0293,M800-0293,Ataque a la dependencia,ATACAR,ATACAR,adversarial_threat,adversarial_threat,hybrid,cybersecurity,sandbox_required,sandbox_required,core,core,76,62,approved_with_guardrails,domain_reclassified;causal_axis_added;integration_contract_added,
BF-CYB-M800-0294,M800-0294,Ataque reputacional,ATACAR,ATACAR,adversarial_threat,adversarial_threat,cybersecurity,cybersecurity,sandbox_required,sandbox_required,core,core,71,62,approved_with_guardrails,causal_axis_added;integration_contract_added,
BF-CYB-S800-0844,S800-0844,Fuzzing de evidencia,ATACAR,ATACAR,data_privacy_provenance,experimentation_benchmarks,hybrid,cybersecurity,sandbox_required,sandbox_required,core,core,92,62,approved_with_guardrails,category_reclassified;domain_reclassified;causal_axis_added;integration_contract_added,
BF-CYB-S800-0840,S800-0840,Fuzzing de estados,ATACAR,ATACAR,evidence_verification,experimentation_benchmarks,hybrid,cybersecurity,sandbox_required,sandbox_required,core,core,88,61,approved_with_guardrails,category_reclassified;domain_reclassified;causal_axis_added;integration_contract_added,
BF-CYB-S800-0842,S800-0842,Fuzzing de permisos,ATACAR,ATACAR,trust_identity_access,experimentation_benchmarks,hybrid,cybersecurity,sandbox_required,sandbox_required,core,core,88,61,approved_with_guardrails,category_reclassified;domain_reclassified;causal_axis_added;integration_contract_added,
BF-CYB-S800-0846,S800-0846,Fuzzing de consenso,ATACAR,ATACAR,evidence_verification,experimentation_benchmarks,hybrid,cybersecurity,sandbox_required,sandbox_required,core,core,83,61,approved_with_guardrails,category_reclassified;domain_reclassified;causal_axis_added;integration_contract_added,
BF-CYB-S800-0841,S800-0841,Fuzzing de transiciones,ATACAR,DESCOMPONER,evidence_verification,experimentation_benchmarks,hybrid,cybersecurity,sandbox_required,sandbox_required,core,core,93,61,approved_with_guardrails,stage_reclassified;category_reclassified;domain_reclassified;causal_axis_added;integration_contract_added,
BF-CYB-M800-0289,M800-0289,Ataque al dato,ATACAR,ATACAR,adversarial_threat,adversarial_threat,cybersecurity,cybersecurity,sandbox_required,sandbox_required,core,core,71,60,approved_with_guardrails,causal_axis_added;integration_contract_added,
BF-CYB-R1000-0793,R1000-0793,Ataque de dependencia,ATACAR,ATACAR,adversarial_threat,adversarial_threat,hybrid,cybersecurity,sandbox_required,sandbox_required,core,core,81,60,approved_with_guardrails,domain_reclassified;causal_axis_added;integration_contract_added,
BF-CYB-R1000-0798,R1000-0798,Ataque de observación,ATACAR,ATACAR,adversarial_threat,adversarial_threat,cybersecurity,cybersecurity,sandbox_required,sandbox_required,core,core,76,60,approved_with_guardrails,causal_axis_added;integration_contract_added,
BF-CYB-S800-0847,S800-0847,Fuzzing de recuperación,ATACAR,ATACAR,evidence_verification,experimentation_benchmarks,hybrid,cybersecurity,sandbox_required,sandbox_required,core,core,92,60,approved_with_guardrails,category_reclassified;domain_reclassified;causal_axis_added;integration_contract_added,
BF-CYB-S800-0848,S800-0848,Fuzzing de observabilidad,ATACAR,ATACAR,evidence_verification,experimentation_benchmarks,hybrid,cybersecurity,sandbox_required,sandbox_required,core,core,87,60,approved_with_guardrails,category_reclassified;domain_reclassified;causal_axis_added;integration_contract_added,
BF-CYB-R1000-0844,R1000-0844,Métrica de cobertura adversarial,ATACAR,EVALUAR,adversarial_threat,adversarial_threat,cybersecurity,cybersecurity,sandbox_required,sandbox_required,extended,core,71,60,approved_with_guardrails,stage_reclassified;tier_recalibrated;causal_axis_added;integration_contract_added,
BF-CYB-R1000-0799,R1000-0799,Ataque interno autorizado,ATACAR,ATACAR,trust_identity_access,adversarial_threat,cybersecurity,cybersecurity,sandbox_required,sandbox_required,core,core,84,59,approved_with_guardrails,category_reclassified;causal_axis_added;integration_contract_added,
BF-CYB-R1000-0800,R1000-0800,Ataque contrafactual,ATACAR,ATACAR,adversarial_threat,adversarial_threat,cybersecurity,cybersecurity,sandbox_required,sandbox_required,core,core,80,59,approved_with_guardrails,causal_axis_added;integration_contract_added,
BF-CYB-S800-0843,S800-0843,Fuzzing de políticas,ATACAR,ATACAR,evidence_verification,experimentation_benchmarks,hybrid,cybersecurity,sandbox_required,sandbox_required,core,core,83,59,approved_with_guardrails,category_reclassified;domain_reclassified;causal_axis_added;integration_contract_added,
BF-CYB-R1000-0795,R1000-0795,Ataque reputacional,ATACAR,ATACAR,trust_identity_access,adversarial_threat,cybersecurity,cybersecurity,sandbox_required,sandbox_required,core,core,81,58,approved_with_guardrails,category_reclassified;causal_axis_added;integration_contract_added,
BF-CYB-R1000-0797,R1000-0797,Ataque de agotamiento,ATACAR,ATACAR,adversarial_threat,adversarial_threat,cybersecurity,cybersecurity,sandbox_required,sandbox_required,core,core,76,58,approved_with_guardrails,causal_axis_added;integration_contract_added,
BF-CYB-S800-0350,S800-0350,Tiempo de gracia adversarial,ATACAR,ATACAR,adversarial_threat,adversarial_threat,cybersecurity,cybersecurity,sandbox_required,sandbox_required,extended,core,75,58,approved_with_guardrails,tier_recalibrated;causal_axis_added;integration_contract_added,
BF-CYB-S800-0845,S800-0845,Fuzzing de tiempo,ATACAR,ATACAR,evidence_verification,experimentation_benchmarks,hybrid,cybersecurity,sandbox_required,sandbox_required,core,core,83,58,approved_with_guardrails,category_reclassified;domain_reclassified;causal_axis_added;integration_contract_added,
BF-CYB-S800-0849,S800-0849,Fuzzing semántico profundo,ATACAR,ATACAR,evidence_verification,experimentation_benchmarks,hybrid,cybersecurity,sandbox_required,sandbox_required,core,core,83,58,approved_with_guardrails,category_reclassified;domain_reclassified;causal_axis_added;integration_contract_added,
BF-CYB-L600-1520,L600-1520,Lente de revocación inmediata,CARTOGRAFIAR,CARTOGRAFIAR,governance_incentives,trust_identity_access,hybrid,cybersecurity,conceptual_only,sandbox_required,core,core,56,57,approved_with_guardrails,category_reclassified;domain_reclassified;execution_hardened;causal_axis_added;integration_contract_added,
BF-CYB-S800-0810,S800-0810,Experimento de inmunidad,ATACAR,MATERIALIZAR,evidence_verification,experimentation_benchmarks,hybrid,cybersecurity,sandbox_required,sandbox_required,core,core,87,57,approved_with_guardrails,stage_reclassified;category_reclassified;domain_reclassified;causal_axis_added;integration_contract_added,
BF-CYB-R1000-0792,R1000-0792,Ataque de interfaz,ATACAR,ATACAR,adversarial_threat,adversarial_threat,cybersecurity,cybersecurity,sandbox_required,sandbox_required,core,core,76,56,approved_with_guardrails,causal_axis_added;integration_contract_added,
BF-CYB-L600-1315,L600-1315,Lente de intrusión salina,CARTOGRAFIAR,CARTOGRAFIAR,agents_ai_devtools,adversarial_threat,cybersecurity,cybersecurity,sandbox_required,sandbox_required,extended,core,61,56,approved_with_guardrails,category_reclassified;tier_recalibrated;causal_axis_added;integration_contract_added,
BF-CYB-L600-1528,L600-1528,Lente de l-diversidad,DIVERGIR,CARTOGRAFIAR,data_privacy_provenance,novelty_diversity,cybersecurity,cybersecurity,conceptual_only,conceptual_only,core,extended,63,50,manual_review_recommended,stage_reclassified;category_reclassified;tier_recalibrated;causal_axis_added;integration_contract_added,
BF-CYB-L600-1508,L600-1508,Lente de SBOM,CARTOGRAFIAR,CARTOGRAFIAR,supply_chain_build,supply_chain_build,hybrid,cybersecurity,conceptual_only,conceptual_only,core,extended,66,49,manual_review_recommended,domain_reclassified;tier_recalibrated;causal_axis_added;integration_contract_added,
BF-CYB-S800-0633,S800-0633,Cultura de desacuerdo seguro,DIVERGIR,DIVERGIR,human_factors,human_factors,hybrid,cybersecurity,defensive_design,defensive_design,extended,extended,61,47,approved_auto,domain_reclassified;causal_axis_added;integration_contract_added,
BF-CYB-S800-0639,S800-0639,Cultura de reparación pública,EVOLUCIONAR,EVOLUCIONAR,failure_resilience,human_factors,hybrid,cybersecurity,defensive_design,defensive_design,extended,extended,65,47,approved_auto,category_reclassified;domain_reclassified;causal_axis_added;integration_contract_added,
BF-CYB-S800-0852,S800-0852,Mutación de excepciones,MATERIALIZAR,EVOLUCIONAR,evidence_verification,novelty_diversity,developer_tools,cybersecurity,local_analysis,defensive_design,core,extended,80,46,approved_auto,stage_reclassified;category_reclassified;domain_reclassified;execution_hardened;tier_recalibrated;causal_axis_added;integration_contract_added,
BF-CYB-S800-0853,S800-0853,Mutación de umbrales,MATERIALIZAR,EVOLUCIONAR,evidence_verification,novelty_diversity,developer_tools,cybersecurity,local_analysis,defensive_design,core,extended,80,46,approved_auto,stage_reclassified;category_reclassified;domain_reclassified;execution_hardened;tier_recalibrated;causal_axis_added;integration_contract_added,
BF-CYB-S800-0854,S800-0854,Mutación de unidades,MATERIALIZAR,EVOLUCIONAR,evidence_verification,novelty_diversity,developer_tools,cybersecurity,local_analysis,defensive_design,core,extended,80,46,approved_auto,stage_reclassified;category_reclassified;domain_reclassified;execution_hardened;tier_recalibrated;causal_axis_added;integration_contract_added,
BF-CYB-S800-0855,S800-0855,Mutación de cardinalidad,MATERIALIZAR,EVOLUCIONAR,evidence_verification,novelty_diversity,developer_tools,cybersecurity,local_analysis,defensive_design,core,extended,80,46,approved_auto,stage_reclassified;category_reclassified;domain_reclassified;execution_hardened;tier_recalibrated;causal_axis_added;integration_contract_added,
BF-CYB-M800-0578,M800-0578,Control de salida,DIVERGIR,DIVERGIR,general_innovation,general_innovation,cybersecurity,cybersecurity,defensive_design,defensive_design,core,extended,66,63,manual_review_recommended,tier_recalibrated;causal_axis_added;integration_contract_added;tier_boundary_relaxed,second_pass_boundary_promotion:research_to_extended
BF-CYB-L600-1548,L600-1548,Lente de análisis dinámico,CARTOGRAFIAR,CARTOGRAFIAR,general_innovation,general_innovation,developer_tools,cybersecurity,conceptual_only,conceptual_only,core,extended,61,61,manual_review_recommended,domain_reclassified;tier_recalibrated;causal_axis_added;integration_contract_added;tier_boundary_relaxed,second_pass_boundary_promotion:research_to_extended
BF-CYB-M800-0568,M800-0568,Registro encadenado,DIVERGIR,DIVERGIR,general_innovation,general_innovation,cybersecurity,cybersecurity,defensive_design,defensive_design,core,extended,66,61,manual_review_recommended,tier_recalibrated;causal_axis_added;integration_contract_added;tier_boundary_relaxed,second_pass_boundary_promotion:research_to_extended
BF-CYB-S800-0273,S800-0273,Arquitectura metamórfica,DIVERGIR,EVALUAR,trust_identity_access,architecture_topology,cybersecurity,cybersecurity,defensive_design,defensive_design,extended,extended,70,57,approved_auto,stage_reclassified;category_reclassified;causal_axis_added;integration_contract_added,
BF-CYB-M800-0348,M800-0348,Doble núcleo,EVALUAR,EVALUAR,evidence_verification,architecture_topology,hybrid,cybersecurity,local_analysis,local_analysis,extended,extended,65,56,approved_auto,category_reclassified;domain_reclassified;causal_axis_added;integration_contract_added,
BF-CYB-R1000-0232,R1000-0232,Verificación local,EVALUAR,EVALUAR,trust_identity_access,evidence_verification,hybrid,cybersecurity,local_analysis,local_analysis,core,extended,79,56,approved_auto,category_reclassified;domain_reclassified;tier_recalibrated;causal_axis_added;integration_contract_added,
BF-CYB-R1000-0424,R1000-0424,Verificación mínima suficiente,EVALUAR,EVALUAR,trust_identity_access,evidence_verification,hybrid,cybersecurity,local_analysis,local_analysis,core,extended,79,56,approved_auto,category_reclassified;domain_reclassified;tier_recalibrated;causal_axis_added;integration_contract_added,
BF-CYB-S800-0820,S800-0820,Prueba de propiedad mutada,MATERIALIZAR,EVALUAR,evidence_verification,evidence_verification,developer_tools,cybersecurity,local_analysis,local_analysis,core,extended,78,56,approved_auto,stage_reclassified;domain_reclassified;tier_recalibrated;causal_axis_added;integration_contract_added,
BF-CYB-S800-0822,S800-0822,Prueba de propiedad rival,MATERIALIZAR,EVALUAR,evidence_verification,evidence_verification,developer_tools,cybersecurity,local_analysis,local_analysis,core,extended,78,56,approved_auto,stage_reclassified;domain_reclassified;tier_recalibrated;causal_axis_added;integration_contract_added,
BF-CYB-S800-0823,S800-0823,Prueba de propiedad local,MATERIALIZAR,EVALUAR,evidence_verification,evidence_verification,developer_tools,cybersecurity,local_analysis,local_analysis,core,extended,78,56,approved_auto,stage_reclassified;domain_reclassified;tier_recalibrated;causal_axis_added;integration_contract_added,
BF-CYB-S800-0824,S800-0824,Prueba de propiedad global emergente,MATERIALIZAR,EVALUAR,evidence_verification,evidence_verification,developer_tools,cybersecurity,local_analysis,local_analysis,core,extended,78,56,approved_auto,stage_reclassified;domain_reclassified;tier_recalibrated;causal_axis_added;integration_contract_added,
BF-CYB-S800-0825,S800-0825,Prueba de conservación,MATERIALIZAR,EVALUAR,evidence_verification,evidence_verification,developer_tools,cybersecurity,local_analysis,local_analysis,core,extended,78,56,approved_auto,stage_reclassified;domain_reclassified;tier_recalibrated;causal_axis_added;integration_contract_added,
BF-CYB-S800-0826,S800-0826,Prueba de conmutatividad,MATERIALIZAR,EVALUAR,evidence_verification,evidence_verification,developer_tools,cybersecurity,local_analysis,local_analysis,core,extended,78,56,approved_auto,stage_reclassified;domain_reclassified;tier_recalibrated;causal_axis_added;integration_contract_added,
BF-CYB-S800-0827,S800-0827,Prueba de asociatividad,MATERIALIZAR,EVALUAR,evidence_verification,evidence_verification,developer_tools,cybersecurity,local_analysis,local_analysis,core,extended,78,56,approved_auto,stage_reclassified;domain_reclassified;tier_recalibrated;causal_axis_added;integration_contract_added,
BF-CYB-S800-0830,S800-0830,Prueba de continuidad,MATERIALIZAR,EVALUAR,evidence_verification,evidence_verification,developer_tools,cybersecurity,local_analysis,local_analysis,core,extended,78,56,approved_auto,stage_reclassified;domain_reclassified;tier_recalibrated;causal_axis_added;integration_contract_added,
BF-CYB-S800-0833,S800-0833,Prueba de invariancia de escala,MATERIALIZAR,EVALUAR,evidence_verification,evidence_verification,developer_tools,cybersecurity,local_analysis,local_analysis,core,extended,78,56,approved_auto,stage_reclassified;domain_reclassified;tier_recalibrated;causal_axis_added;integration_contract_added,
BF-CYB-S800-0834,S800-0834,Prueba de invariancia de representación,MATERIALIZAR,EVALUAR,evidence_verification,evidence_verification,developer_tools,cybersecurity,local_analysis,local_analysis,core,extended,78,56,approved_auto,stage_reclassified;domain_reclassified;tier_recalibrated;causal_axis_added;integration_contract_added,
BF-CYB-S800-0835,S800-0835,Prueba de invariancia cultural,MATERIALIZAR,EVALUAR,evidence_verification,evidence_verification,developer_tools,cybersecurity,local_analysis,local_analysis,core,extended,78,56,approved_auto,stage_reclassified;domain_reclassified;tier_recalibrated;causal_axis_added;integration_contract_added,
BF-CYB-S800-0837,S800-0837,Prueba de invariancia temporal,MATERIALIZAR,EVALUAR,evidence_verification,evidence_verification,developer_tools,cybersecurity,local_analysis,local_analysis,core,extended,78,56,approved_auto,stage_reclassified;domain_reclassified;tier_recalibrated;causal_axis_added;integration_contract_added,
BF-CYB-S800-0839,S800-0839,Prueba de invariancia de entorno,MATERIALIZAR,EVALUAR,evidence_verification,evidence_verification,developer_tools,cybersecurity,local_analysis,local_analysis,core,extended,78,56,approved_auto,stage_reclassified;domain_reclassified;tier_recalibrated;causal_axis_added;integration_contract_added,
BF-CYB-S800-0861,S800-0861,Oráculo por consenso heterogéneo,MATERIALIZAR,EVALUAR,evidence_verification,evidence_verification,developer_tools,cybersecurity,local_analysis,defensive_design,core,extended,82,56,approved_auto,stage_reclassified;domain_reclassified;execution_hardened;tier_recalibrated;causal_axis_added;integration_contract_added,
BF-CYB-S800-0862,S800-0862,Oráculo por imposibilidad,MATERIALIZAR,EVALUAR,evidence_verification,evidence_verification,developer_tools,cybersecurity,local_analysis,local_analysis,core,extended,82,56,approved_auto,stage_reclassified;domain_reclassified;tier_recalibrated;causal_axis_added;integration_contract_added,
BF-CYB-S800-0866,S800-0866,Oráculo por contradicción,MATERIALIZAR,EVALUAR,evidence_verification,evidence_verification,developer_tools,cybersecurity,local_analysis,local_analysis,core,extended,82,56,approved_auto,stage_reclassified;domain_reclassified;tier_recalibrated;causal_axis_added;integration_contract_added,
BF-CYB-S800-0894,S800-0894,Verificación por testigo mínimo,MATERIALIZAR,EVALUAR,evidence_verification,evidence_verification,developer_tools,developer_tools,local_analysis,local_analysis,core,extended,78,56,approved_auto,stage_reclassified;tier_recalibrated;causal_axis_added;integration_contract_added,
BF-CYB-S800-0805,S800-0805,Experimento de frontera móvil,MATERIALIZAR,MATERIALIZAR,evidence_verification,experimentation_benchmarks,developer_tools,cybersecurity,local_analysis,local_analysis,core,extended,78,56,approved_auto,category_reclassified;domain_reclassified;tier_recalibrated;causal_axis_added;integration_contract_added,
BF-CYB-S800-0813,S800-0813,Experimento de aislamiento,MATERIALIZAR,MATERIALIZAR,evidence_verification,experimentation_benchmarks,hybrid,cybersecurity,local_analysis,local_analysis,core,extended,83,56,approved_auto,category_reclassified;domain_reclassified;tier_recalibrated;causal_axis_added;integration_contract_added,
BF-CYB-S800-0817,S800-0817,Experimento de observador ausente,MATERIALIZAR,MATERIALIZAR,evidence_verification,experimentation_benchmarks,developer_tools,cybersecurity,local_analysis,local_analysis,core,extended,78,56,approved_auto,category_reclassified;domain_reclassified;tier_recalibrated;causal_axis_added;integration_contract_added,
BF-CYB-R1000-0421,R1000-0421,Verificación por invariantes,EVALUAR,EVALUAR,trust_identity_access,causal_state_transitions,hybrid,cybersecurity,local_analysis,local_analysis,core,extended,83,54,approved_auto,category_reclassified;domain_reclassified;tier_recalibrated;causal_axis_added;integration_contract_added,
BF-CYB-S800-0868,S800-0868,Oráculo por consecuencias,MATERIALIZAR,EVALUAR,evidence_verification,evidence_verification,developer_tools,cybersecurity,local_analysis,local_analysis,core,extended,82,54,approved_auto,stage_reclassified;domain_reclassified;tier_recalibrated;causal_axis_added;integration_contract_added,
BF-CYB-S800-0869,S800-0869,Oráculo por ausencia,MATERIALIZAR,EVALUAR,evidence_verification,evidence_verification,developer_tools,cybersecurity,local_analysis,local_analysis,core,extended,82,54,approved_auto,stage_reclassified;domain_reclassified;tier_recalibrated;causal_axis_added;integration_contract_added,
BF-CYB-R1000-0957,R1000-0957,Prototipo de sombra,MATERIALIZAR,MATERIALIZAR,experimentation_benchmarks,experimentation_benchmarks,hybrid,cybersecurity,local_analysis,local_analysis,core,extended,65,54,approved_auto,domain_reclassified;tier_recalibrated;causal_axis_added;integration_contract_added,
BF-CYB-R1000-0967,R1000-0967,Experimento de escasez,MATERIALIZAR,MATERIALIZAR,experimentation_benchmarks,experimentation_benchmarks,hybrid,cybersecurity,local_analysis,local_analysis,core,extended,65,54,approved_auto,domain_reclassified;tier_recalibrated;causal_axis_added;integration_contract_added,
BF-CYB-R1000-0972,R1000-0972,Experimento longitudinal,MATERIALIZAR,MATERIALIZAR,experimentation_benchmarks,experimentation_benchmarks,hybrid,cybersecurity,local_analysis,local_analysis,core,extended,65,54,approved_auto,domain_reclassified;tier_recalibrated;causal_axis_added;integration_contract_added,
BF-CYB-S800-0803,S800-0803,Experimento sin hipótesis,MATERIALIZAR,MATERIALIZAR,evidence_verification,experimentation_benchmarks,developer_tools,cybersecurity,local_analysis,local_analysis,core,extended,78,54,approved_auto,category_reclassified;domain_reclassified;tier_recalibrated;causal_axis_added;integration_contract_added,
BF-CYB-S800-0807,S800-0807,Experimento de retirada,MATERIALIZAR,MATERIALIZAR,evidence_verification,experimentation_benchmarks,developer_tools,cybersecurity,local_analysis,local_analysis,core,extended,78,54,approved_auto,category_reclassified;domain_reclassified;tier_recalibrated;causal_axis_added;integration_contract_added,
BF-CYB-S800-0809,S800-0809,Experimento de contagio,MATERIALIZAR,MATERIALIZAR,evidence_verification,experimentation_benchmarks,developer_tools,cybersecurity,local_analysis,local_analysis,core,extended,82,54,approved_auto,category_reclassified;domain_reclassified;tier_recalibrated;causal_axis_added;integration_contract_added,
BF-CYB-S800-0812,S800-0812,Experimento de sensibilización,MATERIALIZAR,MATERIALIZAR,evidence_verification,experimentation_benchmarks,developer_tools,cybersecurity,local_analysis,local_analysis,core,extended,78,54,approved_auto,category_reclassified;domain_reclassified;tier_recalibrated;causal_axis_added;integration_contract_added,
BF-CYB-S800-0815,S800-0815,Experimento de incompatibilidad,MATERIALIZAR,MATERIALIZAR,evidence_verification,experimentation_benchmarks,developer_tools,cybersecurity,local_analysis,local_analysis,core,extended,78,54,approved_auto,category_reclassified;domain_reclassified;tier_recalibrated;causal_axis_added;integration_contract_added,
BF-CYB-S800-0816,S800-0816,Experimento de sustitución cruzada,MATERIALIZAR,MATERIALIZAR,evidence_verification,experimentation_benchmarks,developer_tools,cybersecurity,local_analysis,local_analysis,core,extended,78,54,approved_auto,category_reclassified;domain_reclassified;tier_recalibrated;causal_axis_added;integration_contract_added,
BF-CYB-S800-0819,S800-0819,Experimento de medición ciega,MATERIALIZAR,MATERIALIZAR,evidence_verification,experimentation_benchmarks,developer_tools,cybersecurity,local_analysis,local_analysis,core,extended,78,54,approved_auto,category_reclassified;domain_reclassified;tier_recalibrated;causal_axis_added;integration_contract_added,
BF-CYB-M800-0507,M800-0507,Auditoría continua,EVALUAR,EVALUAR,evidence_verification,evidence_verification,hybrid,cybersecurity,local_analysis,local_analysis,extended,extended,65,52,approved_auto,domain_reclassified;causal_axis_added;integration_contract_added,
BF-CYB-S800-0860,S800-0860,Oráculo por metamorfosis,MATERIALIZAR,EVALUAR,evidence_verification,evidence_verification,developer_tools,cybersecurity,local_analysis,local_analysis,core,extended,82,52,approved_auto,stage_reclassified;domain_reclassified;tier_recalibrated;causal_axis_added;integration_contract_added,
BF-CYB-S800-0863,S800-0863,Oráculo por conservación,MATERIALIZAR,EVALUAR,evidence_verification,evidence_verification,developer_tools,cybersecurity,local_analysis,local_analysis,core,extended,82,52,approved_auto,stage_reclassified;domain_reclassified;tier_recalibrated;causal_axis_added;integration_contract_added,
BF-CYB-S800-0864,S800-0864,Oráculo por deuda,MATERIALIZAR,EVALUAR,evidence_verification,evidence_verification,developer_tools,cybersecurity,local_analysis,local_analysis,core,extended,82,52,approved_auto,stage_reclassified;domain_reclassified;tier_recalibrated;causal_axis_added;integration_contract_added,
BF-CYB-S800-0867,S800-0867,Oráculo por sombra,MATERIALIZAR,EVALUAR,evidence_verification,evidence_verification,developer_tools,cybersecurity,local_analysis,local_analysis,core,extended,82,52,approved_auto,stage_reclassified;domain_reclassified;tier_recalibrated;causal_axis_added;integration_contract_added,
BF-CYB-S800-0797,S800-0797,Evaluador omnisciente ficticio,EVALUAR,EVALUAR,agents_ai_devtools,agents_ai_devtools,developer_tools,developer_tools,local_analysis,local_analysis,extended,extended,71,51,approved_auto,causal_axis_added;integration_contract_added,
BF-CYB-M800-0084,M800-0084,Verificación previa,EVALUAR,EVALUAR,evidence_verification,evidence_verification,hybrid,cybersecurity,local_analysis,local_analysis,extended,extended,65,50,approved_auto,domain_reclassified;causal_axis_added;integration_contract_added,
BF-CYB-M800-0122,M800-0122,Cliente auditor,DIVERGIR,EVALUAR,evidence_verification,evidence_verification,hybrid,cybersecurity,defensive_design,local_analysis,extended,extended,61,50,approved_auto,stage_reclassified;domain_reclassified;execution_hardened;causal_axis_added;integration_contract_added,
BF-CYB-S800-0717,S800-0717,Agente arqueólogo,EVOLUCIONAR,EVALUAR,agents_ai_devtools,agents_ai_devtools,developer_tools,developer_tools,defensive_design,local_analysis,extended,extended,66,50,manual_review_recommended,stage_reclassified;execution_hardened;causal_axis_added;integration_contract_added,
BF-CYB-S800-0516,S800-0516,Diccionario adversarial,ATACAR,ATACAR,adversarial_threat,adversarial_threat,cybersecurity,cybersecurity,defensive_design,defensive_design,extended,extended,66,49,manual_review_recommended,causal_axis_added;integration_contract_added,
BF-CYB-L600-1159,L600-1159,Lente de carrera moral,CARTOGRAFIAR,CARTOGRAFIAR,trust_identity_access,trust_identity_access,cybersecurity,cybersecurity,conceptual_only,defensive_design,extended,extended,61,49,approved_auto,execution_hardened;causal_axis_added;integration_contract_added,
BF-CYB-L600-1160,L600-1160,Lente de institución total,CARTOGRAFIAR,CARTOGRAFIAR,trust_identity_access,trust_identity_access,cybersecurity,cybersecurity,conceptual_only,defensive_design,extended,extended,61,49,approved_auto,execution_hardened;causal_axis_added;integration_contract_added,
BF-CYB-L600-1233,L600-1233,Lente de reterritorialización,CARTOGRAFIAR,CARTOGRAFIAR,trust_identity_access,trust_identity_access,cybersecurity,cybersecurity,conceptual_only,defensive_design,extended,extended,61,49,approved_auto,execution_hardened;causal_axis_added;integration_contract_added,
BF-CYB-L600-1527,L600-1527,Lente de k-anonimato,CARTOGRAFIAR,CARTOGRAFIAR,data_privacy_provenance,data_privacy_provenance,cybersecurity,cybersecurity,conceptual_only,conceptual_only,core,extended,61,49,manual_review_recommended,tier_recalibrated;causal_axis_added;integration_contract_added,
BF-CYB-L600-1535,L600-1535,Lente de privacidad contextual,CARTOGRAFIAR,CARTOGRAFIAR,data_privacy_provenance,data_privacy_provenance,cybersecurity,cybersecurity,conceptual_only,conceptual_only,core,extended,61,49,manual_review_recommended,tier_recalibrated;causal_axis_added;integration_contract_added,
BF-CYB-L600-1546,L600-1546,Lente de microvirtualización,CARTOGRAFIAR,CARTOGRAFIAR,decision_risk,decision_risk,hybrid,cybersecurity,conceptual_only,conceptual_only,core,extended,56,49,manual_review_recommended,domain_reclassified;tier_recalibrated;causal_axis_added;integration_contract_added,
BF-CYB-M800-0416,M800-0416,Precio por confianza,DIVERGIR,CARTOGRAFIAR,trust_identity_access,trust_identity_access,hybrid,developer_tools,defensive_design,defensive_design,extended,extended,75,49,approved_auto,stage_reclassified;domain_reclassified;causal_axis_added;integration_contract_added,
BF-CYB-M800-0338,M800-0338,Salida sin castigo,DIVERGIR,DIVERGIR,data_privacy_provenance,trust_identity_access,cybersecurity,cybersecurity,defensive_design,defensive_design,extended,extended,66,49,approved_auto,category_reclassified;causal_axis_added;integration_contract_added,
BF-CYB-M800-0623,M800-0623,Identidades múltiples,DIVERGIR,DIVERGIR,trust_identity_access,trust_identity_access,cybersecurity,cybersecurity,defensive_design,defensive_design,extended,extended,66,49,approved_auto,causal_axis_added;integration_contract_added,
BF-CYB-S800-0275,S800-0275,Arquitectura simbiótica,DIVERGIR,DIVERGIR,architecture_topology,architecture_topology,hybrid,cybersecurity,defensive_design,defensive_design,extended,extended,61,49,approved_auto,domain_reclassified;causal_axis_added;integration_contract_added,
BF-CYB-S800-0410,S800-0410,Gobernanza por evidencia perecedera,DIVERGIR,DIVERGIR,evidence_verification,governance_incentives,hybrid,cybersecurity,defensive_design,defensive_design,extended,extended,65,49,approved_auto,category_reclassified;domain_reclassified;causal_axis_added;integration_contract_added,
BF-CYB-S800-0901,S800-0901,Trasplante jurídico,DIVERGIR,DIVERGIR,trust_identity_access,cross_domain_transfer,cybersecurity,cybersecurity,defensive_design,defensive_design,extended,extended,68,49,approved_auto,category_reclassified;causal_axis_added;integration_contract_added,
BF-CYB-M800-0386,M800-0386,Gobernanza por protocolo,DIVERGIR,EVALUAR,trust_identity_access,governance_incentives,cybersecurity,cybersecurity,defensive_design,local_analysis,extended,extended,76,49,approved_auto,stage_reclassified;category_reclassified;execution_hardened;causal_axis_added;integration_contract_added,
BF-CYB-R1000-0155,R1000-0155,Perspectiva del auditor,CARTOGRAFIAR,EVALUAR,evidence_verification,evidence_verification,hybrid,cybersecurity,defensive_design,local_analysis,extended,extended,61,49,approved_auto,stage_reclassified;domain_reclassified;execution_hardened;causal_axis_added;integration_contract_added,
BF-CYB-S800-0786,S800-0786,Evaluador sin solución de referencia,EVALUAR,EVALUAR,evidence_verification,agents_ai_devtools,developer_tools,developer_tools,local_analysis,local_analysis,extended,extended,70,49,approved_auto,category_reclassified;causal_axis_added;integration_contract_added,
BF-CYB-S800-0772,S800-0772,Aprendizaje sin recompensa,EVOLUCIONAR,EVOLUCIONAR,agents_ai_devtools,agents_ai_devtools,developer_tools,developer_tools,defensive_design,defensive_design,extended,extended,68,49,approved_auto,causal_axis_added;integration_contract_added,
BF-CYB-M800-0073,M800-0073,Eliminar la propiedad,ROMPER,ROMPER,trust_identity_access,trust_identity_access,cybersecurity,cybersecurity,defensive_design,defensive_design,extended,extended,68,49,approved_auto,causal_axis_added;integration_contract_added,
BF-CYB-M800-0074,M800-0074,Eliminar la permanencia,ROMPER,ROMPER,data_privacy_provenance,trust_identity_access,cybersecurity,cybersecurity,defensive_design,defensive_design,extended,extended,68,49,approved_auto,category_reclassified;causal_axis_added;integration_contract_added,
BF-CYB-M800-0285,M800-0285,Pensar como regulador hostil,ATACAR,ATACAR,adversarial_threat,governance_incentives,cybersecurity,cybersecurity,defensive_design,defensive_design,core,extended,66,48,manual_review_recommended,category_reclassified;tier_recalibrated;causal_axis_added;integration_contract_added,
BF-CYB-S800-0433,S800-0433,Veto diferido,CARTOGRAFIAR,CARTOGRAFIAR,governance_incentives,governance_incentives,hybrid,cybersecurity,defensive_design,defensive_design,extended,extended,61,48,approved_auto,domain_reclassified;causal_axis_added;integration_contract_added,
BF-CYB-S800-0445,S800-0445,Consenso por mercado interno,DIVERGIR,DELIMITAR,governance_incentives,governance_incentives,hybrid,cybersecurity,defensive_design,defensive_design,extended,extended,61,48,approved_auto,stage_reclassified;domain_reclassified;causal_axis_added;integration_contract_added,
BF-CYB-R1000-0454,R1000-0454,Fallo reversible,DESCOMPONER,DESCOMPONER,failure_resilience,failure_resilience,developer_tools,cybersecurity,defensive_design,defensive_design,extended,extended,74,48,approved_auto,domain_reclassified;causal_axis_added;integration_contract_added,
BF-CYB-M800-0387,M800-0387,Veto temporal,DIVERGIR,DIVERGIR,trust_identity_access,governance_incentives,cybersecurity,cybersecurity,defensive_design,defensive_design,extended,extended,68,48,approved_auto,category_reclassified;causal_axis_added;integration_contract_added,
BF-CYB-M800-0674,M800-0674,Escalar por evidencia,DIVERGIR,DIVERGIR,trust_identity_access,evidence_verification,cybersecurity,cybersecurity,defensive_design,defensive_design,extended,extended,70,48,approved_auto,category_reclassified;causal_axis_added;integration_contract_added,
BF-CYB-M800-0708,M800-0708,Consenso aproximado,DIVERGIR,DIVERGIR,governance_incentives,governance_incentives,hybrid,cybersecurity,defensive_design,defensive_design,extended,extended,61,48,approved_auto,domain_reclassified;causal_axis_added;integration_contract_added,
BF-CYB-S800-0443,S800-0443,Consenso por objeción resuelta,DIVERGIR,DIVERGIR,agents_ai_devtools,governance_incentives,hybrid,cybersecurity,defensive_design,defensive_design,extended,extended,61,48,approved_auto,category_reclassified;domain_reclassified;causal_axis_added;integration_contract_added,
BF-CYB-S800-0450,S800-0450,Consenso provisional,DIVERGIR,DIVERGIR,governance_incentives,governance_incentives,hybrid,cybersecurity,defensive_design,defensive_design,extended,extended,61,48,approved_auto,domain_reclassified;causal_axis_added;integration_contract_added,
BF-CYB-S800-0594,S800-0594,Ruido de certeza,DIVERGIR,DIVERGIR,trust_identity_access,evidence_verification,cybersecurity,cybersecurity,defensive_design,defensive_design,extended,extended,70,48,approved_auto,category_reclassified;causal_axis_added;integration_contract_added,
BF-CYB-S800-0907,S800-0907,Trasplante asegurador,DIVERGIR,DIVERGIR,failure_resilience,cross_domain_transfer,hybrid,cybersecurity,defensive_design,defensive_design,extended,extended,67,48,approved_auto,category_reclassified;domain_reclassified;causal_axis_added;integration_contract_added,
BF-CYB-M800-0134,M800-0134,Rol demostrable,DIVERGIR,EVALUAR,trust_identity_access,trust_identity_access,cybersecurity,cybersecurity,defensive_design,local_analysis,extended,extended,66,48,approved_auto,stage_reclassified;execution_hardened;causal_axis_added;integration_contract_added,
BF-CYB-S800-0888,S800-0888,Auditoría por desgaste,MATERIALIZAR,EVALUAR,evidence_verification,evidence_verification,developer_tools,cybersecurity,local_analysis,local_analysis,core,extended,78,48,approved_auto,stage_reclassified;domain_reclassified;tier_recalibrated;causal_axis_added;integration_contract_added,
BF-CYB-S800-0898,S800-0898,Verificación de independencia,MATERIALIZAR,EVALUAR,evidence_verification,evidence_verification,developer_tools,cybersecurity,local_analysis,local_analysis,core,extended,83,48,approved_auto,stage_reclassified;domain_reclassified;tier_recalibrated;causal_axis_added;integration_contract_added,
BF-CYB-S800-0701,S800-0701,Agente sin objetivo fijo,EVOLUCIONAR,EVOLUCIONAR,evidence_verification,agents_ai_devtools,developer_tools,developer_tools,defensive_design,defensive_design,extended,extended,70,48,approved_auto,category_reclassified;causal_axis_added;integration_contract_added,
BF-CYB-M800-0642,M800-0642,Seguridad mediante apertura,ROMPER,ROMPER,failure_resilience,failure_resilience,cybersecurity,cybersecurity,defensive_design,defensive_design,extended,extended,72,48,approved_auto,causal_axis_added;integration_contract_added,
BF-CYB-R1000-0016,R1000-0016,Invertir el acceso,ROMPER,ROMPER,trust_identity_access,trust_identity_access,hybrid,cybersecurity,defensive_design,defensive_design,extended,extended,73,48,approved_auto,domain_reclassified;causal_axis_added;integration_contract_added,
BF-CYB-R1000-0036,R1000-0036,Eliminar permisos permanentes,ROMPER,ROMPER,trust_identity_access,trust_identity_access,cybersecurity,cybersecurity,defensive_design,defensive_design,extended,extended,75,48,approved_auto,causal_axis_added;integration_contract_added,
BF-CYB-R1000-0455,R1000-0455,Fallo informativo,ROMPER,ROMPER,evidence_verification,failure_resilience,hybrid,cybersecurity,defensive_design,defensive_design,extended,extended,73,48,approved_auto,category_reclassified;domain_reclassified;causal_axis_added;integration_contract_added,
BF-CYB-R1000-0459,R1000-0459,Fallo temprano,ROMPER,ROMPER,failure_resilience,failure_resilience,hybrid,cybersecurity,defensive_design,defensive_design,extended,extended,71,48,approved_auto,domain_reclassified;causal_axis_added;integration_contract_added,
BF-CYB-R1000-0463,R1000-0463,Fallo por contradicción,ROMPER,ROMPER,failure_resilience,failure_resilience,developer_tools,cybersecurity,defensive_design,defensive_design,extended,extended,74,48,approved_auto,domain_reclassified;causal_axis_added;integration_contract_added,
BF-CYB-R1000-0779,R1000-0779,Defensa por aislamiento,ATACAR,ATACAR,failure_resilience,failure_resilience,cybersecurity,cybersecurity,defensive_design,defensive_design,core,extended,81,47,approved_auto,tier_recalibrated;causal_axis_added;integration_contract_added,
BF-CYB-L600-1165,L600-1165,Lente de desviación primaria y secundaria,CARTOGRAFIAR,CARTOGRAFIAR,trust_identity_access,trust_identity_access,cybersecurity,cybersecurity,conceptual_only,defensive_design,extended,extended,61,47,approved_auto,execution_hardened;causal_axis_added;integration_contract_added,
BF-CYB-L600-1241,L600-1241,Lente comunitarista filosófica,CARTOGRAFIAR,CARTOGRAFIAR,trust_identity_access,trust_identity_access,cybersecurity,cybersecurity,conceptual_only,defensive_design,extended,extended,61,47,approved_auto,execution_hardened;causal_axis_added;integration_contract_added,
BF-CYB-L600-1499,L600-1499,Lente de diseño emocional reflexivo,CARTOGRAFIAR,CARTOGRAFIAR,trust_identity_access,trust_identity_access,cybersecurity,cybersecurity,conceptual_only,defensive_design,extended,extended,61,47,approved_auto,execution_hardened;causal_axis_added;integration_contract_added,
BF-CYB-L600-1510,L600-1510,Lente de procedencia de artefactos,CARTOGRAFIAR,CARTOGRAFIAR,supply_chain_build,data_privacy_provenance,developer_tools,cybersecurity,conceptual_only,conceptual_only,core,extended,61,47,manual_review_recommended,category_reclassified;domain_reclassified;tier_recalibrated;causal_axis_added;integration_contract_added,
BF-CYB-M800-0108,M800-0108,Zona segura dinámica,DIVERGIR,DELIMITAR,trust_identity_access,evidence_verification,cybersecurity,cybersecurity,defensive_design,defensive_design,extended,extended,70,47,approved_auto,stage_reclassified;category_reclassified;causal_axis_added;integration_contract_added,
BF-CYB-M800-0659,M800-0659,Permanencia mediante reemplazo,ROMPER,DESCOMPONER,trust_identity_access,trust_identity_access,cybersecurity,cybersecurity,defensive_design,defensive_design,extended,extended,68,47,approved_auto,stage_reclassified;causal_axis_added;integration_contract_added,
BF-CYB-R1000-0464,R1000-0464,Fallo por ausencia,DESCOMPONER,DESCOMPONER,failure_resilience,failure_resilience,developer_tools,developer_tools,defensive_design,defensive_design,extended,extended,74,47,approved_auto,causal_axis_added;integration_contract_added,
BF-CYB-M800-0149,M800-0149,Penalización al controlador,DIVERGIR,DIVERGIR,failure_resilience,failure_resilience,hybrid,cybersecurity,defensive_design,defensive_design,extended,extended,65,47,approved_auto,domain_reclassified;causal_axis_added;integration_contract_added,
BF-CYB-M800-0273,M800-0273,Reutilizar permisos,DIVERGIR,DIVERGIR,trust_identity_access,trust_identity_access,cybersecurity,cybersecurity,defensive_design,defensive_design,extended,extended,71,47,approved_auto,causal_axis_added;integration_contract_added,
BF-CYB-M800-0304,M800-0304,Degradación elegante,DIVERGIR,DIVERGIR,failure_resilience,failure_resilience,hybrid,cybersecurity,defensive_design,defensive_design,core,extended,69,47,approved_auto,domain_reclassified;tier_recalibrated;causal_axis_added;integration_contract_added,
BF-CYB-M800-0307,M800-0307,Punto de restauración,DIVERGIR,DIVERGIR,failure_resilience,failure_resilience,hybrid,cybersecurity,defensive_design,defensive_design,core,extended,65,47,approved_auto,domain_reclassified;tier_recalibrated;causal_axis_added;integration_contract_added,
BF-CYB-M800-0383,M800-0383,Identidad contextual,DIVERGIR,DIVERGIR,trust_identity_access,trust_identity_access,cybersecurity,cybersecurity,defensive_design,defensive_design,extended,extended,68,47,approved_auto,causal_axis_added;integration_contract_added,
BF-CYB-M800-0560,M800-0560,IA como simulador,DIVERGIR,DIVERGIR,agents_ai_devtools,agents_ai_devtools,developer_tools,developer_tools,defensive_design,defensive_design,core,extended,66,47,manual_review_recommended,tier_recalibrated;causal_axis_added;integration_contract_added,
BF-CYB-S800-0254,S800-0254,Cámaras de eco inverso,DIVERGIR,DIVERGIR,evidence_verification,evidence_verification,hybrid,cybersecurity,defensive_design,defensive_design,extended,extended,65,47,approved_auto,domain_reclassified;causal_axis_added;integration_contract_added,
BF-CYB-S800-0323,S800-0323,Cascada retardada,DIVERGIR,DIVERGIR,failure_resilience,causal_state_transitions,hybrid,cybersecurity,defensive_design,defensive_design,extended,extended,69,47,approved_auto,category_reclassified;domain_reclassified;causal_axis_added;integration_contract_added,
BF-CYB-S800-0399,S800-0399,Futuro de liberación,ROMPER,DIVERGIR,failure_resilience,causal_state_transitions,hybrid,cybersecurity,defensive_design,defensive_design,extended,extended,69,47,approved_auto,stage_reclassified;category_reclassified;domain_reclassified;causal_axis_added;integration_contract_added,
BF-CYB-S800-0435,S800-0435,Veto ciego,DIVERGIR,DIVERGIR,trust_identity_access,governance_incentives,cybersecurity,cybersecurity,defensive_design,defensive_design,extended,extended,66,47,approved_auto,category_reclassified;causal_axis_added;integration_contract_added,
BF-CYB-S800-0964,S800-0964,Trasplante bayesiano,DIVERGIR,DIVERGIR,trust_identity_access,cross_domain_transfer,cybersecurity,cybersecurity,defensive_design,defensive_design,extended,extended,72,47,approved_auto,category_reclassified;causal_axis_added;integration_contract_added,
BF-CYB-M800-0172,M800-0172,Banca aplicada a reputación,DIVERGIR,EVALUAR,trust_identity_access,governance_incentives,hybrid,cybersecurity,defensive_design,local_analysis,extended,extended,73,47,approved_auto,stage_reclassified;category_reclassified;domain_reclassified;execution_hardened;causal_axis_added;integration_contract_added,
BF-CYB-M800-0400,M800-0400,Gobernanza de emergencia,EVALUAR,EVALUAR,trust_identity_access,governance_incentives,cybersecurity,cybersecurity,local_analysis,local_analysis,extended,extended,71,47,approved_auto,category_reclassified;causal_axis_added;integration_contract_added,
BF-CYB-M800-0628,M800-0628,Economía de reputación,DIVERGIR,EVALUAR,trust_identity_access,trust_identity_access,cybersecurity,cybersecurity,defensive_design,defensive_design,extended,extended,71,47,approved_auto,stage_reclassified;causal_axis_added;integration_contract_added,
BF-CYB-S800-0462,S800-0462,Mercado de confianza,DIVERGIR,EVALUAR,trust_identity_access,governance_incentives,cybersecurity,cybersecurity,defensive_design,local_analysis,extended,extended,66,47,approved_auto,stage_reclassified;category_reclassified;execution_hardened;causal_axis_added;integration_contract_added,
BF-CYB-S800-0709,S800-0709,Agente con identidad rotatoria,EVOLUCIONAR,EVOLUCIONAR,trust_identity_access,agents_ai_devtools,hybrid,developer_tools,defensive_design,defensive_design,extended,extended,71,47,approved_auto,category_reclassified;domain_reclassified;causal_axis_added;integration_contract_added,
BF-CYB-S800-0711,S800-0711,Agente sombra,EVOLUCIONAR,EVOLUCIONAR,agents_ai_devtools,agents_ai_devtools,developer_tools,developer_tools,defensive_design,defensive_design,extended,extended,66,47,manual_review_recommended,causal_axis_added;integration_contract_added,
BF-CYB-S800-0850,S800-0850,Mutación de precondiciones,MATERIALIZAR,EVOLUCIONAR,evidence_verification,causal_state_transitions,developer_tools,cybersecurity,local_analysis,defensive_design,core,extended,80,47,approved_auto,stage_reclassified;category_reclassified;domain_reclassified;execution_hardened;tier_recalibrated;causal_axis_added;integration_contract_added,
BF-CYB-S800-0851,S800-0851,Mutación de postcondiciones,MATERIALIZAR,EVOLUCIONAR,evidence_verification,causal_state_transitions,developer_tools,cybersecurity,local_analysis,defensive_design,core,extended,80,47,approved_auto,stage_reclassified;category_reclassified;domain_reclassified;execution_hardened;tier_recalibrated;causal_axis_added;integration_contract_added,
BF-CYB-S800-0858,S800-0858,Mutación de reversibilidad,MATERIALIZAR,EVOLUCIONAR,evidence_verification,decision_risk,developer_tools,cybersecurity,local_analysis,defensive_design,core,extended,80,47,approved_auto,stage_reclassified;category_reclassified;domain_reclassified;execution_hardened;tier_recalibrated;causal_axis_added;integration_contract_added,
BF-CYB-R1000-0439,R1000-0439,Gobierno por consenso parcial,ROMPER,ROMPER,governance_incentives,governance_incentives,hybrid,cybersecurity,defensive_design,defensive_design,extended,extended,61,47,approved_auto,domain_reclassified;causal_axis_added;integration_contract_added,
BF-CYB-R1000-0655,R1000-0655,Algoritmo adversarial,ATACAR,ATACAR,adversarial_threat,agents_ai_devtools,hybrid,cybersecurity,defensive_design,defensive_design,extended,extended,71,46,manual_review_recommended,category_reclassified;domain_reclassified;causal_axis_added;integration_contract_added,
BF-CYB-R1000-0781,R1000-0781,Defensa por caducidad,ATACAR,ATACAR,trust_identity_access,trust_identity_access,cybersecurity,cybersecurity,defensive_design,defensive_design,core,extended,81,46,approved_auto,tier_recalibrated;causal_axis_added;integration_contract_added,
BF-CYB-M800-0543,M800-0543,Modelo pequeño especializado,DIVERGIR,CARTOGRAFIAR,agents_ai_devtools,agents_ai_devtools,developer_tools,developer_tools,defensive_design,defensive_design,core,extended,71,46,manual_review_recommended,stage_reclassified;tier_recalibrated;causal_axis_added;integration_contract_added,
BF-CYB-R1000-0161,R1000-0161,Perspectiva del error,CARTOGRAFIAR,CARTOGRAFIAR,failure_resilience,failure_resilience,hybrid,cybersecurity,defensive_design,defensive_design,extended,extended,65,46,approved_auto,domain_reclassified;causal_axis_added;integration_contract_added,
BF-CYB-M800-0208,M800-0208,"Más autonomía, más gobernanza",ROMPER,DELIMITAR,governance_incentives,governance_incentives,hybrid,cybersecurity,defensive_design,defensive_design,extended,extended,61,46,approved_auto,stage_reclassified;domain_reclassified;causal_axis_added;integration_contract_added,
BF-CYB-M800-0453,M800-0453,Diseño para confianza,DIVERGIR,DELIMITAR,trust_identity_access,trust_identity_access,cybersecurity,cybersecurity,defensive_design,defensive_design,extended,extended,70,46,approved_auto,stage_reclassified;causal_axis_added;integration_contract_added,
BF-CYB-R1000-0307,R1000-0307,Descomposición por evidencia,DESCOMPONER,DESCOMPONER,evidence_verification,evidence_verification,hybrid,cybersecurity,defensive_design,defensive_design,extended,extended,65,46,approved_auto,domain_reclassified;causal_axis_added;integration_contract_added,
BF-CYB-M800-0089,M800-0089,Caducidad programada,DIVERGIR,DIVERGIR,data_privacy_provenance,trust_identity_access,cybersecurity,cybersecurity,defensive_design,defensive_design,extended,extended,66,46,approved_auto,category_reclassified;causal_axis_added;integration_contract_added,
BF-CYB-M800-0179,M800-0179,Ciberseguridad aplicada a organización,DIVERGIR,DIVERGIR,trust_identity_access,trust_identity_access,cybersecurity,cybersecurity,defensive_design,defensive_design,core,extended,78,46,approved_auto,tier_recalibrated;causal_axis_added;integration_contract_added,
BF-CYB-M800-0268,M800-0268,Reutilizar reputación,DIVERGIR,DIVERGIR,trust_identity_access,governance_incentives,cybersecurity,cybersecurity,defensive_design,defensive_design,extended,extended,66,46,approved_auto,category_reclassified;causal_axis_added;integration_contract_added,
BF-CYB-M800-0328,M800-0328,Reputación portable,DIVERGIR,DIVERGIR,trust_identity_access,governance_incentives,cybersecurity,cybersecurity,defensive_design,defensive_design,extended,extended,66,46,approved_auto,category_reclassified;causal_axis_added;integration_contract_added,
BF-CYB-M800-0434,M800-0434,Pago gradual,DIVERGIR,DIVERGIR,trust_identity_access,trust_identity_access,cybersecurity,cybersecurity,defensive_design,defensive_design,extended,extended,66,46,approved_auto,causal_axis_added;integration_contract_added,
BF-CYB-M800-0615,M800-0615,Sin anonimato,DIVERGIR,DIVERGIR,data_privacy_provenance,data_privacy_provenance,cybersecurity,cybersecurity,defensive_design,defensive_design,extended,extended,75,46,approved_auto,causal_axis_added;integration_contract_added,
BF-CYB-S800-0401,S800-0401,Gobernanza por sorteo,DIVERGIR,DIVERGIR,data_privacy_provenance,governance_incentives,hybrid,cybersecurity,defensive_design,defensive_design,extended,extended,61,46,approved_auto,category_reclassified;domain_reclassified;causal_axis_added;integration_contract_added,
BF-CYB-S800-0403,S800-0403,Gobernanza por desafío,DIVERGIR,DIVERGIR,governance_incentives,governance_incentives,hybrid,cybersecurity,defensive_design,defensive_design,extended,extended,61,46,approved_auto,domain_reclassified;causal_axis_added;integration_contract_added,
BF-CYB-S800-0414,S800-0414,Gobernanza sin veto,DIVERGIR,DIVERGIR,governance_incentives,governance_incentives,hybrid,cybersecurity,defensive_design,defensive_design,extended,extended,61,46,approved_auto,domain_reclassified;causal_axis_added;integration_contract_added,
BF-CYB-S800-0416,S800-0416,Gobernanza reversible,DIVERGIR,DIVERGIR,governance_incentives,governance_incentives,hybrid,cybersecurity,defensive_design,defensive_design,extended,extended,61,46,approved_auto,domain_reclassified;causal_axis_added;integration_contract_added,
BF-CYB-S800-0434,S800-0434,Veto distribuido,DIVERGIR,DIVERGIR,governance_incentives,governance_incentives,hybrid,cybersecurity,defensive_design,defensive_design,extended,extended,61,46,approved_auto,domain_reclassified;causal_axis_added;integration_contract_added,
BF-CYB-S800-0671,S800-0671,Incentivo reputacional inverso,DIVERGIR,DIVERGIR,failure_resilience,governance_incentives,hybrid,cybersecurity,defensive_design,defensive_design,extended,extended,65,46,approved_auto,category_reclassified;domain_reclassified;causal_axis_added;integration_contract_added,
BF-CYB-R1000-0402,R1000-0402,Confianza gradual,EVALUAR,EVALUAR,trust_identity_access,trust_identity_access,cybersecurity,cybersecurity,local_analysis,local_analysis,extended,extended,74,46,approved_auto,causal_axis_added;integration_contract_added,
BF-CYB-S800-0219,S800-0219,Subred clandestina,EVALUAR,EVALUAR,evidence_verification,evidence_verification,hybrid,cybersecurity,local_analysis,local_analysis,extended,extended,65,46,approved_auto,domain_reclassified;causal_axis_added;integration_contract_added,
BF-CYB-S800-0788,S800-0788,Evaluador con presupuesto de objeciones,EVALUAR,EVALUAR,agents_ai_devtools,agents_ai_devtools,developer_tools,developer_tools,local_analysis,local_analysis,extended,extended,68,46,approved_auto,causal_axis_added;integration_contract_added,
BF-CYB-S800-0789,S800-0789,Evaluador de desacuerdo,EVALUAR,EVALUAR,agents_ai_devtools,agents_ai_devtools,developer_tools,developer_tools,local_analysis,local_analysis,extended,extended,68,46,approved_auto,causal_axis_added;integration_contract_added,
BF-CYB-R1000-0030,R1000-0030,Eliminar la identidad,ROMPER,ROMPER,trust_identity_access,trust_identity_access,cybersecurity,cybersecurity,defensive_design,defensive_design,extended,extended,70,46,approved_auto,causal_axis_added;integration_contract_added,
BF-CYB-R1000-0120,R1000-0120,Tiempo como permiso,ROMPER,ROMPER,trust_identity_access,trust_identity_access,cybersecurity,cybersecurity,defensive_design,defensive_design,extended,extended,73,46,approved_auto,causal_axis_added;integration_contract_added,
BF-CYB-R1000-0195,R1000-0195,Valor del fallo informativo,ROMPER,ROMPER,failure_resilience,failure_resilience,hybrid,cybersecurity,defensive_design,defensive_design,extended,extended,67,46,approved_auto,domain_reclassified;causal_axis_added;integration_contract_added,
BF-CYB-R1000-0376,R1000-0376,Identidad efímera,ROMPER,ROMPER,trust_identity_access,trust_identity_access,cybersecurity,cybersecurity,defensive_design,defensive_design,extended,extended,66,46,approved_auto,causal_axis_added;integration_contract_added,
BF-CYB-R1000-0377,R1000-0377,Identidad divisible,ROMPER,ROMPER,trust_identity_access,trust_identity_access,cybersecurity,cybersecurity,defensive_design,defensive_design,extended,extended,66,46,approved_auto,causal_axis_added;integration_contract_added,
BF-CYB-R1000-0378,R1000-0378,Identidad colectiva,ROMPER,ROMPER,trust_identity_access,trust_identity_access,cybersecurity,cybersecurity,defensive_design,defensive_design,extended,extended,66,46,approved_auto,causal_axis_added;integration_contract_added,
BF-CYB-R1000-0379,R1000-0379,Identidad emergente,ROMPER,ROMPER,trust_identity_access,trust_identity_access,cybersecurity,cybersecurity,defensive_design,defensive_design,extended,extended,66,46,approved_auto,causal_axis_added;integration_contract_added,
BF-CYB-R1000-0381,R1000-0381,Identidad contextual,ROMPER,ROMPER,trust_identity_access,trust_identity_access,cybersecurity,cybersecurity,defensive_design,defensive_design,extended,extended,63,46,manual_review_recommended,causal_axis_added;integration_contract_added,
BF-CYB-R1000-0382,R1000-0382,Identidad rotatoria,ROMPER,ROMPER,trust_identity_access,trust_identity_access,cybersecurity,cybersecurity,defensive_design,defensive_design,extended,extended,66,46,approved_auto,causal_axis_added;integration_contract_added,
BF-CYB-R1000-0383,R1000-0383,Identidad heredada,ROMPER,ROMPER,trust_identity_access,trust_identity_access,cybersecurity,cybersecurity,defensive_design,defensive_design,extended,extended,66,46,approved_auto,causal_axis_added;integration_contract_added,
BF-CYB-R1000-0384,R1000-0384,Identidad revocable,ROMPER,ROMPER,trust_identity_access,trust_identity_access,cybersecurity,cybersecurity,defensive_design,defensive_design,extended,extended,66,46,approved_auto,causal_axis_added;integration_contract_added,
BF-CYB-R1000-0385,R1000-0385,Identidad reputacional,ROMPER,ROMPER,trust_identity_access,trust_identity_access,cybersecurity,cybersecurity,defensive_design,defensive_design,extended,extended,66,46,approved_auto,causal_axis_added;integration_contract_added,
BF-CYB-R1000-0386,R1000-0386,Identidad funcional,ROMPER,ROMPER,trust_identity_access,trust_identity_access,cybersecurity,cybersecurity,defensive_design,defensive_design,extended,extended,66,46,approved_auto,causal_axis_added;integration_contract_added,
BF-CYB-R1000-0387,R1000-0387,Identidad narrativa,ROMPER,ROMPER,trust_identity_access,trust_identity_access,cybersecurity,cybersecurity,defensive_design,defensive_design,extended,extended,66,46,approved_auto,causal_axis_added;integration_contract_added,
BF-CYB-R1000-0388,R1000-0388,Identidad contradictoria,ROMPER,ROMPER,trust_identity_access,trust_identity_access,cybersecurity,cybersecurity,defensive_design,defensive_design,extended,extended,66,46,approved_auto,causal_axis_added;integration_contract_added,
BF-CYB-R1000-0389,R1000-0389,Identidad anónima responsable,ROMPER,ROMPER,data_privacy_provenance,trust_identity_access,cybersecurity,cybersecurity,defensive_design,defensive_design,extended,extended,71,46,approved_auto,category_reclassified;causal_axis_added;integration_contract_added,
BF-CYB-R1000-0452,R1000-0452,Fallo visible,ROMPER,ROMPER,failure_resilience,failure_resilience,hybrid,cybersecurity,defensive_design,defensive_design,extended,extended,69,46,approved_auto,domain_reclassified;causal_axis_added;integration_contract_added,
BF-CYB-R1000-0453,R1000-0453,Fallo aislado,ROMPER,ROMPER,failure_resilience,failure_resilience,hybrid,cybersecurity,defensive_design,defensive_design,extended,extended,69,46,approved_auto,domain_reclassified;causal_axis_added;integration_contract_added,
BF-CYB-R1000-0456,R1000-0456,Fallo degradado,ROMPER,ROMPER,failure_resilience,failure_resilience,hybrid,cybersecurity,defensive_design,defensive_design,extended,extended,69,46,approved_auto,domain_reclassified;causal_axis_added;integration_contract_added,
BF-CYB-R1000-0457,R1000-0457,Fallo diversificado,ROMPER,ROMPER,failure_resilience,failure_resilience,hybrid,cybersecurity,defensive_design,defensive_design,extended,extended,69,46,approved_auto,domain_reclassified;causal_axis_added;integration_contract_added,
BF-CYB-R1000-0458,R1000-0458,Fallo inducido,ROMPER,ROMPER,failure_resilience,failure_resilience,hybrid,cybersecurity,sandbox_required,defensive_design,extended,extended,69,46,approved_auto,domain_reclassified;execution_hardened;causal_axis_added;integration_contract_added,
BF-CYB-R1000-0460,R1000-0460,Fallo tardío deliberado,CARTOGRAFIAR,ROMPER,failure_resilience,failure_resilience,hybrid,cybersecurity,defensive_design,defensive_design,extended,extended,69,46,approved_auto,stage_reclassified;domain_reclassified;causal_axis_added;integration_contract_added,
BF-CYB-R1000-0465,R1000-0465,Fallo por exceso,ROMPER,ROMPER,failure_resilience,failure_resilience,hybrid,cybersecurity,defensive_design,defensive_design,extended,extended,69,46,approved_auto,domain_reclassified;causal_axis_added;integration_contract_added,
BF-CYB-R1000-0474,R1000-0474,Resiliencia por aislamiento,ROMPER,ROMPER,failure_resilience,failure_resilience,cybersecurity,cybersecurity,defensive_design,defensive_design,extended,extended,74,46,approved_auto,causal_axis_added;integration_contract_added,
BF-CYB-R1000-0493,R1000-0493,Economía de acceso,ROMPER,ROMPER,trust_identity_access,trust_identity_access,cybersecurity,cybersecurity,defensive_design,defensive_design,extended,extended,71,46,approved_auto,causal_axis_added;integration_contract_added,
BF-CYB-R1000-0909,R1000-0909,Futuro sin identidad fija,ROMPER,ROMPER,trust_identity_access,trust_identity_access,cybersecurity,cybersecurity,defensive_design,defensive_design,extended,extended,66,46,approved_auto,causal_axis_added;integration_contract_added,
BF-CYB-R1000-0242,R1000-0242,Información adversarial,ATACAR,ATACAR,adversarial_threat,adversarial_threat,cybersecurity,cybersecurity,defensive_design,defensive_design,extended,extended,66,45,manual_review_recommended,causal_axis_added;integration_contract_added,
BF-CYB-R1000-0473,R1000-0473,Resiliencia por olvido,DESCOMPONER,ATACAR,failure_resilience,failure_resilience,developer_tools,cybersecurity,defensive_design,defensive_design,extended,extended,74,45,approved_auto,stage_reclassified;domain_reclassified;causal_axis_added;integration_contract_added,
BF-CYB-R1000-0537,R1000-0537,Lenguaje adversarial,ATACAR,ATACAR,adversarial_threat,adversarial_threat,cybersecurity,cybersecurity,defensive_design,defensive_design,extended,extended,66,45,manual_review_recommended,causal_axis_added;integration_contract_added,
BF-CYB-R1000-0780,R1000-0780,Defensa por mínimo privilegio,ATACAR,ATACAR,trust_identity_access,trust_identity_access,cybersecurity,cybersecurity,defensive_design,defensive_design,core,extended,81,45,approved_auto,tier_recalibrated;causal_axis_added;integration_contract_added,
BF-CYB-R1000-0782,R1000-0782,Defensa por doble autorización,ATACAR,ATACAR,trust_identity_access,trust_identity_access,cybersecurity,cybersecurity,defensive_design,defensive_design,core,extended,81,45,approved_auto,tier_recalibrated;causal_axis_added;integration_contract_added,
BF-CYB-R1000-0785,R1000-0785,Defensa por irreversibilidad limitada,ATACAR,ATACAR,adversarial_threat,adversarial_threat,cybersecurity,cybersecurity,defensive_design,defensive_design,core,extended,76,45,approved_auto,tier_recalibrated;causal_axis_added;integration_contract_added,
BF-CYB-R1000-0934,R1000-0934,Marco adversarial,ATACAR,ATACAR,adversarial_threat,adversarial_threat,cybersecurity,cybersecurity,defensive_design,defensive_design,extended,extended,66,45,manual_review_recommended,causal_axis_added;integration_contract_added,
BF-CYB-S800-0568,S800-0568,Compresión adversarial,ATACAR,ATACAR,adversarial_threat,adversarial_threat,cybersecurity,cybersecurity,defensive_design,defensive_design,extended,extended,71,45,manual_review_recommended,causal_axis_added;integration_contract_added,
BF-CYB-M800-0439,M800-0439,Diagnóstico visual,CARTOGRAFIAR,CARTOGRAFIAR,failure_resilience,failure_resilience,hybrid,cybersecurity,defensive_design,defensive_design,extended,extended,65,45,approved_auto,domain_reclassified;causal_axis_added;integration_contract_added,
BF-CYB-R1000-0760,R1000-0760,Modelo de suscripción inversa,ROMPER,CARTOGRAFIAR,trust_identity_access,agents_ai_devtools,hybrid,developer_tools,defensive_design,defensive_design,extended,extended,71,45,approved_auto,stage_reclassified;category_reclassified;domain_reclassified;causal_axis_added;integration_contract_added,
BF-CYB-S800-0521,S800-0521,Diccionario de riesgos,DIVERGIR,DELIMITAR,failure_resilience,decision_risk,hybrid,cybersecurity,defensive_design,defensive_design,extended,extended,65,45,approved_auto,stage_reclassified;category_reclassified;domain_reclassified;causal_axis_added;integration_contract_added,
BF-CYB-S800-0730,S800-0730,Enjambre con quorum cambiante,EVOLUCIONAR,DELIMITAR,agents_ai_devtools,agents_ai_devtools,developer_tools,cybersecurity,defensive_design,defensive_design,extended,extended,66,45,approved_auto,stage_reclassified;domain_reclassified;causal_axis_added;integration_contract_added,
BF-CYB-S800-0481,S800-0481,Presupuesto de confianza,ROMPER,DESCOMPONER,trust_identity_access,trust_identity_access,hybrid,developer_tools,defensive_design,defensive_design,extended,extended,73,45,approved_auto,stage_reclassified;domain_reclassified;causal_axis_added;integration_contract_added,
BF-CYB-M800-0110,M800-0110,Ruta redundante,DIVERGIR,DIVERGIR,failure_resilience,failure_resilience,hybrid,cybersecurity,defensive_design,defensive_design,extended,extended,65,45,approved_auto,domain_reclassified;causal_axis_added;integration_contract_added,
BF-CYB-M800-0265,M800-0265,Reutilizar errores,DIVERGIR,DIVERGIR,failure_resilience,failure_resilience,hybrid,cybersecurity,defensive_design,defensive_design,extended,extended,65,45,approved_auto,domain_reclassified;causal_axis_added;integration_contract_added,
BF-CYB-M800-0302,M800-0302,Autopsia comparada,DIVERGIR,DIVERGIR,failure_resilience,failure_resilience,hybrid,cybersecurity,defensive_design,defensive_design,core,extended,69,45,approved_auto,domain_reclassified;tier_recalibrated;causal_axis_added;integration_contract_added,
BF-CYB-M800-0308,M800-0308,Redundancia diversa,DIVERGIR,DIVERGIR,failure_resilience,failure_resilience,hybrid,cybersecurity,defensive_design,defensive_design,core,extended,69,45,approved_auto,domain_reclassified;tier_recalibrated;causal_axis_added;integration_contract_added,
BF-CYB-M800-0313,M800-0313,Resiliencia económica,DIVERGIR,DIVERGIR,failure_resilience,failure_resilience,hybrid,cybersecurity,defensive_design,defensive_design,core,extended,65,45,approved_auto,domain_reclassified;tier_recalibrated;causal_axis_added;integration_contract_added,
BF-CYB-M800-0317,M800-0317,Resiliencia de conocimiento,DIVERGIR,DIVERGIR,failure_resilience,failure_resilience,hybrid,cybersecurity,defensive_design,defensive_design,core,extended,65,45,approved_auto,domain_reclassified;tier_recalibrated;causal_axis_added;integration_contract_added,
BF-CYB-M800-0319,M800-0319,Caos controlado,DIVERGIR,DIVERGIR,failure_resilience,failure_resilience,hybrid,cybersecurity,defensive_design,defensive_design,core,extended,69,45,approved_auto,domain_reclassified;tier_recalibrated;causal_axis_added;integration_contract_added,
BF-CYB-M800-0381,M800-0381,Mínimo privilegio,DIVERGIR,DIVERGIR,trust_identity_access,trust_identity_access,cybersecurity,cybersecurity,defensive_design,defensive_design,extended,extended,76,45,approved_auto,causal_axis_added;integration_contract_added,
BF-CYB-M800-0468,M800-0468,Identidad aspiracional,DIVERGIR,DIVERGIR,trust_identity_access,trust_identity_access,cybersecurity,cybersecurity,defensive_design,defensive_design,extended,extended,66,45,approved_auto,causal_axis_added;integration_contract_added,
BF-CYB-M800-0528,M800-0528,Mantenimiento predictivo,DIVERGIR,DIVERGIR,failure_resilience,failure_resilience,hybrid,cybersecurity,defensive_design,defensive_design,extended,extended,65,45,approved_auto,domain_reclassified;causal_axis_added;integration_contract_added,
BF-CYB-S800-0230,S800-0230,Subestructura fantasma,DIVERGIR,DIVERGIR,failure_resilience,failure_resilience,hybrid,cybersecurity,defensive_design,defensive_design,extended,extended,65,45,approved_auto,domain_reclassified;causal_axis_added;integration_contract_added,
BF-CYB-S800-0936,S800-0936,Trasplante minero,DIVERGIR,DIVERGIR,trust_identity_access,cross_domain_transfer,cybersecurity,cybersecurity,defensive_design,defensive_design,extended,extended,68,45,approved_auto,category_reclassified;causal_axis_added;integration_contract_added,
BF-CYB-S800-0988,S800-0988,Trasplante museístico,DIVERGIR,DIVERGIR,data_privacy_provenance,cross_domain_transfer,cybersecurity,cybersecurity,defensive_design,defensive_design,extended,extended,68,45,approved_auto,category_reclassified;causal_axis_added;integration_contract_added,
BF-CYB-M800-0546,M800-0546,IA con herramientas,DIVERGIR,EVALUAR,agents_ai_devtools,agents_ai_devtools,developer_tools,developer_tools,defensive_design,local_analysis,core,extended,66,45,manual_review_recommended,stage_reclassified;execution_hardened;tier_recalibrated;causal_axis_added;integration_contract_added,
BF-CYB-M800-0620,M800-0620,Sin confianza institucional,DIVERGIR,EVALUAR,trust_identity_access,trust_identity_access,cybersecurity,cybersecurity,defensive_design,local_analysis,extended,extended,74,45,approved_auto,stage_reclassified;execution_hardened;causal_axis_added;integration_contract_added,
BF-CYB-S800-0440,S800-0440,Veto aleatorio auditado,DIVERGIR,EVALUAR,governance_incentives,governance_incentives,hybrid,cybersecurity,defensive_design,local_analysis,extended,extended,61,45,approved_auto,stage_reclassified;domain_reclassified;execution_hardened;causal_axis_added;integration_contract_added,
BF-CYB-S800-0890,S800-0890,Verificación de doble ciego,MATERIALIZAR,EVALUAR,trust_identity_access,evidence_verification,hybrid,cybersecurity,local_analysis,defensive_design,core,extended,83,45,approved_auto,stage_reclassified;category_reclassified;domain_reclassified;execution_hardened;tier_recalibrated;causal_axis_added;integration_contract_added,
BF-CYB-M800-0320,M800-0320,Presupuesto de error,EVOLUCIONAR,EVOLUCIONAR,failure_resilience,failure_resilience,hybrid,cybersecurity,defensive_design,defensive_design,core,extended,71,45,approved_auto,domain_reclassified;tier_recalibrated;causal_axis_added;integration_contract_added,
BF-CYB-S800-0710,S800-0710,Agente con identidad compuesta,EVOLUCIONAR,EVOLUCIONAR,trust_identity_access,agents_ai_devtools,hybrid,developer_tools,defensive_design,defensive_design,extended,extended,71,45,approved_auto,category_reclassified;domain_reclassified;causal_axis_added;integration_contract_added,
BF-CYB-S800-0716,S800-0716,Agente amnésico,EVOLUCIONAR,EVOLUCIONAR,trust_identity_access,agents_ai_devtools,hybrid,developer_tools,defensive_design,defensive_design,extended,extended,71,45,approved_auto,category_reclassified;domain_reclassified;causal_axis_added;integration_contract_added,
BF-CYB-S800-0767,S800-0767,Razonamiento de no identidad,EVOLUCIONAR,EVOLUCIONAR,trust_identity_access,trust_identity_access,hybrid,cybersecurity,defensive_design,defensive_design,extended,extended,71,45,approved_auto,domain_reclassified;causal_axis_added;integration_contract_added,
BF-CYB-M800-0310,M800-0310,Simulación de desastre,MATERIALIZAR,MATERIALIZAR,experimentation_benchmarks,experimentation_benchmarks,hybrid,cybersecurity,local_analysis,local_analysis,core,extended,65,45,manual_review_recommended,domain_reclassified;tier_recalibrated;causal_axis_added;integration_contract_added,
BF-CYB-R1000-0956,R1000-0956,Prototipo adversarial,ATACAR,MATERIALIZAR,experimentation_benchmarks,experimentation_benchmarks,cybersecurity,cybersecurity,defensive_design,defensive_design,core,extended,70,45,manual_review_recommended,stage_reclassified;tier_recalibrated;causal_axis_added;integration_contract_added,
BF-CYB-R1000-0200,R1000-0200,Recompensa por obsolescencia,ROMPER,ROMPER,agents_ai_devtools,governance_incentives,hybrid,cybersecurity,defensive_design,defensive_design,extended,extended,63,45,approved_auto,category_reclassified;domain_reclassified;causal_axis_added;integration_contract_added,
BF-CYB-R1000-0921,R1000-0921,Futuro de vidas efímeras,ROMPER,ROMPER,trust_identity_access,trust_identity_access,cybersecurity,cybersecurity,defensive_design,defensive_design,extended,extended,66,45,approved_auto,causal_axis_added;integration_contract_added,
BF-CYB-S800-0451,S800-0451,Incentivo invertido selectivo,DIVERGIR,ROMPER,failure_resilience,governance_incentives,hybrid,cybersecurity,defensive_design,defensive_design,extended,extended,65,45,approved_auto,stage_reclassified;category_reclassified;domain_reclassified;causal_axis_added;integration_contract_added,
BF-CYB-L600-1543,L600-1543,Lente de extracción de modelo,CARTOGRAFIAR,CARTOGRAFIAR,agents_ai_devtools,agents_ai_devtools,developer_tools,cybersecurity,conceptual_only,conceptual_only,core,extended,61,44,manual_review_recommended,domain_reclassified;tier_recalibrated;causal_axis_added;integration_contract_added,
BF-CYB-M800-0422,M800-0422,Reparabilidad primero,CARTOGRAFIAR,CARTOGRAFIAR,trust_identity_access,trust_identity_access,cybersecurity,cybersecurity,defensive_design,defensive_design,extended,extended,66,44,approved_auto,causal_axis_added;integration_contract_added,
BF-CYB-M800-0607,M800-0607,Sin estados nacionales,DESCOMPONER,DESCOMPONER,causal_state_transitions,causal_state_transitions,developer_tools,cybersecurity,defensive_design,defensive_design,extended,extended,70,44,manual_review_recommended,domain_reclassified;causal_axis_added;integration_contract_added,
BF-CYB-M800-0710,M800-0710,Rituales compartidos,DIVERGIR,DIVERGIR,trust_identity_access,trust_identity_access,cybersecurity,cybersecurity,defensive_design,defensive_design,extended,extended,66,44,approved_auto,causal_axis_added;integration_contract_added,
BF-CYB-S800-0203,S800-0203,Puertas recíprocas,DIVERGIR,DIVERGIR,trust_identity_access,trust_identity_access,cybersecurity,cybersecurity,defensive_design,defensive_design,extended,extended,66,44,approved_auto,causal_axis_added;integration_contract_added,
BF-CYB-S800-0246,S800-0246,Puentes autoerosionables,DIVERGIR,DIVERGIR,trust_identity_access,trust_identity_access,cybersecurity,cybersecurity,defensive_design,defensive_design,extended,extended,66,44,approved_auto,causal_axis_added;integration_contract_added,
BF-CYB-S800-0402,S800-0402,Gobernanza por desgaste,DIVERGIR,DIVERGIR,agents_ai_devtools,governance_incentives,hybrid,cybersecurity,defensive_design,defensive_design,extended,extended,61,44,approved_auto,category_reclassified;domain_reclassified;causal_axis_added;integration_contract_added,
BF-CYB-S800-0404,S800-0404,Gobernanza por pares,DIVERGIR,DIVERGIR,governance_incentives,governance_incentives,hybrid,cybersecurity,defensive_design,defensive_design,extended,extended,61,44,approved_auto,domain_reclassified;causal_axis_added;integration_contract_added,
BF-CYB-S800-0405,S800-0405,Gobernanza por minoría,DIVERGIR,DIVERGIR,agents_ai_devtools,governance_incentives,hybrid,cybersecurity,defensive_design,defensive_design,extended,extended,61,44,approved_auto,category_reclassified;domain_reclassified;causal_axis_added;integration_contract_added,
BF-CYB-S800-0415,S800-0415,Gobernanza diferida,DIVERGIR,DIVERGIR,governance_incentives,governance_incentives,hybrid,cybersecurity,defensive_design,defensive_design,extended,extended,61,44,approved_auto,domain_reclassified;causal_axis_added;integration_contract_added,
BF-CYB-S800-0441,S800-0441,Consenso por desacuerdo mínimo,DIVERGIR,DIVERGIR,governance_incentives,governance_incentives,hybrid,cybersecurity,defensive_design,defensive_design,extended,extended,61,44,approved_auto,domain_reclassified;causal_axis_added;integration_contract_added,
BF-CYB-S800-0442,S800-0442,Consenso por diversidad máxima,DIVERGIR,DIVERGIR,agents_ai_devtools,governance_incentives,hybrid,cybersecurity,defensive_design,defensive_design,extended,extended,63,44,approved_auto,category_reclassified;domain_reclassified;causal_axis_added;integration_contract_added,
BF-CYB-S800-0444,S800-0444,Consenso por sacrificio,DIVERGIR,DIVERGIR,agents_ai_devtools,governance_incentives,hybrid,cybersecurity,defensive_design,defensive_design,extended,extended,61,44,approved_auto,category_reclassified;domain_reclassified;causal_axis_added;integration_contract_added,
BF-CYB-S800-0446,S800-0446,Consenso por ignorancia,DIVERGIR,DIVERGIR,trust_identity_access,governance_incentives,cybersecurity,cybersecurity,defensive_design,defensive_design,extended,extended,66,44,approved_auto,category_reclassified;causal_axis_added;integration_contract_added,
BF-CYB-S800-0449,S800-0449,Consenso por capas,DIVERGIR,DIVERGIR,governance_incentives,governance_incentives,hybrid,cybersecurity,defensive_design,defensive_design,extended,extended,61,44,approved_auto,domain_reclassified;causal_axis_added;integration_contract_added,
BF-CYB-S800-0461,S800-0461,Mercado de permisos,DIVERGIR,DIVERGIR,trust_identity_access,governance_incentives,cybersecurity,cybersecurity,defensive_design,defensive_design,extended,extended,66,44,approved_auto,category_reclassified;causal_axis_added;integration_contract_added,
BF-CYB-S800-0549,S800-0549,Canal de consenso residual,DIVERGIR,DIVERGIR,governance_incentives,governance_incentives,developer_tools,cybersecurity,defensive_design,defensive_design,extended,extended,66,44,approved_auto,domain_reclassified;causal_axis_added;integration_contract_added,
BF-CYB-S800-0660,S800-0660,Sesgo de consenso,DIVERGIR,DIVERGIR,governance_incentives,governance_incentives,hybrid,cybersecurity,defensive_design,defensive_design,extended,extended,61,44,approved_auto,domain_reclassified;causal_axis_added;integration_contract_added,
BF-CYB-S800-0921,S800-0921,Trasplante geológico,DIVERGIR,DIVERGIR,failure_resilience,cross_domain_transfer,hybrid,cybersecurity,defensive_design,defensive_design,extended,extended,67,44,approved_auto,category_reclassified;domain_reclassified;causal_axis_added;integration_contract_added,
BF-CYB-S800-0974,S800-0974,Trasplante de hardware,DIVERGIR,DIVERGIR,failure_resilience,cross_domain_transfer,hybrid,cybersecurity,defensive_design,defensive_design,extended,extended,67,44,approved_auto,category_reclassified;domain_reclassified;causal_axis_added;integration_contract_added,
BF-CYB-R1000-0403,R1000-0403,Confianza caducable,EVALUAR,EVALUAR,trust_identity_access,trust_identity_access,cybersecurity,cybersecurity,local_analysis,local_analysis,extended,extended,70,44,approved_auto,causal_axis_added;integration_contract_added,
BF-CYB-R1000-0415,R1000-0415,Verificación continua,EVALUAR,EVALUAR,trust_identity_access,evidence_verification,cybersecurity,cybersecurity,local_analysis,local_analysis,extended,extended,70,44,approved_auto,category_reclassified;causal_axis_added;integration_contract_added,
BF-CYB-R1000-0416,R1000-0416,Verificación aleatoria,EVALUAR,EVALUAR,trust_identity_access,evidence_verification,cybersecurity,cybersecurity,local_analysis,local_analysis,extended,extended,70,44,approved_auto,category_reclassified;causal_axis_added;integration_contract_added,
BF-CYB-R1000-0417,R1000-0417,Verificación cruzada,EVALUAR,EVALUAR,trust_identity_access,evidence_verification,cybersecurity,cybersecurity,local_analysis,local_analysis,extended,extended,67,44,manual_review_recommended,category_reclassified;causal_axis_added;integration_contract_added,
BF-CYB-R1000-0418,R1000-0418,Verificación externa,EVALUAR,EVALUAR,trust_identity_access,evidence_verification,cybersecurity,cybersecurity,local_analysis,local_analysis,extended,extended,70,44,approved_auto,category_reclassified;causal_axis_added;integration_contract_added,
BF-CYB-R1000-0419,R1000-0419,Verificación recursiva,EVALUAR,EVALUAR,trust_identity_access,evidence_verification,cybersecurity,cybersecurity,local_analysis,local_analysis,extended,extended,70,44,approved_auto,category_reclassified;causal_axis_added;integration_contract_added,
BF-CYB-R1000-0422,R1000-0422,Verificación por consecuencias,EVALUAR,EVALUAR,trust_identity_access,evidence_verification,cybersecurity,cybersecurity,local_analysis,local_analysis,extended,extended,70,44,approved_auto,category_reclassified;causal_axis_added;integration_contract_added,
BF-CYB-R1000-0423,R1000-0423,Verificación por ausencia,EVALUAR,EVALUAR,trust_identity_access,evidence_verification,cybersecurity,cybersecurity,local_analysis,local_analysis,extended,extended,70,44,approved_auto,category_reclassified;causal_axis_added;integration_contract_added,
BF-CYB-R1000-0425,R1000-0425,Verificación escalonada,EVALUAR,EVALUAR,trust_identity_access,evidence_verification,cybersecurity,cybersecurity,local_analysis,local_analysis,extended,extended,70,44,approved_auto,category_reclassified;causal_axis_added;integration_contract_added,
BF-CYB-S800-0882,S800-0882,Auditoría por contradicciones,MATERIALIZAR,EVALUAR,evidence_verification,evidence_verification,developer_tools,cybersecurity,local_analysis,local_analysis,core,extended,78,44,approved_auto,stage_reclassified;domain_reclassified;tier_recalibrated;causal_axis_added;integration_contract_added,
BF-CYB-S800-0884,S800-0884,Auditoría por sorpresa,MATERIALIZAR,EVALUAR,evidence_verification,evidence_verification,developer_tools,cybersecurity,local_analysis,local_analysis,core,extended,78,44,approved_auto,stage_reclassified;domain_reclassified;tier_recalibrated;causal_axis_added;integration_contract_added,
BF-CYB-S800-0885,S800-0885,Auditoría por linaje,MATERIALIZAR,EVALUAR,evidence_verification,evidence_verification,developer_tools,cybersecurity,local_analysis,local_analysis,core,extended,78,44,approved_auto,stage_reclassified;domain_reclassified;tier_recalibrated;causal_axis_added;integration_contract_added,
BF-CYB-S800-0886,S800-0886,Auditoría por capacidad,MATERIALIZAR,EVALUAR,evidence_verification,evidence_verification,developer_tools,cybersecurity,local_analysis,local_analysis,core,extended,78,44,approved_auto,stage_reclassified;domain_reclassified;tier_recalibrated;causal_axis_added;integration_contract_added,
BF-CYB-S800-0887,S800-0887,Auditoría por no eventos,MATERIALIZAR,EVALUAR,evidence_verification,evidence_verification,developer_tools,cybersecurity,local_analysis,local_analysis,core,extended,78,44,approved_auto,stage_reclassified;domain_reclassified;tier_recalibrated;causal_axis_added;integration_contract_added,
BF-CYB-S800-0889,S800-0889,Auditoría por transferencia,MATERIALIZAR,EVALUAR,evidence_verification,evidence_verification,developer_tools,cybersecurity,local_analysis,local_analysis,core,extended,78,44,approved_auto,stage_reclassified;domain_reclassified;tier_recalibrated;causal_axis_added;integration_contract_added,
BF-CYB-S800-0892,S800-0892,Verificación cruzada asincrónica,MATERIALIZAR,EVALUAR,evidence_verification,evidence_verification,developer_tools,cybersecurity,local_analysis,local_analysis,core,extended,78,44,approved_auto,stage_reclassified;domain_reclassified;tier_recalibrated;causal_axis_added;integration_contract_added,
BF-CYB-S800-0896,S800-0896,Verificación por degradación deliberada,MATERIALIZAR,EVALUAR,evidence_verification,evidence_verification,developer_tools,cybersecurity,local_analysis,local_analysis,core,extended,82,44,approved_auto,stage_reclassified;domain_reclassified;tier_recalibrated;causal_axis_added;integration_contract_added,
BF-CYB-S800-0897,S800-0897,Verificación por recomposición,MATERIALIZAR,EVALUAR,evidence_verification,evidence_verification,developer_tools,cybersecurity,local_analysis,local_analysis,core,extended,78,44,approved_auto,stage_reclassified;domain_reclassified;tier_recalibrated;causal_axis_added;integration_contract_added,
BF-CYB-S800-0899,S800-0899,Verificación de olvido,MATERIALIZAR,EVALUAR,evidence_verification,evidence_verification,developer_tools,cybersecurity,local_analysis,local_analysis,core,extended,78,44,approved_auto,stage_reclassified;domain_reclassified;tier_recalibrated;causal_axis_added;integration_contract_added,
BF-CYB-S800-0770,S800-0770,Aprendizaje por fallos vecinos,EVOLUCIONAR,EVOLUCIONAR,failure_resilience,failure_resilience,developer_tools,developer_tools,defensive_design,defensive_design,extended,extended,70,44,approved_auto,causal_axis_added;integration_contract_added,
BF-CYB-S800-0771,S800-0771,Aprendizaje por fallos lejanos,EVOLUCIONAR,EVOLUCIONAR,failure_resilience,failure_resilience,developer_tools,developer_tools,defensive_design,defensive_design,extended,extended,70,44,approved_auto,causal_axis_added;integration_contract_added,
BF-CYB-R1000-0400,R1000-0400,Rol vacío,ROMPER,ROMPER,trust_identity_access,trust_identity_access,cybersecurity,cybersecurity,defensive_design,defensive_design,extended,extended,66,44,approved_auto,causal_axis_added;integration_contract_added,
BF-CYB-L600-1503,L600-1503,Lente DREAD,ATACAR,CARTOGRAFIAR,adversarial_threat,adversarial_threat,cybersecurity,cybersecurity,sandbox_required,sandbox_required,core,extended,61,55,approved_with_guardrails,stage_reclassified;tier_recalibrated;causal_axis_added;integration_contract_added,
BF-CYB-L600-1537,L600-1537,Lente de ataque de inferencia,ATACAR,CARTOGRAFIAR,adversarial_threat,adversarial_threat,cybersecurity,cybersecurity,sandbox_required,sandbox_required,core,extended,61,52,approved_with_guardrails,stage_reclassified;tier_recalibrated;causal_axis_added;integration_contract_added,
BF-CYB-M800-0283,M800-0283,Pensar como saboteador interno,ATACAR,ATACAR,adversarial_threat,adversarial_threat,cybersecurity,cybersecurity,sandbox_required,sandbox_required,core,extended,66,49,approved_with_guardrails,tier_recalibrated;causal_axis_added;integration_contract_added,
BF-CYB-M800-0287,M800-0287,Ataque al supuesto principal,ATACAR,ATACAR,adversarial_threat,adversarial_threat,cybersecurity,cybersecurity,sandbox_required,sandbox_required,core,extended,73,49,approved_with_guardrails,tier_recalibrated;causal_axis_added;integration_contract_added,
BF-CYB-M800-0296,M800-0296,Ataque de captura,ATACAR,ATACAR,adversarial_threat,adversarial_threat,cybersecurity,cybersecurity,sandbox_required,sandbox_required,core,extended,71,49,approved_with_guardrails,tier_recalibrated;causal_axis_added;integration_contract_added,
BF-CYB-M800-0297,M800-0297,Ataque de imitación,ATACAR,ATACAR,adversarial_threat,adversarial_threat,cybersecurity,cybersecurity,sandbox_required,sandbox_required,core,extended,71,49,approved_with_guardrails,tier_recalibrated;causal_axis_added;integration_contract_added,
BF-CYB-M800-0299,M800-0299,Ataque jurídico,ATACAR,ATACAR,adversarial_threat,adversarial_threat,cybersecurity,cybersecurity,sandbox_required,sandbox_required,core,extended,71,49,approved_with_guardrails,tier_recalibrated;causal_axis_added;integration_contract_added,
BF-CYB-R1000-0791,R1000-0791,Ataque de premisas,ATACAR,ATACAR,adversarial_threat,adversarial_threat,cybersecurity,cybersecurity,sandbox_required,sandbox_required,core,extended,78,46,approved_with_guardrails,tier_recalibrated;causal_axis_added;integration_contract_added,
BF-CYB-S800-0891,S800-0891,Verificación con sabotaje autorizado,MATERIALIZAR,EVALUAR,trust_identity_access,evidence_verification,hybrid,cybersecurity,sandbox_required,sandbox_required,core,extended,83,46,approved_with_guardrails,stage_reclassified;category_reclassified;domain_reclassified;tier_recalibrated;causal_axis_added;integration_contract_added,
BF-CYB-M800-0291,M800-0291,Ataque a la escala,ATACAR,ATACAR,adversarial_threat,adversarial_threat,cybersecurity,cybersecurity,sandbox_required,sandbox_required,core,extended,71,45,approved_with_guardrails,tier_recalibrated;causal_axis_added;integration_contract_added,
BF-CYB-R1000-0796,R1000-0796,Ataque económico,ATACAR,ATACAR,adversarial_threat,adversarial_threat,cybersecurity,cybersecurity,sandbox_required,sandbox_required,core,extended,76,45,approved_with_guardrails,tier_recalibrated;causal_axis_added;integration_contract_added,
BF-CYB-S800-0787,S800-0787,Evaluador adversarial rotatorio,ATACAR,ATACAR,adversarial_threat,adversarial_threat,hybrid,cybersecurity,sandbox_required,sandbox_required,extended,extended,76,45,approved_with_guardrails,domain_reclassified;causal_axis_added;integration_contract_added,
BF-CYB-M800-0570,M800-0570,Secreto dividido,DIVERGIR,EVALUAR,data_privacy_provenance,data_privacy_provenance,cybersecurity,cybersecurity,defensive_design,sandbox_required,core,extended,71,71,approved_with_guardrails,stage_reclassified;execution_hardened;tier_recalibrated;causal_axis_added;integration_contract_added,
BF-CYB-L600-1523,L600-1523,Lente de rotación por evento,CARTOGRAFIAR,CARTOGRAFIAR,data_privacy_provenance,data_privacy_provenance,cybersecurity,cybersecurity,conceptual_only,sandbox_required,core,extended,61,66,approved_with_guardrails,execution_hardened;tier_recalibrated;causal_axis_added;integration_contract_added,
BF-CYB-R1000-0794,R1000-0794,Ataque temporal,ATACAR,ATACAR,adversarial_threat,adversarial_threat,cybersecurity,cybersecurity,sandbox_required,sandbox_required,core,extended,76,61,approved_with_guardrails,tier_recalibrated;causal_axis_added;integration_contract_added,
BF-CYB-M800-0569,M800-0569,Rotación automática,DIVERGIR,DIVERGIR,data_privacy_provenance,data_privacy_provenance,cybersecurity,cybersecurity,defensive_design,sandbox_required,core,extended,71,53,approved_with_guardrails,execution_hardened;tier_recalibrated;causal_axis_added;integration_contract_added,
BF-CYB-L600-1521,L600-1521,Lente de secreto de avance,CARTOGRAFIAR,CARTOGRAFIAR,data_privacy_provenance,data_privacy_provenance,cybersecurity,cybersecurity,conceptual_only,sandbox_required,core,extended,61,52,approved_with_guardrails,execution_hardened;tier_recalibrated;causal_axis_added;integration_contract_added,
BF-CYB-L600-1522,L600-1522,Lente de secreto futuro,CARTOGRAFIAR,CARTOGRAFIAR,data_privacy_provenance,data_privacy_provenance,cybersecurity,cybersecurity,conceptual_only,sandbox_required,core,extended,66,51,approved_with_guardrails,execution_hardened;tier_recalibrated;causal_axis_added;integration_contract_added,
BF-CYB-L600-1505,L600-1505,Lente kill chain,CARTOGRAFIAR,CARTOGRAFIAR,general_innovation,adversarial_threat,cybersecurity,cybersecurity,sandbox_required,sandbox_required,core,extended,61,49,approved_with_guardrails,category_reclassified;tier_recalibrated;causal_axis_added;integration_contract_added,
BF-CYB-L600-1542,L600-1542,Lente de puerta trasera de modelo,CARTOGRAFIAR,CARTOGRAFIAR,data_privacy_provenance,agents_ai_devtools,hybrid,cybersecurity,sandbox_required,sandbox_required,core,extended,71,47,approved_with_guardrails,category_reclassified;domain_reclassified;tier_recalibrated;causal_axis_added;integration_contract_added,
BF-CYB-L600-1515,L600-1515,Lente de autenticación resistente al phishing,CARTOGRAFIAR,CARTOGRAFIAR,trust_identity_access,trust_identity_access,cybersecurity,cybersecurity,conceptual_only,sandbox_required,core,extended,66,45,approved_with_guardrails,execution_hardened;tier_recalibrated;causal_axis_added;integration_contract_added,
BF-CYB-M800-0284,M800-0284,Pensar como usuario oportunista,ATACAR,DIVERGIR,adversarial_threat,human_factors,cybersecurity,cybersecurity,defensive_design,defensive_design,core,research,66,38,manual_review_recommended,stage_reclassified;category_reclassified;tier_recalibrated;causal_axis_added;integration_contract_added,
BF-CYB-M800-0184,M800-0184,Bosque resiliente,DIVERGIR,DIVERGIR,failure_resilience,novelty_diversity,hybrid,cybersecurity,defensive_design,defensive_design,extended,research,67,37,manual_review_recommended,category_reclassified;domain_reclassified;tier_recalibrated;causal_axis_added;integration_contract_added,
BF-CYB-R1000-0805,R1000-0805,Ética del cuidado,ROMPER,ROMPER,general_innovation,human_legal_ethics,cybersecurity,cybersecurity,defensive_design,defensive_design,extended,research,66,37,manual_review_recommended,category_reclassified;tier_recalibrated;causal_axis_added;integration_contract_added,
BF-CYB-M800-0443,M800-0443,Camino feliz único,DIVERGIR,DIVERGIR,agents_ai_devtools,human_factors,hybrid,cybersecurity,defensive_design,defensive_design,extended,research,61,34,manual_review_recommended,category_reclassified;domain_reclassified;tier_recalibrated;causal_axis_added;integration_contract_added,
BF-CYB-R1000-0777,R1000-0777,Defensa por diversidad,ATACAR,DIVERGIR,adversarial_threat,novelty_diversity,cybersecurity,cybersecurity,defensive_design,defensive_design,core,research,78,34,manual_review_recommended,stage_reclassified;category_reclassified;tier_recalibrated;causal_axis_added;integration_contract_added,
BF-CYB-L600-1529,L600-1529,Lente de t-closeness,CARTOGRAFIAR,CARTOGRAFIAR,general_innovation,general_innovation,hybrid,cybersecurity,conceptual_only,conceptual_only,core,research,56,59,manual_review_recommended,domain_reclassified;tier_recalibrated;causal_axis_added;integration_contract_added,
BF-CYB-M800-0035,M800-0035,Supuesto de centralidad,ROMPER,ROMPER,general_innovation,general_innovation,hybrid,cybersecurity,defensive_design,defensive_design,extended,research,67,58,manual_review_recommended,domain_reclassified;tier_recalibrated;causal_axis_added;integration_contract_added,
BF-CYB-M800-0022,M800-0022,Supuesto cero,ROMPER,ROMPER,general_innovation,general_innovation,hybrid,cybersecurity,defensive_design,defensive_design,extended,research,67,55,manual_review_recommended,domain_reclassified;tier_recalibrated;causal_axis_added;integration_contract_added,
BF-CYB-L600-1460,L600-1460,Lente de ojos en la calle,CARTOGRAFIAR,CARTOGRAFIAR,general_innovation,general_innovation,cybersecurity,cybersecurity,conceptual_only,conceptual_only,extended,research,61,54,manual_review_recommended,tier_recalibrated;causal_axis_added;integration_contract_added,
BF-CYB-M800-0573,M800-0573,Superficie mínima,ROMPER,ROMPER,general_innovation,general_innovation,cybersecurity,cybersecurity,defensive_design,defensive_design,core,research,68,53,manual_review_recommended,tier_recalibrated;causal_axis_added;integration_contract_added,
BF-CYB-M800-0060,M800-0060,Solo tecnología antigua,DIVERGIR,DESCOMPONER,agents_ai_devtools,general_innovation,hybrid,cybersecurity,defensive_design,defensive_design,extended,research,61,51,manual_review_recommended,stage_reclassified;category_reclassified;domain_reclassified;tier_recalibrated;causal_axis_added;integration_contract_added,
BF-CYB-R1000-0324,R1000-0324,Descomposición por observabilidad,DESCOMPONER,DESCOMPONER,general_innovation,general_innovation,hybrid,cybersecurity,defensive_design,defensive_design,extended,research,65,49,manual_review_recommended,domain_reclassified;tier_recalibrated;causal_axis_added;integration_contract_added,
BF-CYB-R1000-0895,R1000-0895,Hibridación temporal,DIVERGIR,ROMPER,general_innovation,general_innovation,hybrid,cybersecurity,defensive_design,defensive_design,extended,research,61,49,manual_review_recommended,stage_reclassified;domain_reclassified;tier_recalibrated;causal_axis_added;integration_contract_added,
BF-CYB-L600-1512,L600-1512,Lente de revisión de cuatro ojos,CARTOGRAFIAR,CARTOGRAFIAR,general_innovation,general_innovation,hybrid,cybersecurity,conceptual_only,conceptual_only,core,research,56,48,manual_review_recommended,domain_reclassified;tier_recalibrated;causal_axis_added;integration_contract_added,
BF-CYB-L600-1539,L600-1539,Lente de membresía,CARTOGRAFIAR,CARTOGRAFIAR,agents_ai_devtools,general_innovation,hybrid,cybersecurity,conceptual_only,conceptual_only,core,research,56,48,manual_review_recommended,category_reclassified;domain_reclassified;tier_recalibrated;causal_axis_added;integration_contract_added,
BF-CYB-L600-1547,L600-1547,Lente de análisis estático,CARTOGRAFIAR,CARTOGRAFIAR,general_innovation,general_innovation,hybrid,cybersecurity,conceptual_only,conceptual_only,core,research,66,48,manual_review_recommended,domain_reclassified;tier_recalibrated;causal_axis_added;integration_contract_added,
BF-CYB-L600-1103,L600-1103,Lente de estrategia barbell,EVALUAR,CARTOGRAFIAR,agents_ai_devtools,general_innovation,hybrid,cybersecurity,local_analysis,conceptual_only,extended,research,56,44,manual_review_recommended,stage_reclassified;category_reclassified;domain_reclassified;execution_hardened;tier_recalibrated;causal_axis_added;integration_contract_added;tier_boundary_relaxed,second_pass_boundary_promotion:archive_to_research
BF-CYB-M800-0562,M800-0562,Defensa en profundidad,DIVERGIR,DIVERGIR,general_innovation,general_innovation,cybersecurity,cybersecurity,defensive_design,defensive_design,core,research,71,44,manual_review_recommended,tier_recalibrated;causal_axis_added;integration_contract_added,
BF-CYB-R1000-0784,R1000-0784,Defensa por trazabilidad,ATACAR,ATACAR,data_privacy_provenance,evidence_verification,cybersecurity,cybersecurity,defensive_design,defensive_design,core,research,76,43,manual_review_recommended,category_reclassified;tier_recalibrated;causal_axis_added;integration_contract_added,
BF-CYB-L600-1440,L600-1440,"La perspectiva de quien carece de acceso formal, pero necesita la información para prevenir un daño.",CARTOGRAFIAR,CARTOGRAFIAR,trust_identity_access,trust_identity_access,cybersecurity,cybersecurity,conceptual_only,defensive_design,extended,research,58,43,manual_review_recommended,execution_hardened;tier_recalibrated;causal_axis_added;integration_contract_added,
BF-CYB-L600-1533,L600-1533,Lente de retirada del consentimiento,CARTOGRAFIAR,DELIMITAR,general_innovation,data_privacy_provenance,hybrid,cybersecurity,conceptual_only,conceptual_only,core,research,56,43,manual_review_recommended,stage_reclassified;category_reclassified;domain_reclassified;tier_recalibrated;causal_axis_added;integration_contract_added,
BF-CYB-R1000-0293,R1000-0293,Restricción por reputación,ROMPER,DELIMITAR,trust_identity_access,governance_incentives,cybersecurity,cybersecurity,defensive_design,defensive_design,extended,research,66,43,manual_review_recommended,stage_reclassified;category_reclassified;tier_recalibrated;causal_axis_added;integration_contract_added,
BF-CYB-R1000-0462,R1000-0462,Fallo por agotamiento,ROMPER,DELIMITAR,failure_resilience,failure_resilience,hybrid,cybersecurity,defensive_design,defensive_design,extended,research,69,43,manual_review_recommended,stage_reclassified;domain_reclassified;tier_recalibrated;causal_axis_added;integration_contract_added,
BF-CYB-R1000-0695,R1000-0695,Memoria traumática controlada,DESCOMPONER,DESCOMPONER,data_privacy_provenance,agents_ai_devtools,hybrid,cybersecurity,defensive_design,defensive_design,extended,research,76,43,manual_review_recommended,category_reclassified;domain_reclassified;tier_recalibrated;causal_axis_added;integration_contract_added,
BF-CYB-M800-0382,M800-0382,Confianza progresiva,DIVERGIR,DIVERGIR,trust_identity_access,trust_identity_access,cybersecurity,cybersecurity,defensive_design,defensive_design,core,research,80,43,manual_review_recommended,tier_recalibrated;causal_axis_added;integration_contract_added,
BF-CYB-M800-0558,M800-0558,Detección de incertidumbre,DIVERGIR,DIVERGIR,trust_identity_access,decision_risk,hybrid,developer_tools,defensive_design,defensive_design,core,research,71,43,manual_review_recommended,category_reclassified;domain_reclassified;tier_recalibrated;causal_axis_added;integration_contract_added,
BF-CYB-M800-0572,M800-0572,Engaño defensivo,DIVERGIR,DIVERGIR,general_innovation,adversarial_threat,cybersecurity,cybersecurity,defensive_design,defensive_design,core,research,71,43,manual_review_recommended,category_reclassified;tier_recalibrated;causal_axis_added;integration_contract_added,
BF-CYB-M800-0591,M800-0591,Escenario de desconfianza,DIVERGIR,DIVERGIR,trust_identity_access,decision_risk,cybersecurity,cybersecurity,defensive_design,defensive_design,extended,research,66,43,manual_review_recommended,category_reclassified;tier_recalibrated;causal_axis_added;integration_contract_added,
BF-CYB-R1000-0467,R1000-0467,Resiliencia por diversidad,DIVERGIR,DIVERGIR,failure_resilience,failure_resilience,hybrid,cybersecurity,defensive_design,defensive_design,extended,research,71,43,manual_review_recommended,domain_reclassified;tier_recalibrated;causal_axis_added;integration_contract_added,
BF-CYB-S800-0326,S800-0326,Cascada de recuperación,DIVERGIR,DIVERGIR,failure_resilience,failure_resilience,hybrid,cybersecurity,defensive_design,defensive_design,extended,research,73,43,manual_review_recommended,domain_reclassified;tier_recalibrated;causal_axis_added;integration_contract_added,
BF-CYB-S800-0371,S800-0371,Secuencia dependiente del fallo,DIVERGIR,DIVERGIR,failure_resilience,failure_resilience,hybrid,cybersecurity,defensive_design,defensive_design,extended,research,69,43,manual_review_recommended,domain_reclassified;tier_recalibrated;causal_axis_added;integration_contract_added,
BF-CYB-S800-0736,S800-0736,Enjambre con reputación local,EVOLUCIONAR,EVOLUCIONAR,trust_identity_access,agents_ai_devtools,hybrid,developer_tools,defensive_design,defensive_design,extended,research,71,43,manual_review_recommended,category_reclassified;domain_reclassified;tier_recalibrated;causal_axis_added;integration_contract_added,
BF-CYB-S800-0744,S800-0744,Planificación con presupuesto de sorpresa,EVOLUCIONAR,EVOLUCIONAR,agents_ai_devtools,agents_ai_devtools,developer_tools,developer_tools,defensive_design,defensive_design,extended,research,68,43,manual_review_recommended,tier_recalibrated;causal_axis_added;integration_contract_added,
BF-CYB-M800-0394,M800-0394,Gobernanza experimental,DIVERGIR,MATERIALIZAR,trust_identity_access,governance_incentives,cybersecurity,cybersecurity,defensive_design,local_analysis,extended,research,71,43,manual_review_recommended,stage_reclassified;category_reclassified;execution_hardened;tier_recalibrated;causal_axis_added;integration_contract_added,
BF-CYB-M800-0021,M800-0021,Inventario de supuestos,ROMPER,ROMPER,general_innovation,general_innovation,hybrid,cybersecurity,defensive_design,defensive_design,extended,research,65,43,manual_review_recommended,domain_reclassified;tier_recalibrated;causal_axis_added;integration_contract_added,
BF-CYB-M800-0026,M800-0026,Supuesto tecnológico,ROMPER,ROMPER,agents_ai_devtools,general_innovation,hybrid,cybersecurity,defensive_design,defensive_design,extended,research,65,43,manual_review_recommended,category_reclassified;domain_reclassified;tier_recalibrated;causal_axis_added;integration_contract_added,
BF-CYB-M800-0078,M800-0078,Eliminar el catálogo,ROMPER,ROMPER,general_innovation,decision_risk,hybrid,cybersecurity,defensive_design,defensive_design,extended,research,63,43,manual_review_recommended,category_reclassified;domain_reclassified;tier_recalibrated;causal_axis_added;integration_contract_added,
BF-CYB-R1000-0430,R1000-0430,Gobierno por veto,ROMPER,ROMPER,governance_incentives,governance_incentives,hybrid,cybersecurity,defensive_design,defensive_design,extended,research,61,43,manual_review_recommended,domain_reclassified;tier_recalibrated;causal_axis_added;integration_contract_added,
BF-CYB-R1000-0450,R1000-0450,Control autocancelable,ROMPER,ROMPER,governance_incentives,governance_incentives,hybrid,cybersecurity,defensive_design,defensive_design,extended,research,61,43,manual_review_recommended,domain_reclassified;tier_recalibrated;causal_axis_added;integration_contract_added,
BF-CYB-R1000-0704,R1000-0704,Rito de paso,ROMPER,ROMPER,trust_identity_access,trust_identity_access,cybersecurity,cybersecurity,defensive_design,defensive_design,extended,research,66,43,manual_review_recommended,tier_recalibrated;causal_axis_added;integration_contract_added,
BF-CYB-R1000-0910,R1000-0910,Futuro postpropiedad,ROMPER,ROMPER,trust_identity_access,trust_identity_access,cybersecurity,cybersecurity,defensive_design,defensive_design,extended,research,66,43,manual_review_recommended,tier_recalibrated;causal_axis_added;integration_contract_added,
BF-CYB-M800-0555,M800-0555,Modelo sombra,DIVERGIR,CARTOGRAFIAR,agents_ai_devtools,agents_ai_devtools,developer_tools,developer_tools,defensive_design,defensive_design,core,research,71,42,manual_review_recommended,stage_reclassified;tier_recalibrated;causal_axis_added;integration_contract_added,
BF-CYB-S800-0431,S800-0431,Veto consumible,DIVERGIR,DELIMITAR,governance_incentives,governance_incentives,hybrid,cybersecurity,defensive_design,defensive_design,extended,research,61,42,manual_review_recommended,stage_reclassified;domain_reclassified;tier_recalibrated;causal_axis_added;integration_contract_added,
BF-CYB-R1000-0470,R1000-0470,Resiliencia por sustitución,ROMPER,DESCOMPONER,failure_resilience,failure_resilience,hybrid,cybersecurity,defensive_design,defensive_design,extended,research,69,42,manual_review_recommended,stage_reclassified;domain_reclassified;tier_recalibrated;causal_axis_added;integration_contract_added,
BF-CYB-M800-0559,M800-0559,Automatización frugal,DIVERGIR,DIVERGIR,agents_ai_devtools,agents_ai_devtools,developer_tools,developer_tools,defensive_design,defensive_design,core,research,66,42,manual_review_recommended,tier_recalibrated;causal_axis_added;integration_contract_added,
BF-CYB-S800-0407,S800-0407,Gobernanza por mérito decreciente,DIVERGIR,DIVERGIR,governance_incentives,governance_incentives,hybrid,cybersecurity,defensive_design,defensive_design,extended,research,61,42,manual_review_recommended,domain_reclassified;tier_recalibrated;causal_axis_added;integration_contract_added,
BF-CYB-S800-0413,S800-0413,Gobernanza sin propuesta,DIVERGIR,DIVERGIR,governance_incentives,governance_incentives,hybrid,cybersecurity,defensive_design,defensive_design,extended,research,61,42,manual_review_recommended,domain_reclassified;tier_recalibrated;causal_axis_added;integration_contract_added,
BF-CYB-S800-0419,S800-0419,Gobernanza federada efímera,DIVERGIR,DIVERGIR,governance_incentives,governance_incentives,hybrid,cybersecurity,defensive_design,defensive_design,extended,research,61,42,manual_review_recommended,domain_reclassified;tier_recalibrated;causal_axis_added;integration_contract_added,
BF-CYB-S800-0436,S800-0436,Veto recíproco,DIVERGIR,DIVERGIR,agents_ai_devtools,governance_incentives,hybrid,cybersecurity,defensive_design,defensive_design,extended,research,61,42,manual_review_recommended,category_reclassified;domain_reclassified;tier_recalibrated;causal_axis_added;integration_contract_added,
BF-CYB-S800-0437,S800-0437,Veto temporal,DIVERGIR,DIVERGIR,governance_incentives,governance_incentives,hybrid,cybersecurity,defensive_design,defensive_design,extended,research,58,42,manual_review_recommended,domain_reclassified;tier_recalibrated;causal_axis_added;integration_contract_added,
BF-CYB-S800-0438,S800-0438,Veto condicionado,DIVERGIR,DIVERGIR,agents_ai_devtools,governance_incentives,hybrid,cybersecurity,defensive_design,defensive_design,extended,research,61,42,manual_review_recommended,category_reclassified;domain_reclassified;tier_recalibrated;causal_axis_added;integration_contract_added,
BF-CYB-S800-0439,S800-0439,Veto por predicción,DIVERGIR,DIVERGIR,governance_incentives,governance_incentives,hybrid,cybersecurity,defensive_design,defensive_design,extended,research,61,42,manual_review_recommended,domain_reclassified;tier_recalibrated;causal_axis_added;integration_contract_added,
BF-CYB-S800-0986,S800-0986,Trasplante militar defensivo,DIVERGIR,DIVERGIR,cross_domain_transfer,cross_domain_transfer,hybrid,cybersecurity,defensive_design,defensive_design,extended,research,63,42,manual_review_recommended,domain_reclassified;tier_recalibrated;causal_axis_added;integration_contract_added,
BF-CYB-S800-0995,S800-0995,Trasplante de plataformas,DIVERGIR,DIVERGIR,agents_ai_devtools,cross_domain_transfer,hybrid,cybersecurity,defensive_design,defensive_design,extended,research,63,42,manual_review_recommended,category_reclassified;domain_reclassified;tier_recalibrated;causal_axis_added;integration_contract_added,
BF-CYB-M800-0197,M800-0197,Camuflaje contextual,DIVERGIR,EVOLUCIONAR,trust_identity_access,trust_identity_access,cybersecurity,cybersecurity,defensive_design,defensive_design,extended,research,66,42,manual_review_recommended,stage_reclassified;tier_recalibrated;causal_axis_added;integration_contract_added,
BF-CYB-R1000-0860,R1000-0860,Aprendizaje adversarial,ATACAR,EVOLUCIONAR,adversarial_threat,adversarial_threat,cybersecurity,cybersecurity,defensive_design,defensive_design,extended,research,68,42,manual_review_recommended,stage_reclassified;tier_recalibrated;causal_axis_added;integration_contract_added,
BF-CYB-R1000-0466,R1000-0466,Resiliencia por redundancia,ROMPER,ROMPER,failure_resilience,failure_resilience,hybrid,cybersecurity,defensive_design,defensive_design,extended,research,69,42,manual_review_recommended,domain_reclassified;tier_recalibrated;causal_axis_added;integration_contract_added,
BF-CYB-R1000-0468,R1000-0468,Resiliencia por simplicidad,ROMPER,ROMPER,failure_resilience,failure_resilience,hybrid,cybersecurity,defensive_design,defensive_design,extended,research,71,42,manual_review_recommended,domain_reclassified;tier_recalibrated;causal_axis_added;integration_contract_added,
BF-CYB-R1000-0469,R1000-0469,Resiliencia por reparación local,ROMPER,ROMPER,failure_resilience,failure_resilience,hybrid,cybersecurity,defensive_design,defensive_design,extended,research,69,42,manual_review_recommended,domain_reclassified;tier_recalibrated;causal_axis_added;integration_contract_added,
BF-CYB-R1000-0472,R1000-0472,Resiliencia por memoria,ROMPER,ROMPER,failure_resilience,failure_resilience,developer_tools,cybersecurity,defensive_design,defensive_design,extended,research,74,42,manual_review_recommended,domain_reclassified;tier_recalibrated;causal_axis_added;integration_contract_added,
BF-CYB-R1000-0475,R1000-0475,Resiliencia por retirada,ROMPER,ROMPER,failure_resilience,failure_resilience,hybrid,cybersecurity,defensive_design,defensive_design,extended,research,69,42,manual_review_recommended,domain_reclassified;tier_recalibrated;causal_axis_added;integration_contract_added,
BF-CYB-L600-1434,L600-1434,La perspectiva de quien debe automatizar el trabajo que daba sentido a su identidad.,CARTOGRAFIAR,CARTOGRAFIAR,trust_identity_access,trust_identity_access,cybersecurity,cybersecurity,conceptual_only,defensive_design,extended,research,58,41,manual_review_recommended,execution_hardened;tier_recalibrated;causal_axis_added;integration_contract_added,
BF-CYB-M800-0177,M800-0177,Meteorología aplicada a riesgo,DIVERGIR,DELIMITAR,agents_ai_devtools,decision_risk,hybrid,cybersecurity,defensive_design,defensive_design,extended,research,63,41,manual_review_recommended,stage_reclassified;category_reclassified;domain_reclassified;tier_recalibrated;causal_axis_added;integration_contract_added,
BF-CYB-M800-0594,M800-0594,Escenario tecnológico inverso,ROMPER,DIVERGIR,decision_risk,decision_risk,hybrid,cybersecurity,defensive_design,defensive_design,extended,research,61,41,manual_review_recommended,stage_reclassified;domain_reclassified;tier_recalibrated;causal_axis_added;integration_contract_added,
BF-CYB-M800-0795,M800-0795,Error intencional,DIVERGIR,DIVERGIR,failure_resilience,failure_resilience,hybrid,cybersecurity,defensive_design,defensive_design,extended,research,67,41,manual_review_recommended,domain_reclassified;tier_recalibrated;causal_axis_added;integration_contract_added,
BF-CYB-S800-0795,S800-0795,Evaluador contrafactual,EVALUAR,EVALUAR,agents_ai_devtools,causal_state_transitions,developer_tools,developer_tools,local_analysis,local_analysis,extended,research,70,41,manual_review_recommended,category_reclassified;tier_recalibrated;causal_axis_added;integration_contract_added,
BF-CYB-R1000-0851,R1000-0851,Aprendizaje por error,EVOLUCIONAR,EVOLUCIONAR,failure_resilience,failure_resilience,hybrid,cybersecurity,defensive_design,defensive_design,extended,research,67,41,manual_review_recommended,domain_reclassified;tier_recalibrated;causal_axis_added;integration_contract_added,
BF-CYB-R1000-0951,R1000-0951,Prototipo desechable,MATERIALIZAR,MATERIALIZAR,experimentation_benchmarks,experimentation_benchmarks,hybrid,cybersecurity,local_analysis,local_analysis,core,research,65,41,manual_review_recommended,domain_reclassified;tier_recalibrated;causal_axis_added;integration_contract_added,
BF-CYB-R1000-0954,R1000-0954,Prototipo mínimo,MATERIALIZAR,MATERIALIZAR,experimentation_benchmarks,experimentation_benchmarks,hybrid,cybersecurity,local_analysis,local_analysis,core,research,65,41,manual_review_recommended,domain_reclassified;tier_recalibrated;causal_axis_added;integration_contract_added,
BF-CYB-R1000-0955,R1000-0955,Prototipo negativo,MATERIALIZAR,MATERIALIZAR,experimentation_benchmarks,experimentation_benchmarks,hybrid,cybersecurity,local_analysis,local_analysis,core,research,65,41,manual_review_recommended,domain_reclassified;tier_recalibrated;causal_axis_added;integration_contract_added,
BF-CYB-R1000-0958,R1000-0958,Prototipo paralelo,MATERIALIZAR,MATERIALIZAR,experimentation_benchmarks,experimentation_benchmarks,hybrid,cybersecurity,local_analysis,local_analysis,core,research,65,41,manual_review_recommended,domain_reclassified;tier_recalibrated;causal_axis_added;integration_contract_added,
BF-CYB-R1000-0959,R1000-0959,Prototipo secuencial,MATERIALIZAR,MATERIALIZAR,experimentation_benchmarks,experimentation_benchmarks,hybrid,cybersecurity,local_analysis,local_analysis,core,research,65,41,manual_review_recommended,domain_reclassified;tier_recalibrated;causal_axis_added;integration_contract_added,
BF-CYB-R1000-0960,R1000-0960,Prototipo contextual,MATERIALIZAR,MATERIALIZAR,experimentation_benchmarks,experimentation_benchmarks,hybrid,cybersecurity,local_analysis,local_analysis,core,research,65,41,manual_review_recommended,domain_reclassified;tier_recalibrated;causal_axis_added;integration_contract_added,
BF-CYB-R1000-0961,R1000-0961,Experimento ciego,MATERIALIZAR,MATERIALIZAR,experimentation_benchmarks,experimentation_benchmarks,hybrid,cybersecurity,local_analysis,local_analysis,core,research,65,41,manual_review_recommended,domain_reclassified;tier_recalibrated;causal_axis_added;integration_contract_added,
BF-CYB-R1000-0962,R1000-0962,Experimento doble ciego,MATERIALIZAR,MATERIALIZAR,experimentation_benchmarks,experimentation_benchmarks,hybrid,cybersecurity,local_analysis,local_analysis,core,research,65,41,manual_review_recommended,domain_reclassified;tier_recalibrated;causal_axis_added;integration_contract_added,
BF-CYB-R1000-0963,R1000-0963,Experimento natural,MATERIALIZAR,MATERIALIZAR,experimentation_benchmarks,experimentation_benchmarks,hybrid,cybersecurity,local_analysis,local_analysis,core,research,65,41,manual_review_recommended,domain_reclassified;tier_recalibrated;causal_axis_added;integration_contract_added,
BF-CYB-R1000-0964,R1000-0964,Experimento de retirada,MATERIALIZAR,MATERIALIZAR,experimentation_benchmarks,experimentation_benchmarks,hybrid,cybersecurity,local_analysis,local_analysis,core,research,65,41,manual_review_recommended,domain_reclassified;tier_recalibrated;causal_axis_added;integration_contract_added,
BF-CYB-R1000-0965,R1000-0965,Experimento de inversión,MATERIALIZAR,MATERIALIZAR,experimentation_benchmarks,experimentation_benchmarks,developer_tools,cybersecurity,local_analysis,local_analysis,core,research,70,41,manual_review_recommended,domain_reclassified;tier_recalibrated;causal_axis_added;integration_contract_added,
BF-CYB-R1000-0966,R1000-0966,Experimento de saturación,MATERIALIZAR,MATERIALIZAR,experimentation_benchmarks,experimentation_benchmarks,hybrid,cybersecurity,local_analysis,local_analysis,core,research,65,41,manual_review_recommended,domain_reclassified;tier_recalibrated;causal_axis_added;integration_contract_added,
BF-CYB-R1000-0968,R1000-0968,Experimento de latencia,MATERIALIZAR,MATERIALIZAR,experimentation_benchmarks,experimentation_benchmarks,hybrid,cybersecurity,local_analysis,local_analysis,core,research,65,41,manual_review_recommended,domain_reclassified;tier_recalibrated;causal_axis_added;integration_contract_added,
BF-CYB-R1000-0969,R1000-0969,Experimento de ruido,MATERIALIZAR,MATERIALIZAR,experimentation_benchmarks,experimentation_benchmarks,hybrid,cybersecurity,local_analysis,local_analysis,core,research,65,41,manual_review_recommended,domain_reclassified;tier_recalibrated;causal_axis_added;integration_contract_added,
BF-CYB-R1000-0971,R1000-0971,Experimento recursivo,MATERIALIZAR,MATERIALIZAR,experimentation_benchmarks,experimentation_benchmarks,hybrid,cybersecurity,local_analysis,local_analysis,core,research,65,41,manual_review_recommended,domain_reclassified;tier_recalibrated;causal_axis_added;integration_contract_added,
BF-CYB-R1000-0973,R1000-0973,Experimento instantáneo,MATERIALIZAR,MATERIALIZAR,experimentation_benchmarks,experimentation_benchmarks,hybrid,cybersecurity,local_analysis,local_analysis,core,research,65,41,manual_review_recommended,domain_reclassified;tier_recalibrated;causal_axis_added;integration_contract_added,
BF-CYB-R1000-0975,R1000-0975,Experimento autocancelable,MATERIALIZAR,MATERIALIZAR,experimentation_benchmarks,experimentation_benchmarks,hybrid,cybersecurity,local_analysis,local_analysis,core,research,65,41,manual_review_recommended,domain_reclassified;tier_recalibrated;causal_axis_added;integration_contract_added,
BF-CYB-M800-0065,M800-0065,Eliminar la elección,EVOLUCIONAR,ROMPER,general_innovation,decision_risk,hybrid,cybersecurity,defensive_design,defensive_design,extended,research,63,41,manual_review_recommended,stage_reclassified;category_reclassified;domain_reclassified;tier_recalibrated;causal_axis_added;integration_contract_added,
BF-CYB-R1000-0775,R1000-0775,Negocio de transición,DESCOMPONER,DESCOMPONER,causal_state_transitions,causal_state_transitions,developer_tools,cybersecurity,defensive_design,defensive_design,extended,research,66,40,manual_review_recommended,domain_reclassified;tier_recalibrated;causal_axis_added;integration_contract_added,
BF-CYB-M800-0542,M800-0542,Automatización por excepción,DIVERGIR,DIVERGIR,agents_ai_devtools,agents_ai_devtools,developer_tools,developer_tools,defensive_design,defensive_design,core,research,66,40,manual_review_recommended,tier_recalibrated;causal_axis_added;integration_contract_added,
BF-CYB-M800-0606,M800-0606,Sin bancos,DIVERGIR,DIVERGIR,trust_identity_access,causal_state_transitions,cybersecurity,cybersecurity,defensive_design,defensive_design,extended,research,70,40,manual_review_recommended,category_reclassified;tier_recalibrated;causal_axis_added;integration_contract_added,
BF-CYB-M800-0726,M800-0726,Diseño para reparación,DIVERGIR,DIVERGIR,trust_identity_access,trust_identity_access,cybersecurity,cybersecurity,defensive_design,defensive_design,extended,research,66,40,manual_review_recommended,tier_recalibrated;causal_axis_added;integration_contract_added,
BF-CYB-S800-0216,S800-0216,Nodos con veto cruzado,DIVERGIR,DIVERGIR,governance_incentives,governance_incentives,hybrid,cybersecurity,defensive_design,defensive_design,extended,research,61,40,manual_review_recommended,domain_reclassified;tier_recalibrated;causal_axis_added;integration_contract_added,
BF-CYB-S800-0327,S800-0327,Cascada de confianza,DIVERGIR,DIVERGIR,trust_identity_access,trust_identity_access,cybersecurity,cybersecurity,defensive_design,defensive_design,extended,research,75,40,manual_review_recommended,tier_recalibrated;causal_axis_added;integration_contract_added,
BF-CYB-S800-0406,S800-0406,Gobernanza por rotación desigual,DIVERGIR,DIVERGIR,governance_incentives,governance_incentives,hybrid,cybersecurity,defensive_design,defensive_design,extended,research,61,40,manual_review_recommended,domain_reclassified;tier_recalibrated;causal_axis_added;integration_contract_added,
BF-CYB-S800-0408,S800-0408,Gobernanza por error reconocido,DIVERGIR,DIVERGIR,failure_resilience,governance_incentives,hybrid,cybersecurity,defensive_design,defensive_design,extended,research,65,40,manual_review_recommended,category_reclassified;domain_reclassified;tier_recalibrated;causal_axis_added;integration_contract_added,
BF-CYB-S800-0409,S800-0409,Gobernanza por deuda,DIVERGIR,DIVERGIR,governance_incentives,governance_incentives,hybrid,cybersecurity,defensive_design,defensive_design,extended,research,61,40,manual_review_recommended,domain_reclassified;tier_recalibrated;causal_axis_added;integration_contract_added,
BF-CYB-S800-0411,S800-0411,Gobernanza bicéfala,DIVERGIR,DIVERGIR,governance_incentives,governance_incentives,hybrid,cybersecurity,defensive_design,defensive_design,extended,research,61,40,manual_review_recommended,domain_reclassified;tier_recalibrated;causal_axis_added;integration_contract_added,
BF-CYB-S800-0412,S800-0412,Gobernanza tricameral,DIVERGIR,DIVERGIR,governance_incentives,governance_incentives,hybrid,cybersecurity,defensive_design,defensive_design,extended,research,61,40,manual_review_recommended,domain_reclassified;tier_recalibrated;causal_axis_added;integration_contract_added,
BF-CYB-S800-0418,S800-0418,Gobernanza competitiva,DIVERGIR,DIVERGIR,governance_incentives,governance_incentives,hybrid,cybersecurity,defensive_design,defensive_design,extended,research,61,40,manual_review_recommended,domain_reclassified;tier_recalibrated;causal_axis_added;integration_contract_added,
BF-CYB-S800-0475,S800-0475,Contrato de salida,DIVERGIR,DIVERGIR,governance_incentives,governance_incentives,hybrid,cybersecurity,defensive_design,defensive_design,extended,research,61,40,manual_review_recommended,domain_reclassified;tier_recalibrated;causal_axis_added;integration_contract_added,
BF-CYB-R1000-0401,R1000-0401,Confianza cero,EVALUAR,EVALUAR,trust_identity_access,trust_identity_access,cybersecurity,cybersecurity,local_analysis,local_analysis,extended,research,70,40,manual_review_recommended,tier_recalibrated;causal_axis_added;integration_contract_added,
BF-CYB-R1000-0404,R1000-0404,Confianza contextual,EVALUAR,EVALUAR,trust_identity_access,trust_identity_access,cybersecurity,cybersecurity,local_analysis,local_analysis,extended,research,70,40,manual_review_recommended,tier_recalibrated;causal_axis_added;integration_contract_added,
BF-CYB-R1000-0405,R1000-0405,Confianza dividida,EVALUAR,EVALUAR,trust_identity_access,trust_identity_access,cybersecurity,cybersecurity,local_analysis,local_analysis,extended,research,70,40,manual_review_recommended,tier_recalibrated;causal_axis_added;integration_contract_added,
BF-CYB-R1000-0407,R1000-0407,Confianza revocable,EVALUAR,EVALUAR,trust_identity_access,trust_identity_access,cybersecurity,cybersecurity,local_analysis,local_analysis,extended,research,70,40,manual_review_recommended,tier_recalibrated;causal_axis_added;integration_contract_added,
BF-CYB-R1000-0410,R1000-0410,Confianza por comportamiento,EVALUAR,EVALUAR,trust_identity_access,trust_identity_access,cybersecurity,cybersecurity,local_analysis,local_analysis,extended,research,70,40,manual_review_recommended,tier_recalibrated;causal_axis_added;integration_contract_added,
BF-CYB-R1000-0411,R1000-0411,Confianza por sacrificio,EVALUAR,EVALUAR,trust_identity_access,trust_identity_access,cybersecurity,cybersecurity,local_analysis,local_analysis,extended,research,70,40,manual_review_recommended,tier_recalibrated;causal_axis_added;integration_contract_added,
BF-CYB-R1000-0412,R1000-0412,Confianza por consistencia,EVALUAR,EVALUAR,trust_identity_access,trust_identity_access,cybersecurity,cybersecurity,local_analysis,local_analysis,extended,research,70,40,manual_review_recommended,tier_recalibrated;causal_axis_added;integration_contract_added,
BF-CYB-R1000-0487,R1000-0487,Economía de confianza,ROMPER,ROMPER,trust_identity_access,trust_identity_access,cybersecurity,cybersecurity,defensive_design,defensive_design,extended,research,66,40,manual_review_recommended,tier_recalibrated;causal_axis_added;integration_contract_added,
BF-CYB-R1000-0406,R1000-0406,Confianza transferible,EVALUAR,DELIMITAR,trust_identity_access,trust_identity_access,cybersecurity,cybersecurity,local_analysis,defensive_design,extended,research,70,39,manual_review_recommended,stage_reclassified;execution_hardened;tier_recalibrated;causal_axis_added;integration_contract_added,
BF-CYB-M800-0759,M800-0759,Reserva de resiliencia,DIVERGIR,DIVERGIR,failure_resilience,failure_resilience,hybrid,cybersecurity,defensive_design,defensive_design,extended,research,65,39,manual_review_recommended,domain_reclassified;tier_recalibrated;causal_axis_added;integration_contract_added,
BF-CYB-R1000-0471,R1000-0471,Resiliencia por adaptación,EVOLUCIONAR,EVOLUCIONAR,failure_resilience,failure_resilience,hybrid,cybersecurity,defensive_design,defensive_design,extended,research,69,39,manual_review_recommended,domain_reclassified;tier_recalibrated;causal_axis_added;integration_contract_added,
BF-CYB-S800-0563,S800-0563,Codificación por relaciones,DIVERGIR,DIVERGIR,trust_identity_access,trust_identity_access,cybersecurity,cybersecurity,defensive_design,defensive_design,extended,research,66,38,manual_review_recommended,tier_recalibrated;causal_axis_added;integration_contract_added,
BF-CYB-S800-0756,S800-0756,Razonamiento por invariantes locales,EVOLUCIONAR,EVOLUCIONAR,agents_ai_devtools,causal_state_transitions,developer_tools,developer_tools,defensive_design,defensive_design,extended,research,70,38,manual_review_recommended,category_reclassified;tier_recalibrated;causal_axis_added;integration_contract_added,
BF-CYB-S800-0774,S800-0774,Aprendizaje contrafactual,EVOLUCIONAR,EVOLUCIONAR,agents_ai_devtools,causal_state_transitions,developer_tools,developer_tools,defensive_design,defensive_design,extended,research,70,38,manual_review_recommended,category_reclassified;tier_recalibrated;causal_axis_added;integration_contract_added,
BF-CYB-S800-0784,S800-0784,Aprendizaje por invariantes causales,EVOLUCIONAR,EVOLUCIONAR,agents_ai_devtools,causal_state_transitions,developer_tools,developer_tools,defensive_design,defensive_design,extended,research,74,38,manual_review_recommended,category_reclassified;tier_recalibrated;causal_axis_added;integration_contract_added,
BF-CYB-M800-0282,M800-0282,Pensar como competidor,ATACAR,ATACAR,adversarial_threat,adversarial_threat,cybersecurity,cybersecurity,defensive_design,defensive_design,core,research,66,37,manual_review_recommended,tier_recalibrated;causal_axis_added;integration_contract_added,
BF-CYB-M800-0245,M800-0245,Matriz de riesgos y controles,ATACAR,DELIMITAR,adversarial_threat,decision_risk,cybersecurity,cybersecurity,defensive_design,defensive_design,extended,research,68,37,manual_review_recommended,stage_reclassified;category_reclassified;tier_recalibrated;causal_axis_added;integration_contract_added,
BF-CYB-S800-0746,S800-0746,Planificación sin estado global,EVOLUCIONAR,DESCOMPONER,agents_ai_devtools,agents_ai_devtools,developer_tools,developer_tools,defensive_design,defensive_design,extended,research,71,37,manual_review_recommended,stage_reclassified;tier_recalibrated;causal_axis_added;integration_contract_added,
BF-CYB-M800-0531,M800-0531,Logística inversa,DIVERGIR,DIVERGIR,general_innovation,general_innovation,hybrid,cybersecurity,defensive_design,defensive_design,extended,research,61,37,manual_review_recommended,domain_reclassified;tier_recalibrated;causal_axis_added;integration_contract_added,
BF-CYB-R1000-0413,R1000-0413,Confianza por diversidad,EVALUAR,DIVERGIR,trust_identity_access,trust_identity_access,cybersecurity,cybersecurity,local_analysis,defensive_design,extended,research,72,37,manual_review_recommended,stage_reclassified;execution_hardened;tier_recalibrated;causal_axis_added;integration_contract_added,
BF-CYB-S800-0583,S800-0583,Silencio probabilístico,DIVERGIR,DIVERGIR,trust_identity_access,trust_identity_access,cybersecurity,cybersecurity,defensive_design,defensive_design,extended,research,66,37,manual_review_recommended,tier_recalibrated;causal_axis_added;integration_contract_added,
BF-CYB-S800-0957,S800-0957,Trasplante forense,DIVERGIR,DIVERGIR,agents_ai_devtools,cross_domain_transfer,cybersecurity,cybersecurity,defensive_design,defensive_design,extended,research,68,37,manual_review_recommended,category_reclassified;tier_recalibrated;causal_axis_added;integration_contract_added,
BF-CYB-S800-0800,S800-0800,Evaluador recursivo,EVALUAR,EVALUAR,agents_ai_devtools,agents_ai_devtools,developer_tools,developer_tools,local_analysis,local_analysis,extended,research,66,37,manual_review_recommended,tier_recalibrated;causal_axis_added;integration_contract_added,
BF-CYB-R1000-0786,R1000-0786,Defensa por ralentización,ATACAR,ATACAR,adversarial_threat,decision_risk,cybersecurity,cybersecurity,defensive_design,defensive_design,core,research,76,36,manual_review_recommended,category_reclassified;tier_recalibrated;causal_axis_added;integration_contract_added,
BF-CYB-M800-0168,M800-0168,Ecología aplicada a empresas,DIVERGIR,CARTOGRAFIAR,failure_resilience,cross_domain_transfer,hybrid,developer_tools,defensive_design,defensive_design,extended,research,67,36,manual_review_recommended,stage_reclassified;category_reclassified;domain_reclassified;tier_recalibrated;causal_axis_added;integration_contract_added,
BF-CYB-M800-0414,M800-0414,Modelo de garantía,DIVERGIR,CARTOGRAFIAR,agents_ai_devtools,agents_ai_devtools,developer_tools,developer_tools,defensive_design,defensive_design,extended,research,66,36,manual_review_recommended,stage_reclassified;tier_recalibrated;causal_axis_added;integration_contract_added,
BF-CYB-M800-0419,M800-0419,Modelo anticrecimiento,DIVERGIR,CARTOGRAFIAR,failure_resilience,agents_ai_devtools,developer_tools,developer_tools,defensive_design,defensive_design,extended,research,70,36,manual_review_recommended,stage_reclassified;category_reclassified;tier_recalibrated;causal_axis_added;integration_contract_added,
BF-CYB-R1000-0888,R1000-0888,Analogía médica,DIVERGIR,CARTOGRAFIAR,agents_ai_devtools,cross_domain_transfer,hybrid,cybersecurity,defensive_design,defensive_design,extended,research,63,36,manual_review_recommended,stage_reclassified;category_reclassified;domain_reclassified;tier_recalibrated;causal_axis_added;integration_contract_added,
BF-CYB-S800-0740,S800-0740,Planificación sin lenguaje natural,EVOLUCIONAR,DESCOMPONER,agents_ai_devtools,agents_ai_devtools,developer_tools,developer_tools,defensive_design,defensive_design,extended,research,71,36,manual_review_recommended,stage_reclassified;tier_recalibrated;causal_axis_added;integration_contract_added,
BF-CYB-R1000-0877,R1000-0877,Analogía estructural,DIVERGIR,DIVERGIR,agents_ai_devtools,cross_domain_transfer,hybrid,cybersecurity,defensive_design,defensive_design,extended,research,63,36,manual_review_recommended,category_reclassified;domain_reclassified;tier_recalibrated;causal_axis_added;integration_contract_added,
BF-CYB-R1000-0878,R1000-0878,Analogía inversa,DIVERGIR,DIVERGIR,agents_ai_devtools,cross_domain_transfer,hybrid,cybersecurity,defensive_design,defensive_design,extended,research,63,36,manual_review_recommended,category_reclassified;domain_reclassified;tier_recalibrated;causal_axis_added;integration_contract_added,
BF-CYB-R1000-0879,R1000-0879,Analogía biológica,DIVERGIR,DIVERGIR,agents_ai_devtools,cross_domain_transfer,hybrid,cybersecurity,defensive_design,defensive_design,extended,research,63,36,manual_review_recommended,category_reclassified;domain_reclassified;tier_recalibrated;causal_axis_added;integration_contract_added,
BF-CYB-R1000-0882,R1000-0882,Analogía musical,DIVERGIR,DIVERGIR,agents_ai_devtools,cross_domain_transfer,hybrid,cybersecurity,defensive_design,defensive_design,extended,research,63,36,manual_review_recommended,category_reclassified;domain_reclassified;tier_recalibrated;causal_axis_added;integration_contract_added,
BF-CYB-R1000-0885,R1000-0885,Analogía ecológica,DIVERGIR,DIVERGIR,agents_ai_devtools,cross_domain_transfer,hybrid,cybersecurity,defensive_design,defensive_design,extended,research,63,36,manual_review_recommended,category_reclassified;domain_reclassified;tier_recalibrated;causal_axis_added;integration_contract_added,
BF-CYB-R1000-0886,R1000-0886,Analogía lingüística,DIVERGIR,DIVERGIR,agents_ai_devtools,cross_domain_transfer,hybrid,cybersecurity,defensive_design,defensive_design,extended,research,63,36,manual_review_recommended,category_reclassified;domain_reclassified;tier_recalibrated;causal_axis_added;integration_contract_added,
BF-CYB-R1000-0889,R1000-0889,Analogía inmunológica,DIVERGIR,DIVERGIR,agents_ai_devtools,cross_domain_transfer,developer_tools,cybersecurity,defensive_design,defensive_design,extended,research,68,36,manual_review_recommended,category_reclassified;domain_reclassified;tier_recalibrated;causal_axis_added;integration_contract_added,
BF-CYB-R1000-0891,R1000-0891,Analogía geológica,DIVERGIR,DIVERGIR,agents_ai_devtools,cross_domain_transfer,hybrid,cybersecurity,defensive_design,defensive_design,extended,research,63,36,manual_review_recommended,category_reclassified;domain_reclassified;tier_recalibrated;causal_axis_added;integration_contract_added,
BF-CYB-R1000-0892,R1000-0892,Analogía astronómica,DIVERGIR,DIVERGIR,agents_ai_devtools,cross_domain_transfer,hybrid,cybersecurity,defensive_design,defensive_design,extended,research,63,36,manual_review_recommended,category_reclassified;domain_reclassified;tier_recalibrated;causal_axis_added;integration_contract_added,
BF-CYB-S800-0527,S800-0527,Información con genealogía,DIVERGIR,DIVERGIR,data_privacy_provenance,data_privacy_provenance,hybrid,cybersecurity,defensive_design,defensive_design,extended,research,61,36,manual_review_recommended,domain_reclassified;tier_recalibrated;causal_axis_added;integration_contract_added,
BF-CYB-R1000-0568,R1000-0568,Paradoja de seguridad,ROMPER,ROMPER,general_innovation,general_innovation,cybersecurity,cybersecurity,defensive_design,defensive_design,extended,research,68,36,manual_review_recommended,tier_recalibrated;causal_axis_added;integration_contract_added,
BF-CYB-M800-0286,M800-0286,Pensar como crítico público,ATACAR,ATACAR,adversarial_threat,adversarial_threat,cybersecurity,cybersecurity,defensive_design,defensive_design,core,research,66,35,manual_review_recommended,tier_recalibrated;causal_axis_added;integration_contract_added,
BF-CYB-M800-0180,M800-0180,Museos aplicados a comercio,DIVERGIR,DIVERGIR,cross_domain_transfer,cross_domain_transfer,hybrid,cybersecurity,defensive_design,defensive_design,extended,research,63,35,manual_review_recommended,domain_reclassified;tier_recalibrated;causal_axis_added;integration_contract_added,
BF-CYB-M800-0188,M800-0188,Bandada coordinada,DIVERGIR,DIVERGIR,general_innovation,general_innovation,hybrid,cybersecurity,defensive_design,defensive_design,extended,research,61,35,manual_review_recommended,domain_reclassified;tier_recalibrated;causal_axis_added;integration_contract_added,
BF-CYB-M800-0270,M800-0270,Reutilizar trayectos,DIVERGIR,DIVERGIR,general_innovation,general_innovation,hybrid,cybersecurity,defensive_design,defensive_design,extended,research,61,35,manual_review_recommended,domain_reclassified;tier_recalibrated;causal_axis_added;integration_contract_added,
BF-CYB-S800-0546,S800-0546,Canal con ruido deliberado,DIVERGIR,DIVERGIR,general_innovation,general_innovation,hybrid,cybersecurity,defensive_design,defensive_design,extended,research,61,35,manual_review_recommended,domain_reclassified;tier_recalibrated;causal_axis_added;integration_contract_added,
BF-CYB-S800-0932,S800-0932,Trasplante logístico,DIVERGIR,DIVERGIR,cross_domain_transfer,cross_domain_transfer,hybrid,cybersecurity,defensive_design,defensive_design,extended,research,63,35,manual_review_recommended,domain_reclassified;tier_recalibrated;causal_axis_added;integration_contract_added,
BF-CYB-M800-0696,M800-0696,Marca sin producto,DIVERGIR,MATERIALIZAR,trust_identity_access,trust_identity_access,cybersecurity,cybersecurity,defensive_design,local_analysis,extended,research,66,35,manual_review_recommended,stage_reclassified;execution_hardened;tier_recalibrated;causal_axis_added;integration_contract_added,
BF-CYB-S800-0796,S800-0796,Evaluador corruptible simulado,EVALUAR,ATACAR,experimentation_benchmarks,agents_ai_devtools,developer_tools,developer_tools,local_analysis,defensive_design,extended,research,75,34,manual_review_recommended,stage_reclassified;category_reclassified;execution_hardened;tier_recalibrated;causal_axis_added;integration_contract_added,
BF-CYB-M800-0315,M800-0315,Resiliencia regulatoria,DIVERGIR,DIVERGIR,failure_resilience,failure_resilience,hybrid,cybersecurity,defensive_design,defensive_design,core,research,65,34,manual_review_recommended,domain_reclassified;tier_recalibrated;causal_axis_added;integration_contract_added,
BF-CYB-S800-0718,S800-0718,Agente traductor,EVOLUCIONAR,EVOLUCIONAR,agents_ai_devtools,agents_ai_devtools,developer_tools,developer_tools,defensive_design,defensive_design,extended,research,66,34,manual_review_recommended,tier_recalibrated;causal_axis_added;integration_contract_added,
BF-CYB-R1000-0600,R1000-0600,Metajuego,ROMPER,ROMPER,agents_ai_devtools,general_innovation,hybrid,cybersecurity,defensive_design,defensive_design,extended,research,61,34,manual_review_recommended,category_reclassified;domain_reclassified;tier_recalibrated;causal_axis_added;integration_contract_added,
BF-CYB-M800-0281,M800-0281,Pensar como atacante,ATACAR,ATACAR,adversarial_threat,adversarial_threat,cybersecurity,cybersecurity,sandbox_required,sandbox_required,core,research,71,38,approved_with_guardrails,tier_recalibrated;causal_axis_added;integration_contract_added,
BF-CYB-L600-1236,L600-1236,Lente levinasiana,CARTOGRAFIAR,CARTOGRAFIAR,general_innovation,human_legal_ethics,cybersecurity,cybersecurity,conceptual_only,conceptual_only,extended,archive,61,43,archived,category_reclassified;tier_recalibrated;causal_axis_added;integration_contract_added,
BF-CYB-L600-1267,L600-1267,Lente de algoritmo genético,EVOLUCIONAR,CARTOGRAFIAR,agents_ai_devtools,novelty_diversity,developer_tools,cybersecurity,conceptual_only,conceptual_only,extended,archive,67,42,archived,stage_reclassified;category_reclassified;domain_reclassified;tier_recalibrated;causal_axis_added;integration_contract_added,
BF-CYB-L600-1138,L600-1138,Lente de inventario como incertidumbre,CARTOGRAFIAR,CARTOGRAFIAR,decision_risk,decision_risk,cybersecurity,cybersecurity,conceptual_only,conceptual_only,extended,archive,61,43,archived,tier_recalibrated;causal_axis_added;integration_contract_added,
BF-CYB-L600-1582,L600-1582,Lente de seguro de depósitos,CARTOGRAFIAR,CARTOGRAFIAR,agents_ai_devtools,decision_risk,hybrid,cybersecurity,conceptual_only,conceptual_only,extended,archive,56,43,archived,category_reclassified;domain_reclassified;tier_recalibrated;causal_axis_added;integration_contract_added,
BF-CYB-L600-1651,L600-1651,Lente de arqueología extraterrestre,CARTOGRAFIAR,CARTOGRAFIAR,agents_ai_devtools,general_innovation,hybrid,cybersecurity,conceptual_only,conceptual_only,extended,archive,56,42,archived,category_reclassified;domain_reclassified;tier_recalibrated;causal_axis_added;integration_contract_added,
BF-CYB-L600-1693,L600-1693,Lente de futuro usado,CARTOGRAFIAR,CARTOGRAFIAR,general_innovation,general_innovation,hybrid,cybersecurity,conceptual_only,conceptual_only,extended,archive,56,42,archived,domain_reclassified;tier_recalibrated;causal_axis_added;integration_contract_added,
BF-CYB-L600-1172,L600-1172,Lente de burbuja epistémica,CARTOGRAFIAR,CARTOGRAFIAR,general_innovation,general_innovation,hybrid,cybersecurity,conceptual_only,conceptual_only,extended,archive,56,40,archived,domain_reclassified;tier_recalibrated;causal_axis_added;integration_contract_added,
BF-CYB-L600-1334,L600-1334,Lente de saturación del sumidero,CARTOGRAFIAR,CARTOGRAFIAR,agents_ai_devtools,general_innovation,cybersecurity,cybersecurity,conceptual_only,conceptual_only,extended,archive,61,40,archived,category_reclassified;tier_recalibrated;causal_axis_added;integration_contract_added,
BF-CYB-L600-1364,L600-1364,Lente de paved road,ROMPER,CARTOGRAFIAR,general_innovation,general_innovation,hybrid,cybersecurity,conceptual_only,conceptual_only,extended,archive,56,40,archived,stage_reclassified;domain_reclassified;tier_recalibrated;causal_axis_added;integration_contract_added,
BF-CYB-L600-1555,L600-1555,Lente de equivalencia cierta,CARTOGRAFIAR,CARTOGRAFIAR,agents_ai_devtools,general_innovation,hybrid,cybersecurity,conceptual_only,conceptual_only,extended,archive,56,40,archived,category_reclassified;domain_reclassified;tier_recalibrated;causal_axis_added;integration_contract_added,
BF-CYB-L600-1645,L600-1645,Lente de sensibilización,ATACAR,CARTOGRAFIAR,adversarial_threat,adversarial_threat,cybersecurity,cybersecurity,conceptual_only,defensive_design,extended,archive,61,40,archived,stage_reclassified;execution_hardened;tier_recalibrated;causal_axis_added;integration_contract_added,
BF-CYB-L600-1694,L600-1694,Lente de baja tecnología avanzada,CARTOGRAFIAR,CARTOGRAFIAR,agents_ai_devtools,general_innovation,hybrid,cybersecurity,conceptual_only,conceptual_only,extended,archive,56,40,archived,category_reclassified;domain_reclassified;tier_recalibrated;causal_axis_added;integration_contract_added,
BF-CYB-L600-1342,L600-1342,Lente de resiliencia climática,CARTOGRAFIAR,CARTOGRAFIAR,failure_resilience,failure_resilience,hybrid,cybersecurity,conceptual_only,conceptual_only,extended,archive,60,39,archived,domain_reclassified;tier_recalibrated;causal_axis_added;integration_contract_added,
BF-CYB-L600-1590,L600-1590,Lente de demasiado grande para caer,ATACAR,CARTOGRAFIAR,adversarial_threat,adversarial_threat,cybersecurity,cybersecurity,conceptual_only,defensive_design,extended,archive,61,38,archived,stage_reclassified;execution_hardened;tier_recalibrated;causal_axis_added;integration_contract_added,
BF-CYB-L600-1448,L600-1448,El punto de vista de quien debe certificar un sistema cuya seguridad depende de un supuesto imposible de verificar.,ROMPER,ROMPER,general_innovation,general_innovation,cybersecurity,cybersecurity,conceptual_only,conceptual_only,extended,archive,60,38,archived,tier_recalibrated;causal_axis_added;integration_contract_added,
BF-CYB-L600-1173,L600-1173,Lente de cámara de eco,CARTOGRAFIAR,CARTOGRAFIAR,trust_identity_access,trust_identity_access,cybersecurity,cybersecurity,conceptual_only,conceptual_only,extended,archive,61,37,archived,tier_recalibrated;causal_axis_added;integration_contract_added,
BF-CYB-L600-1588,L600-1588,Lente de contagio financiero,CARTOGRAFIAR,CARTOGRAFIAR,trust_identity_access,trust_identity_access,cybersecurity,cybersecurity,conceptual_only,conceptual_only,extended,archive,61,35,archived,tier_recalibrated;causal_axis_added;integration_contract_added,
BF-CYB-R1000-0776,R1000-0776,Defensa por engaño,ATACAR,ATACAR,adversarial_threat,adversarial_threat,cybersecurity,cybersecurity,defensive_design,defensive_design,core,archive,76,33,archived,tier_recalibrated;causal_axis_added;integration_contract_added,
BF-CYB-M800-0438,M800-0438,Logística mínima,DIVERGIR,DIVERGIR,general_innovation,general_innovation,hybrid,cybersecurity,defensive_design,defensive_design,extended,archive,61,33,archived,domain_reclassified;tier_recalibrated;causal_axis_added;integration_contract_added,
BF-CYB-M800-0649,M800-0649,Confianza mediante desconfianza,ROMPER,EVALUAR,trust_identity_access,trust_identity_access,cybersecurity,cybersecurity,defensive_design,local_analysis,extended,archive,68,33,archived,stage_reclassified;execution_hardened;tier_recalibrated;causal_axis_added;integration_contract_added,
BF-CYB-S800-0747,S800-0747,Planificación con incertidumbre explícita,EVOLUCIONAR,EVOLUCIONAR,trust_identity_access,decision_risk,hybrid,developer_tools,defensive_design,defensive_design,extended,archive,71,33,archived,category_reclassified;domain_reclassified;tier_recalibrated;causal_axis_added;integration_contract_added,
BF-CYB-R1000-0778,R1000-0778,Defensa por movimiento,ATACAR,ATACAR,adversarial_threat,adversarial_threat,cybersecurity,cybersecurity,defensive_design,defensive_design,core,archive,76,32,archived,tier_recalibrated;causal_axis_added;integration_contract_added,
BF-CYB-R1000-0788,R1000-0788,Defensa por compartimentos,ATACAR,ATACAR,adversarial_threat,adversarial_threat,cybersecurity,cybersecurity,defensive_design,defensive_design,core,archive,76,32,archived,tier_recalibrated;causal_axis_added;integration_contract_added,
BF-CYB-R1000-0789,R1000-0789,Defensa por redundancia heterogénea,ATACAR,ATACAR,adversarial_threat,failure_resilience,cybersecurity,cybersecurity,defensive_design,defensive_design,core,archive,76,32,archived,category_reclassified;tier_recalibrated;causal_axis_added;integration_contract_added,
BF-CYB-R1000-0787,R1000-0787,Defensa por sacrificio,ATACAR,DESCOMPONER,adversarial_threat,adversarial_threat,cybersecurity,cybersecurity,defensive_design,defensive_design,core,archive,76,32,archived,stage_reclassified;tier_recalibrated;causal_axis_added;integration_contract_added,
BF-CYB-M800-0112,M800-0112,Proximidad obligatoria,DIVERGIR,DIVERGIR,trust_identity_access,trust_identity_access,cybersecurity,cybersecurity,defensive_design,defensive_design,extended,archive,66,32,archived,tier_recalibrated;causal_axis_added;integration_contract_added,
BF-CYB-M800-0301,M800-0301,Premortem,DIVERGIR,DIVERGIR,failure_resilience,failure_resilience,hybrid,cybersecurity,defensive_design,defensive_design,core,archive,65,32,archived,domain_reclassified;tier_recalibrated;causal_axis_added;integration_contract_added,
BF-CYB-M800-0314,M800-0314,Resiliencia social,DIVERGIR,DIVERGIR,failure_resilience,failure_resilience,hybrid,cybersecurity,defensive_design,defensive_design,core,archive,65,32,archived,domain_reclassified;tier_recalibrated;causal_axis_added;integration_contract_added,
BF-CYB-S800-0708,S800-0708,Agente con memoria impugnable,EVOLUCIONAR,EVOLUCIONAR,agents_ai_devtools,agents_ai_devtools,developer_tools,developer_tools,defensive_design,defensive_design,extended,archive,71,32,archived,tier_recalibrated;causal_axis_added;integration_contract_added,
BF-CYB-S800-0714,S800-0714,Agente abogado,EVOLUCIONAR,EVOLUCIONAR,agents_ai_devtools,agents_ai_devtools,hybrid,developer_tools,defensive_design,defensive_design,extended,archive,71,32,archived,domain_reclassified;tier_recalibrated;causal_axis_added;integration_contract_added,
BF-CYB-L600-1426,L600-1426,La mirada de quien descubre que el enemigo conocía mejor el sistema que sus propios defensores.,CARTOGRAFIAR,CARTOGRAFIAR,agents_ai_devtools,general_innovation,hybrid,cybersecurity,conceptual_only,conceptual_only,extended,archive,53,31,archived,category_reclassified;domain_reclassified;tier_recalibrated;causal_axis_added;integration_contract_added,
BF-CYB-M800-0329,M800-0329,Gobernanza federada,DIVERGIR,DIVERGIR,governance_incentives,governance_incentives,hybrid,cybersecurity,defensive_design,defensive_design,extended,archive,61,31,archived,domain_reclassified;tier_recalibrated;causal_axis_added;integration_contract_added,
BF-CYB-M800-0514,M800-0514,Gobernanza participativa,DIVERGIR,DIVERGIR,governance_incentives,governance_incentives,hybrid,cybersecurity,defensive_design,defensive_design,extended,archive,61,31,archived,domain_reclassified;tier_recalibrated;causal_axis_added;integration_contract_added,
BF-CYB-M800-0699,M800-0699,Mercado comunitario,DIVERGIR,DIVERGIR,agents_ai_devtools,governance_incentives,hybrid,cybersecurity,defensive_design,defensive_design,extended,archive,61,31,archived,category_reclassified;domain_reclassified;tier_recalibrated;causal_axis_added;integration_contract_added,
BF-CYB-M800-0730,M800-0730,Material biodegradable,DIVERGIR,DIVERGIR,general_innovation,general_innovation,hybrid,cybersecurity,defensive_design,defensive_design,extended,archive,61,31,archived,domain_reclassified;tier_recalibrated;causal_axis_added;integration_contract_added,
BF-CYB-S800-0908,S800-0908,Trasplante contable,DIVERGIR,DIVERGIR,trust_identity_access,cross_domain_transfer,cybersecurity,cybersecurity,defensive_design,defensive_design,extended,archive,68,31,archived,category_reclassified;tier_recalibrated;causal_axis_added;integration_contract_added,
BF-CYB-S800-0993,S800-0993,Trasplante filosófico,DIVERGIR,DIVERGIR,agents_ai_devtools,cross_domain_transfer,hybrid,cybersecurity,defensive_design,defensive_design,extended,archive,63,31,archived,category_reclassified;domain_reclassified;tier_recalibrated;causal_axis_added;integration_contract_added,
BF-CYB-M800-0239,M800-0239,Reordenar prioridades,EVOLUCIONAR,EVOLUCIONAR,trust_identity_access,trust_identity_access,cybersecurity,cybersecurity,defensive_design,defensive_design,extended,archive,71,31,archived,tier_recalibrated;causal_axis_added;integration_contract_added,
BF-CYB-S800-0754,S800-0754,Razonamiento por eliminación de nombres,EVOLUCIONAR,EVOLUCIONAR,agents_ai_devtools,agents_ai_devtools,developer_tools,developer_tools,defensive_design,defensive_design,extended,archive,66,30,archived,tier_recalibrated;causal_axis_added;integration_contract_added,
BF-CYB-S800-0782,S800-0782,Aprendizaje con memoria externa verificable,EVOLUCIONAR,EVOLUCIONAR,agents_ai_devtools,agents_ai_devtools,developer_tools,cybersecurity,defensive_design,defensive_design,extended,archive,71,30,archived,domain_reclassified;tier_recalibrated;causal_axis_added;integration_contract_added,
BF-CYB-R1000-0306,R1000-0306,Descomposición por confianza,DESCOMPONER,DESCOMPONER,trust_identity_access,trust_identity_access,cybersecurity,cybersecurity,defensive_design,defensive_design,extended,archive,66,29,archived,tier_recalibrated;causal_axis_added;integration_contract_added,
BF-CYB-M800-0706,M800-0706,Gobernanza por delegación,DIVERGIR,DIVERGIR,trust_identity_access,governance_incentives,cybersecurity,cybersecurity,defensive_design,defensive_design,extended,archive,66,29,archived,category_reclassified;tier_recalibrated;causal_axis_added;integration_contract_added,
BF-CYB-M800-0676,M800-0676,No escalar,DIVERGIR,DIVERGIR,failure_resilience,failure_resilience,hybrid,cybersecurity,defensive_design,defensive_design,extended,archive,65,28,archived,domain_reclassified;tier_recalibrated;causal_axis_added;integration_contract_added,
BF-CYB-S800-0512,S800-0512,Semántica probabilística,DIVERGIR,DIVERGIR,trust_identity_access,trust_identity_access,cybersecurity,cybersecurity,defensive_design,defensive_design,extended,archive,66,26,archived,tier_recalibrated;causal_axis_added;integration_contract_added,
