Query: Trabaja exclusivamente sobre:

E:\PROYECTS\CRIBA

Lee completos desde disco, en este orden:

1. E:\PROYECTS\CRIBA\01_TAREA_ACTUAL.txt
2. E:\PROYECTS\CRIBA\.autoregen\AUTOREGEN_GLOBAL.txt

Esta es la primera sesi├│n, generaci├│n 1. Empieza desde el primer paso
de la tarea y crea checkpoints verificables.

La autorregeneraci├│n est├í SIEMPRE ACTIVA.
No uses --continue ni --resume.
No termines con un resumen ambiguo.

Antes de finalizar debes hacer exactamente una de estas dos cosas:

A) Si toda la tarea est├í terminada y verificada:
- escribir .autoregen/project_completed.json;
- terminar con PROJECT_COMPLETED.

B) Si necesitas contexto limpio:
- actualizar HANDOFF.md;
- escribir .autoregen/session_handoff.json;
- escribir RESUME_NEXT_SESSION.txt;
- escribir .autoregen/regeneration_request.json;
- terminar con CONTEXT_REGENERATION_REQUIRED.

Empieza ahora.
[2;3mInitializing agent...[0m
[38;2;255;191;0mÔöÇÔöÇÔöÇÔöÇÔöÇÔöÇÔöÇÔöÇÔöÇÔöÇÔöÇÔöÇÔöÇÔöÇÔöÇÔöÇÔöÇÔöÇÔöÇÔöÇÔöÇÔöÇÔöÇÔöÇÔöÇÔöÇÔöÇÔöÇÔöÇÔöÇÔöÇÔöÇÔöÇÔöÇÔöÇÔöÇÔöÇÔöÇÔöÇÔöÇ[0m


[2;3mÔöîÔöÇ Reasoning ÔöÇÔöÇÔöÇÔöÇÔöÇÔöÇÔöÇÔöÇÔöÇÔöÇÔöÇÔöÇÔöÇÔöÇÔöÇÔöÇÔöÇÔöÇÔöÇÔöÇÔöÇÔöÇÔöÇÔöÇÔöÇÔöÇÔöÇÔöÇÔöÇÔöÇÔöÇÔöÇÔöÇÔöÇÔöÇÔöÇÔöÇÔöÇÔöÇÔöÇÔöÇÔöÇÔöÇÔöÇÔöÇÔöÇÔöÇÔöÇÔöÇÔöÇÔöÇÔöÇÔöÇÔöÇÔöÇÔöÇÔöÇÔöÇÔöÇÔöÇÔöÇÔöÇÔöÇÔöÇÔöÇÔöÇÔöÉ[0m
[2;3mLet me start by reading the two files as instructed.[0m
[2;3mÔööÔöÇÔöÇÔöÇÔöÇÔöÇÔöÇÔöÇÔöÇÔöÇÔöÇÔöÇÔöÇÔöÇÔöÇÔöÇÔöÇÔöÇÔöÇÔöÇÔöÇÔöÇÔöÇÔöÇÔöÇÔöÇÔöÇÔöÇÔöÇÔöÇÔöÇÔöÇÔöÇÔöÇÔöÇÔöÇÔöÇÔöÇÔöÇÔöÇÔöÇÔöÇÔöÇÔöÇÔöÇÔöÇÔöÇÔöÇÔöÇÔöÇÔöÇÔöÇÔöÇÔöÇÔöÇÔöÇÔöÇÔöÇÔöÇÔöÇÔöÇÔöÇÔöÇÔöÇÔöÇÔöÇÔöÇÔöÇÔöÇÔöÇÔöÇÔöÇÔöÇÔöÇÔöÇÔöÇÔöÇÔöÇÔöÇÔöÿ[0m

[1;38;2;255;215;0mÔò¡ÔöÇ ÔÜò Hermes ÔöÇÔöÇÔöÇÔöÇÔöÇÔöÇÔöÇÔöÇÔöÇÔöÇÔöÇÔöÇÔöÇÔöÇÔöÇÔöÇÔöÇÔöÇÔöÇÔöÇÔöÇÔöÇÔöÇÔöÇÔöÇÔöÇÔöÇÔöÇÔöÇÔöÇÔöÇÔöÇÔöÇÔöÇÔöÇÔöÇÔöÇÔöÇÔöÇÔöÇÔöÇÔöÇÔöÇÔöÇÔöÇÔöÇÔöÇÔöÇÔöÇÔöÇÔöÇÔöÇÔöÇÔöÇÔöÇÔöÇÔöÇÔöÇÔöÇÔöÇÔöÇÔöÇÔöÇÔöÇÔöÇÔöÇÔöÇÔò«[0m
  Ôöè ­ƒôû preparing read_fileÔÇª
    [38;2;255;248;220mVoy a leer los dos archivos completos desde disco en el orden indicado.[0m
[1;38;2;255;215;0mÔò░ÔöÇÔöÇÔöÇÔöÇÔöÇÔöÇÔöÇÔöÇÔöÇÔöÇÔöÇÔöÇÔöÇÔöÇÔöÇÔöÇÔöÇÔöÇÔöÇÔöÇÔöÇÔöÇÔöÇÔöÇÔöÇÔöÇÔöÇÔöÇÔöÇÔöÇÔöÇÔöÇÔöÇÔöÇÔöÇÔöÇÔöÇÔöÇÔöÇÔöÇÔöÇÔöÇÔöÇÔöÇÔöÇÔöÇÔöÇÔöÇÔöÇÔöÇÔöÇÔöÇÔöÇÔöÇÔöÇÔöÇÔöÇÔöÇÔöÇÔöÇÔöÇÔöÇÔöÇÔöÇÔöÇÔöÇÔöÇÔöÇÔöÇÔöÇÔöÇÔöÇÔöÇÔöÇÔöÇÔöÇÔöÇÔöÇÔò»[0m
  Ôöè ­ƒôû preparing read_fileÔÇª
  Ôöè ­ƒôû read      01_TAREA_ACTUAL.txt  1.7s
  Ôöè ­ƒôû read      AUTOREGEN_GLOBAL.txt  1.7s

[2;3mÔöîÔöÇ Reasoning ÔöÇÔöÇÔöÇÔöÇÔöÇÔöÇÔöÇÔöÇÔöÇÔöÇÔöÇÔöÇÔöÇÔöÇÔöÇÔöÇÔöÇÔöÇÔöÇÔöÇÔöÇÔöÇÔöÇÔöÇÔöÇÔöÇÔöÇÔöÇÔöÇÔöÇÔöÇÔöÇÔöÇÔöÇÔöÇÔöÇÔöÇÔöÇÔöÇÔöÇÔöÇÔöÇÔöÇÔöÇÔöÇÔöÇÔöÇÔöÇÔöÇÔöÇÔöÇÔöÇÔöÇÔöÇÔöÇÔöÇÔöÇÔöÇÔöÇÔöÇÔöÇÔöÇÔöÇÔöÇÔöÇÔöÇÔöÉ[0m
[2;3mLet me understand the task. The TAREA_ACTUAL.txt is a "BLOQUEO OBLIGATORIO ÔÇö SIN BASE[0m
[2;3mLINE V├üLIDO". This is the current task I need to work on.[0m
[2;3m[0m
[2;3mThe task says:[0m
[2;3m- This is generation 1, first session[0m
[2;3m- Start from the first step of the task and create verifiable checkpoints[0m
[2;3m[0m
[2;3mThe task content (01_TAREA_ACTUAL.txt) is a BLOCK that says:[0m
[2;3m- Stop PHASE 1, don't continue with BLACKFORGE yet[0m
[2;3m- Confirmed diagnosis: no git, no backups, no .bak copies of engine.py or golden. The golden[0m
[2;3m on disk (mvp_output_sample.json) already reflects the modified motor (ADOPTAR/AMPLI[0m
[2;3mAR PRUEBA), not a previous state. The "previous behavior" of the motor (PROTOTIPAR[0m
[2;3m/DIVERGIR) was NEVER valid w.r.t. VALID_DECISIONS.[0m
[2;3m- So NO baseline exists.[0m
[2;3m[0m
[2;3mCorrection to the previous block:[0m
[2;3m- Don't restore engine.py, don't regenerate golden, don't touch the test or VALID_DE[0m
[2;3mCISIONS. Leave filesystem exactly as is. Mark as NOT RATIFIED, not "correct".[0m
[2;3m[0m
[2;3mThe task steps:[0m
[2;3m1. Don't restore engine.py. Don't regenerate golden. Don't touch test or VALID_DECISIONS[0m
[2;3m. Leave filesystem exactly as is. Mark this state as NOT RATIFIED, not "correct".[0m
[2;3m[0m
[2;3m2. Create verification/recommended_status_conflict.json with:[0m
[2;3m   - Explicit confirmation: "no existe baseline previo v├ílido (sin git, sin backups[0m
[2;3m); el estado anterior del motor ya violaba VALID_DECISIONS antes del cambio especul[0m
[2;3mativo"[0m
[2;3m   - Value emitted by the current motor vs previous[0m
[2;3m   - Exact content of VALID_DECISIONS[0m
[2;3m   - Expectation of the test (test_engine.py:14)[0m
[2;3m   - All references in code/tests/docs/HANDOFF to: AMPLIAR PRUEBA, DIVERGIR, PROTOTIP[0m
[2;3mAR, ADOPTAR, ABANDONAR, ARCHIVAR PARA RECOMBINAR[0m
[2;3m   - Impact of each alternative (point 3)[0m
[2;3m3. Present at least these alternatives, without applying any:[0m
[2;3m   A. Current motor is fine: ADOPTAR/AMPLIAR PRUEBA adopted as official decision, but requires[0m
[2;3m explicit human ratification that len(families)>=4 really justifies ADOPTAR.[0m
[2;3m   B. VALID_DECISIONS was incomplete: expand to include PROTOTIPAR and DIVERGIR as valid[0m
[2;3m states.[0m
[2;3m   C. Separate two concepts the motor mixed:[0m
[2;3m      - pipeline_action: PROTOTIPAR / DIVERGIR (what to do next)[0m
[2;3m      - recommended_status: ADOPTAR / AMPLIAR PRUEBA / ABANDONAR / ARCHIVAR PARA RECOMBIN[0m
[2;3mAR (state of the idea)[0m
[2;3m4. Recommend alternative of minimum semantic loss (C still most defensible because[0m
[2;3m the root error is conceptual, not just values), but DON'T apply without authorization[0m
[2;3m.[0m
[2;3m5. Mark: FASE 0 ÔÇö BLOCKED_NO_VALID_BASELINE[0m
[2;3m6. Update HANDOFF.md documenting that backup research was exhaustive and negative[0m
[2;3m, and end exactly with: BASELINE_DECISION_REQUIRED[0m
[2;3m[0m
[2;3mSo the next step is to actually explore the filesystem to understand what's there. Let[0m
[2;3m me gather context.[0m
[2;3m[0m
[2;3mThis task requires me to:[0m
[2;3m1. First, investigate the actual state of the filesystem ÔÇö confirm the diagnosis ([0m
[2;3mno git, no backups, no .bak, golden reflects modified motor, etc.)[0m
[2;3m2. Read the relevant files: engine.py, test_engine.py, VALID_DECISIONS, golden (mvp_output[0m
[2;3m_sample.json)[0m
[2;3m3. Find all references to the keywords[0m
[2;3m4. Create verification/recommended_status_conflict.json[0m
[2;3m5. Present alternatives (in handoff)[0m
[2;3m6. Mark FASE 0 ÔÇö BLOCKED_NO_VALID_BASELINE[0m
[2;3m7. Update HANDOFF.md, end with BASELINE_DECISION_REQUIRED[0m
[2;3m[0m
[2;3mThis is a first session, generation 1. The task is the BLOCK itself (01_TAREA_ACT[0m
[2;3mUAL.txt is the current task, which is the BLOCK). So I need to execute the block's[0m
[2;3m steps.[0m
[2;3m[0m
[2;3mLet me start by exploring the project structure. Let me read the relevant files and[0m
[2;3m check the state.[0m
[2;3m[0m
[2;3mLet me be thorough. Let me:[0m
[2;3m- List the directory E:\PROYECTS\CRIBA[0m
[2;3m- Check for git, backups, .bak[0m
[2;3m- Find engine.py, test_engine.py, VALID_DECISIONS, mvp_output_sample.json[0m
[2;3m- Search for the keywords[0m
[2;3m[0m
[2;3mLet me do parallel reads/searches.[0m
[2;3m[0m
[2;3mFirst, let me understand the structure. Let me list files and search for the key files[0m
[2;3m.[0m
[2;3m[0m
[2;3mI should verify the diagnosis claims since the task demands evidence. Let me gather[0m
[2;3m evidence:[0m
[2;3m- No git: check for .git[0m
[2;3m- No backups: search for .bak files[0m
[2;3m- No .bak copies of engine.py or golden[0m
[2;3m- golden = mvp_output_sample.json[0m
[2;3m[0m
[2;3mLet me explore. I'll do parallel calls.[0m
[2;3m[0m
[2;3mLet me search for files and content. Let me start[0m
[2;3mÔööÔöÇÔöÇÔöÇÔöÇÔöÇÔöÇÔöÇÔöÇÔöÇÔöÇÔöÇÔöÇÔöÇÔöÇÔöÇÔöÇÔöÇÔöÇÔöÇÔöÇÔöÇÔöÇÔöÇÔöÇÔöÇÔöÇÔöÇÔöÇÔöÇÔöÇÔöÇÔöÇÔöÇÔöÇÔöÇÔöÇÔöÇÔöÇÔöÇÔöÇÔöÇÔöÇÔöÇÔöÇÔöÇÔöÇÔöÇÔöÇÔöÇÔöÇÔöÇÔöÇÔöÇÔöÇÔöÇÔöÇÔöÇÔöÇÔöÇÔöÇÔöÇÔöÇÔöÇÔöÇÔöÇÔöÇÔöÇÔöÇÔöÇÔöÇÔöÇÔöÇÔöÇÔöÇÔöÇÔöÇÔöÇÔöÇÔöÿ[0m

[1;38;2;255;215;0mÔò¡ÔöÇ ÔÜò Hermes ÔöÇÔöÇÔöÇÔöÇÔöÇÔöÇÔöÇÔöÇÔöÇÔöÇÔöÇÔöÇÔöÇÔöÇÔöÇÔöÇÔöÇÔöÇÔöÇÔöÇÔöÇÔöÇÔöÇÔöÇÔöÇÔöÇÔöÇÔöÇÔöÇÔöÇÔöÇÔöÇÔöÇÔöÇÔöÇÔöÇÔöÇÔöÇÔöÇÔöÇÔöÇÔöÇÔöÇÔöÇÔöÇÔöÇÔöÇÔöÇÔöÇÔöÇÔöÇÔöÇÔöÇÔöÇÔöÇÔöÇÔöÇÔöÇÔöÇÔöÇÔöÇÔöÇÔöÇÔöÇÔöÇÔöÇÔöÇÔò«[0m
    [38;2;255;248;220mHe le├¡do ambos archivos. La tarea actual es un BLOQUEO OBLIGATORIO (sin baseline v├ílido). La instrucci├│n me dice que empiece desde el primer paso y cree checkpoints verificables. El "primer paso" del bloqueo es verificar el diagn├│stico antes de crear artifacts, as├¡ que primero investigo el estado real del filesystem con evidencia.[0m
    [38;2;255;248;220m[0m
    [38;2;255;248;220mVoy a explorar la estructura del proyecto y verificar las afirmaciones[0m
  Ôöè ­ƒöÄ preparing search_filesÔÇª
    [38;2;255;248;220mdel diagn├│stico en paralelo.[0m
[1;38;2;255;215;0mÔò░ÔöÇÔöÇÔöÇÔöÇÔöÇÔöÇÔöÇÔöÇÔöÇÔöÇÔöÇÔöÇÔöÇÔöÇÔöÇÔöÇÔöÇÔöÇÔöÇÔöÇÔöÇÔöÇÔöÇÔöÇÔöÇÔöÇÔöÇÔöÇÔöÇÔöÇÔöÇÔöÇÔöÇÔöÇÔöÇÔöÇÔöÇÔöÇÔöÇÔöÇÔöÇÔöÇÔöÇÔöÇÔöÇÔöÇÔöÇÔöÇÔöÇÔöÇÔöÇÔöÇÔöÇÔöÇÔöÇÔöÇÔöÇÔöÇÔöÇÔöÇÔöÇÔöÇÔöÇÔöÇÔöÇÔöÇÔöÇÔöÇÔöÇÔöÇÔöÇÔöÇÔöÇÔöÇÔöÇÔöÇÔöÇÔöÇÔò»[0m
  Ôöè ­ƒöÄ preparing search_filesÔÇª
  Ôöè ­ƒöÄ preparing search_filesÔÇª
  Ôöè ­ƒöÄ find      *  1.8s
  Ôöè ­ƒöÄ find      \.bak$  1.4s
  Ôöè ­ƒöÄ find      engine\.py|test_engine\.py|VALID_DECISIONS|mvp_output_sample\.json  1.4s

[2;3mÔöîÔöÇ Reasoning ÔöÇÔöÇÔöÇÔöÇÔöÇÔöÇÔöÇÔöÇÔöÇÔöÇÔöÇÔöÇÔöÇÔöÇÔöÇÔöÇÔöÇÔöÇÔöÇÔöÇÔöÇÔöÇÔöÇÔöÇÔöÇÔöÇÔöÇÔöÇÔöÇÔöÇÔöÇÔöÇÔöÇÔöÇÔöÇÔöÇÔöÇÔöÇÔöÇÔöÇÔöÇÔöÇÔöÇÔöÇÔöÇÔöÇÔöÇÔöÇÔöÇÔöÇÔöÇÔöÇÔöÇÔöÇÔöÇÔöÇÔöÇÔöÇÔöÇÔöÇÔöÇÔöÇÔöÇÔöÇÔöÇÔöÇÔöÉ[0m
[2;3mThe file search for specific filenames returned 0 results, but I see `src\criba\engine[0m
[2;3m.py` and `tests\test_mvp_golden_output.py` exist from the general search. The search with[0m
[2;3m a regex pattern combining multiple files returned 0 ÔÇö maybe because it's a regex and[0m
[2;3m the alternation needs adjustment, or the pattern matched differently. Let me search[0m
[2;3m more specifically.[0m
[2;3m[0m
[2;3mKey files to examine:[0m
[2;3m- src/criba/engine.py (the modified motor)[0m
[2;3m- tests/test_mvp_golden_output.py (the test, referenced as test_engine.py:14)[0m
[2;3m- verification/mvp_output_sample.json (golden)[0m
[2;3m- There must be a VALID_DECISIONS somewhere[0m
[2;3m[0m
[2;3mLet me note the diagnostic claims:[0m
[2;3m1. No git, no backups, no .bak of engine.py or golden. ÔåÆ Confirmed: .bak search returned [0m
[2;3m0. Need to check git.[0m
[2;3m2. The golden (mvp_output_sample.json) reflects modified motor (ADOPTAR/AMPLIAR PRUE[0m
[2;3mBA).[0m
[2;3m3. The "anterior" motor behavior (PROTOTIPAR/DIVERGIR) never was valid vs VALID_DECIS[0m
[2;3mIONS.[0m
[2;3m[0m
[2;3mI need to:[0m
[2;3m- Check engine.py content (find VALID_DECISIONS, ADOPTAR, AMPLIAR PRUEBA, PROTOTIPAR[0m
[2;3m, DIVERGIR)[0m
[2;3m- Check test_mvp_golden_output.py line 14[0m
[2;3m- Check golden JSON[0m
[2;3m- Find VALID_DECISIONS reference[0m
[2;3m- Check git status[0m
[2;3m[0m
[2;3mLet me read the relevant files. Note the task references `test_engine.py:14` but the[0m
[2;3m actual test seems to be `test_mvp_golden_output.py`. Let me search for VALID_DECIS[0m
[2;3mIONS and check the test files.[0m
[2;3m[0m
[2;3mLet me read engine.py, the test, golden, and search for VALID_DECISIONS, git check[0m
[2;3mÔööÔöÇÔöÇÔöÇÔöÇÔöÇÔöÇÔöÇÔöÇÔöÇÔöÇÔöÇÔöÇÔöÇÔöÇÔöÇÔöÇÔöÇÔöÇÔöÇÔöÇÔöÇÔöÇÔöÇÔöÇÔöÇÔöÇÔöÇÔöÇÔöÇÔöÇÔöÇÔöÇÔöÇÔöÇÔöÇÔöÇÔöÇÔöÇÔöÇÔöÇÔöÇÔöÇÔöÇÔöÇÔöÇÔöÇÔöÇÔöÇÔöÇÔöÇÔöÇÔöÇÔöÇÔöÇÔöÇÔöÇÔöÇÔöÇÔöÇÔöÇÔöÇÔöÇÔöÇÔöÇÔöÇÔöÇÔöÇÔöÇÔöÇÔöÇÔöÇÔöÇÔöÇÔöÇÔöÇÔöÇÔöÇÔöÇÔöÿ[0m

[1;38;2;255;215;0mÔò¡ÔöÇ ÔÜò Hermes ÔöÇÔöÇÔöÇÔöÇÔöÇÔöÇÔöÇÔöÇÔöÇÔöÇÔöÇÔöÇÔöÇÔöÇÔöÇÔöÇÔöÇÔöÇÔöÇÔöÇÔöÇÔöÇÔöÇÔöÇÔöÇÔöÇÔöÇÔöÇÔöÇÔöÇÔöÇÔöÇÔöÇÔöÇÔöÇÔöÇÔöÇÔöÇÔöÇÔöÇÔöÇÔöÇÔöÇÔöÇÔöÇÔöÇÔöÇÔöÇÔöÇÔöÇÔöÇÔöÇÔöÇÔöÇÔöÇÔöÇÔöÇÔöÇÔöÇÔöÇÔöÇÔöÇÔöÇÔöÇÔöÇÔöÇÔöÇÔò«[0m
    [38;2;255;248;220mEl filesystem confirma: cero archivos .bak, y existen[0m
    [38;2;255;248;220msrc/criba/engine.py, verification/mvp_output_sample.json,[0m
    [38;2;255;248;220mtests/test_mvp_golden_output.py. Ahora verifico el contenido real: el[0m
    [38;2;255;248;220mmotor, el test (referenciado como test_engine.py:14), el golden, la[0m
  Ôöè ­ƒôû preparing read_fileÔÇª
    [38;2;255;248;220mconstante VALID_DECISIONS y si hay git.[0m
[1;38;2;255;215;0mÔò░ÔöÇÔöÇÔöÇÔöÇÔöÇÔöÇÔöÇÔöÇÔöÇÔöÇÔöÇÔöÇÔöÇÔöÇÔöÇÔöÇÔöÇÔöÇÔöÇÔöÇÔöÇÔöÇÔöÇÔöÇÔöÇÔöÇÔöÇÔöÇÔöÇÔöÇÔöÇÔöÇÔöÇÔöÇÔöÇÔöÇÔöÇÔöÇÔöÇÔöÇÔöÇÔöÇÔöÇÔöÇÔöÇÔöÇÔöÇÔöÇÔöÇÔöÇÔöÇÔöÇÔöÇÔöÇÔöÇÔöÇÔöÇÔöÇÔöÇÔöÇÔöÇÔöÇÔöÇÔöÇÔöÇÔöÇÔöÇÔöÇÔöÇÔöÇÔöÇÔöÇÔöÇÔöÇÔöÇÔöÇÔöÇÔöÇÔò»[0m
  Ôöè ­ƒöÄ preparing search_filesÔÇª
  Ôöè ­ƒÆ╗ preparing terminalÔÇª

[2;3mÔöîÔöÇ Reasoning ÔöÇÔöÇÔöÇÔöÇÔöÇÔöÇÔöÇÔöÇÔöÇÔöÇÔöÇÔöÇÔöÇÔöÇÔöÇÔöÇÔöÇÔöÇÔöÇÔöÇÔöÇÔöÇÔöÇÔöÇÔöÇÔöÇÔöÇÔöÇÔöÇÔöÇÔöÇÔöÇÔöÇÔöÇÔöÇÔöÇÔöÇÔöÇÔöÇÔöÇÔöÇÔöÇÔöÇÔöÇÔöÇÔöÇÔöÇÔöÇÔöÇÔöÇÔöÇÔöÇÔöÇÔöÇÔöÇÔöÇÔöÇÔöÇÔöÇÔöÇÔöÇÔöÇÔöÇÔöÇÔöÇÔöÇÔöÉ[0m
[2;3mThe terminal tool isn't available directly ÔÇö I should use execute_code with shell[0m
[2;3m, or use the bash via execute_code? The instructions mention terminal but it's not[0m
[2;3m in the list. The available tools include `execute_code` which can run Python. But for[0m
[2;3m git commands, I need shell. Let me check - there's no terminal tool. Wait, the system prompt[0m
[2;3m says "Your `terminal` tool runs commands through bash". But the available tools list[0m
[2;3m doesn't include terminal. Let me use execute_code which has access to shell? Actually[0m
[2;3m execute_code runs Python scripts, not shell directly. But I can use Python's subprocess[0m
[2;3m or os to run git.[0m
[2;3m[0m
[2;3mActually, let me reconsider. The tools available: I can use execute_code to run Python[0m
[2;3m that calls subprocess to run git and other commands. Let me do that.[0m
[2;3m[0m
[2;3mLet me first re-read engine.py and search VALID_DECISIONS[0m
[2;3mÔööÔöÇÔöÇÔöÇÔöÇÔöÇÔöÇÔöÇÔöÇÔöÇÔöÇÔöÇÔöÇÔöÇÔöÇÔöÇÔöÇÔöÇÔöÇÔöÇÔöÇÔöÇÔöÇÔöÇÔöÇÔöÇÔöÇÔöÇÔöÇÔöÇÔöÇÔöÇÔöÇÔöÇÔöÇÔöÇÔöÇÔöÇÔöÇÔöÇÔöÇÔöÇÔöÇÔöÇÔöÇÔöÇÔöÇÔöÇÔöÇÔöÇÔöÇÔöÇÔöÇÔöÇÔöÇÔöÇÔöÇÔöÇÔöÇÔöÇÔöÇÔöÇÔöÇÔöÇÔöÇÔöÇÔöÇÔöÇÔöÇÔöÇÔöÇÔöÇÔöÇÔöÇÔöÇÔöÇÔöÇÔöÇÔöÇÔöÿ[0m

[1;38;2;255;215;0mÔò¡ÔöÇ ÔÜò Hermes ÔöÇÔöÇÔöÇÔöÇÔöÇÔöÇÔöÇÔöÇÔöÇÔöÇÔöÇÔöÇÔöÇÔöÇÔöÇÔöÇÔöÇÔöÇÔöÇÔöÇÔöÇÔöÇÔöÇÔöÇÔöÇÔöÇÔöÇÔöÇÔöÇÔöÇÔöÇÔöÇÔöÇÔöÇÔöÇÔöÇÔöÇÔöÇÔöÇÔöÇÔöÇÔöÇÔöÇÔöÇÔöÇÔöÇÔöÇÔöÇÔöÇÔöÇÔöÇÔöÇÔöÇÔöÇÔöÇÔöÇÔöÇÔöÇÔöÇÔöÇÔöÇÔöÇÔöÇÔöÇÔöÇÔöÇÔöÇÔò«[0m
    [38;2;255;248;220mEl terminal no est├í disponible como herramienta directa; usar├®[0m
    [38;2;255;248;220mexecute_code (Python + subprocess) para comandos de shell. Releo el[0m
  Ôöè ­ƒôû preparing read_fileÔÇª
    [38;2;255;248;220mmotor y busco VALID_DECISIONS, y corro git en paralelo.[0m
[1;38;2;255;215;0mÔò░ÔöÇÔöÇÔöÇÔöÇÔöÇÔöÇÔöÇÔöÇÔöÇÔöÇÔöÇÔöÇÔöÇÔöÇÔöÇÔöÇÔöÇÔöÇÔöÇÔöÇÔöÇÔöÇÔöÇÔöÇÔöÇÔöÇÔöÇÔöÇÔöÇÔöÇÔöÇÔöÇÔöÇÔöÇÔöÇÔöÇÔöÇÔöÇÔöÇÔöÇÔöÇÔöÇÔöÇÔöÇÔöÇÔöÇÔöÇÔöÇÔöÇÔöÇÔöÇÔöÇÔöÇÔöÇÔöÇÔöÇÔöÇÔöÇÔöÇÔöÇÔöÇÔöÇÔöÇÔöÇÔöÇÔöÇÔöÇÔöÇÔöÇÔöÇÔöÇÔöÇÔöÇÔöÇÔöÇÔöÇÔöÇÔöÇÔò»[0m
  Ôöè ­ƒöÄ preparing search_filesÔÇª
  Ôöè ­ƒÉì preparing execute_codeÔÇª
  Ôöè ­ƒôû read      engine.py  0.9s
  Ôöè ­ƒöÄ grep      VALID_DECISIONS  0.6s
  Ôöè ­ƒÉì exec      import subprocess, os  0.3s

[2;3mÔöîÔöÇ Reasoning ÔöÇÔöÇÔöÇÔöÇÔöÇÔöÇÔöÇÔöÇÔöÇÔöÇÔöÇÔöÇÔöÇÔöÇÔöÇÔöÇÔöÇÔöÇÔöÇÔöÇÔöÇÔöÇÔöÇÔöÇÔöÇÔöÇÔöÇÔöÇÔöÇÔöÇÔöÇÔöÇÔöÇÔöÇÔöÇÔöÇÔöÇÔöÇÔöÇÔöÇÔöÇÔöÇÔöÇÔöÇÔöÇÔöÇÔöÇÔöÇÔöÇÔöÇÔöÇÔöÇÔöÇÔöÇÔöÇÔöÇÔöÇÔöÇÔöÇÔöÇÔöÇÔöÇÔöÇÔöÇÔöÇÔöÇÔöÉ[0m
[2;3mConfirmado:[0m
[2;3m- NO hay git (fatal: not a git repository).[0m
[2;3m- NO hay .bak (0 resultados en b├║squeda de .bak$).[0m
[2;3m- El motor (engine.py) l├¡nea 403: `status = "ADOPTAR" if len(families) >= 4 else "[0m
[2;3mAMPLIAR PRUEBA"`. Con comentario que dice "Baseline fix (FASE 0): recommended_status must[0m
[2;3m be a member of VALID_DECISIONS. The previous values "PROTOTIPAR"/"DIVERGIR" were[0m
[2;3m outside the enum."[0m
[2;3m[0m
[2;3mAs├¡ que el diagn├│stico del bloqueo es CORRECTO: el motor YA fue modificado a ADOPTAR[0m
[2;3m/AMPLIAR PRUEBA. VALID_DECISIONS est├í en constants.py. Necesito ver:[0m
[2;3m1. El contenido exacto de VALID_DECISIONS (en constants.py).[0m
[2;3m2. La expectativa del test. La tarea dice "test_engine.py:14" pero la b├║squeda no[0m
[2;3m encontr├│ test_engine.py. Hay tests/test_mvp_golden_output.py. D├®jame leer el test golden[0m
[2;3m y constants.py.[0m
[2;3m3. El golden mvp_output_sample.json (c├│mo se ve recommended_status).[0m
[2;3m[0m
[2;3mTambi├®n el bloqueo menciona "test_engine.py:14" ÔÇö pero ese archivo no existe. Neces[0m
[2;3mito buscar referencias. La tarea dice "Expectativa del test (test_engine.py:14)" ÔÇö de[0m
[2;3mbo documentar la expectativa del test real. Hay tests/test_mvp_golden_output.py. D├®[0m
[2;3mjame leerlo y constants.py y el golden.[0m
[2;3m[0m
[2;3mVoy a leer en paralelo:[0m
[2;3m- src/criba/constants.py (para VALID_DECISIONS exacto)[0m
[2;3m- tests/test_mvp_golden_output.py (test real)[0m
[2;3m- verification/mvp_output_sample.json (golden, ver recommended_status)[0m
[2;3m- buscar referencias a test_engine.py[0m
[2;3m[0m
[2;3mTambi├®n debo buscar todas las referencias en c├│digo/tests/docs/HANDOFF a los t├®rmin[0m
[2;3mos: AMPLIAR PRUEBA, DIVERGIR, PROTOTIPAR, ADOPTAR, ABANDONAR, ARCHIVAR PARA RECOM[0m
[2;3mBINAR.[0m
[2;3m[0m
[2;3mEl punto 2 del bloqueo pide crear verification/recommended_status_conflict.json con todas[0m
[2;3m esas referencias. Ya tengo muchas referencias de la b├║squeda de VALID_DECISIONS ([0m
[2;3m62 matches). Pero esas no son espec├¡ficamente los t├®rminos del estado. D├®jame hacer[0m
[2;3m una b├║squeda espec├¡fica de esos t├®rminos de estado.[0m
[2;3m[0m
[2;3mVoy por partes. Primero leer constants, test golden, golden json, y buscar los t├®r[0m
[2;3mminos de estado[0m
[2;3mÔööÔöÇÔöÇÔöÇÔöÇÔöÇÔöÇÔöÇÔöÇÔöÇÔöÇÔöÇÔöÇÔöÇÔöÇÔöÇÔöÇÔöÇÔöÇÔöÇÔöÇÔöÇÔöÇÔöÇÔöÇÔöÇÔöÇÔöÇÔöÇÔöÇÔöÇÔöÇÔöÇÔöÇÔöÇÔöÇÔöÇÔöÇÔöÇÔöÇÔöÇÔöÇÔöÇÔöÇÔöÇÔöÇÔöÇÔöÇÔöÇÔöÇÔöÇÔöÇÔöÇÔöÇÔöÇÔöÇÔöÇÔöÇÔöÇÔöÇÔöÇÔöÇÔöÇÔöÇÔöÇÔöÇÔöÇÔöÇÔöÇÔöÇÔöÇÔöÇÔöÇÔöÇÔöÇÔöÇÔöÇÔöÇÔöÇÔöÿ[0m

[1;38;2;255;215;0mÔò¡ÔöÇ ÔÜò Hermes ÔöÇÔöÇÔöÇÔöÇÔöÇÔöÇÔöÇÔöÇÔöÇÔöÇÔöÇÔöÇÔöÇÔöÇÔöÇÔöÇÔöÇÔöÇÔöÇÔöÇÔöÇÔöÇÔöÇÔöÇÔöÇÔöÇÔöÇÔöÇÔöÇÔöÇÔöÇÔöÇÔöÇÔöÇÔöÇÔöÇÔöÇÔöÇÔöÇÔöÇÔöÇÔöÇÔöÇÔöÇÔöÇÔöÇÔöÇÔöÇÔöÇÔöÇÔöÇÔöÇÔöÇÔöÇÔöÇÔöÇÔöÇÔöÇÔöÇÔöÇÔöÇÔöÇÔöÇÔöÇÔöÇÔöÇÔöÇÔò«[0m
    [38;2;255;248;220mDiagn├│stico confirmado por evidencias reales:[0m
    [38;2;255;248;220m- git: fatal: not a git repository ÔåÆ sin git.[0m
    [38;2;255;248;220m- .bak: 0 resultados ÔåÆ sin backups.[0m
    [38;2;255;248;220m- engine.py l├¡nea 403: ya emite ADOPTAR/AMPLIAR PRUEBA (con comentario de "Baseline fix FASE 0").[0m
    [38;2;255;248;220m[0m
    [38;2;255;248;220mAhora leo el contenido exacto de VALID_DECISIONS, el test golden real[0m
    [38;2;255;248;220m(test_engine.py no existe; hay test_mvp_golden_output.py), el golden, y[0m
  Ôöè ­ƒôû preparing read_fileÔÇª
    [38;2;255;248;220mre├║no todas las referencias a los t├®rminos de estado.[0m
[1;38;2;255;215;0mÔò░ÔöÇÔöÇÔöÇÔöÇÔöÇÔöÇÔöÇÔöÇÔöÇÔöÇÔöÇÔöÇÔöÇÔöÇÔöÇÔöÇÔöÇÔöÇÔöÇÔöÇÔöÇÔöÇÔöÇÔöÇÔöÇÔöÇÔöÇÔöÇÔöÇÔöÇÔöÇÔöÇÔöÇÔöÇÔöÇÔöÇÔöÇÔöÇÔöÇÔöÇÔöÇÔöÇÔöÇÔöÇÔöÇÔöÇÔöÇÔöÇÔöÇÔöÇÔöÇÔöÇÔöÇÔöÇÔöÇÔöÇÔöÇÔöÇÔöÇÔöÇÔöÇÔöÇÔöÇÔöÇÔöÇÔöÇÔöÇÔöÇÔöÇÔöÇÔöÇÔöÇÔöÇÔöÇÔöÇÔöÇÔöÇÔöÇÔò»[0m
  Ôöè ­ƒôû preparing read_fileÔÇª
  Ôöè ­ƒöÄ preparing search_filesÔÇª
  Ôöè ­ƒöÄ preparing search_filesÔÇª
  Ôöè ­ƒôû read      constants.py  1.2s
  Ôöè ­ƒôû read      test_mvp_golden_output.py  1.2s
  Ôöè ­ƒöÄ grep      AMPLIAR PRUEBA|DIVERGIR|PROTOTIPAR|ADOPTAR|ABANDONAR|ARCHIVAR PARA RECOMBINAR  0.9s
  Ôöè ­ƒöÄ grep      test_engine\.py  0.7s

[2;3mÔöîÔöÇ Reasoning ÔöÇÔöÇÔöÇÔöÇÔöÇÔöÇÔöÇÔöÇÔöÇÔöÇÔöÇÔöÇÔöÇÔöÇÔöÇÔöÇÔöÇÔöÇÔöÇÔöÇÔöÇÔöÇÔöÇÔöÇÔöÇÔöÇÔöÇÔöÇÔöÇÔöÇÔöÇÔöÇÔöÇÔöÇÔöÇÔöÇÔöÇÔöÇÔöÇÔöÇÔöÇÔöÇÔöÇÔöÇÔöÇÔöÇÔöÇÔöÇÔöÇÔöÇÔöÇÔöÇÔöÇÔöÇÔöÇÔöÇÔöÇÔöÇÔöÇÔöÇÔöÇÔöÇÔöÇÔöÇÔöÇÔöÇÔöÉ[0m
[2;3mVoy a consolidar la evidencia recopilada:[0m
[2;3m[0m
[2;3m1. `VALID_DECISIONS = {"ADOPTAR", "AMPLIAR PRUEBA", "ABANDONAR", "ARCHIVAR PARA REC[0m
[2;3mOMBINAR"}` (constants.py:11) ÔÇö NO incluye PROTOTIPAR ni DIVERGIR.[0m
[2;3m[0m
[2;3m2. El test real que verifica `recommended_status` es `tests/unit/test_engine.py:14`[0m
[2;3m (no `test_engine.py:14` en la ra├¡z; la tarea dice "test_engine.py:14" pero es `tests/[0m
[2;3munit/test_engine.py`). Lo confirmo en paralelo. El test espera `AMPLIAR PRUEBA` expl[0m
[2;3m├¡citamente.[0m
[2;3m[0m
[2;3m3. El golden actual (`mvp_output_sample.normalized.json:36` y `mvp_output_sample.json:[0m
[2;3m1311`) emite `AMPLIAR PRUEBA`. Esto es coherente con el motor actual (engine.py:403),[0m
[2;3m porque con la QUERY fija, `len(families) >= 4` determina el valor. Veamos: el test[0m
[2;3m espera AMPLIAR PRUEBA, y el golden tiene AMPLIAR PRUEBA. Eso significa con la query f[0m
[2;3mija, `len(families) < 4, entonces el motor emite AMPLIAR PRUEBA. Coherente.[0m
[2;3m[0m
[2;3m4. Referencias a los t├®rminos:[0m
[2;3m   - engine.py:401-403: comentario sobre "previous values PROTOTIPAR/DIVERGIR were[0m
[2;3m outside the enum" + status = ADOPTAR/AMPLIAR PRUEBA.[0m
[2;3m   - verification/mvp_output_sample.normalized.json:36: AMPLIAR PRUEBA[0m
[2;3m   - verification/mvp_output_sample.json:1311: AMPLIAR PRUEBA[0m
[2;3m   - tests/unit/test_innovation_mvp.py:33,42: AMPLIAR PRUEBA[0m
[2;3m   - tests/unit/test_engine.py:14: AMPLIAR PRUEBA[0m
[2;3m   - tests/fixtures/mandatory_model_packet_v1.json:232-233: AMPLIAR PRUEBA[0m
[2;3m   - imports/blackforge_v2/criba_blackforge_politicas_v2.json:19,82: DIVERGIR (este[0m
[2;3m es de otro dominio, blackforge, no del motor CRIBA)[0m
[2;3m   - imports/blackforge_v2/criba_blackforge_cambios_debate20.csv: muchos DIVERGIR[0m
[2;3m (blackforge, no CRIBA)[0m
[2;3m   - HIPER_MEGAPROMPT...txt: DIVERGIR (docs mega)[0m
[2;3m[0m
[2;3m   Referencias a PROTOTIPAR, ADOPTAR, ABANDONAR, ARCHIVAR PARA RECOMBINAR:[0m
[2;3m   - ADOPTAR: engine.py:403, tarea, DOC. V├ílido.[0m
[2;3m   - ABANDONAR: VALID_DECISIONS (v├ílido), docs INTEGRATION.md.[0m
[2;3m   - ARCHIVAR PARA RECOMBINAR: VALID_DECISIONS (v├ílido), docs.[0m
[2;3m   - PROTOTIPAR: tarea menciona (en alternativas C), blackforge pol├¡ticas? No apare[0m
[2;3mce PROTOTIPAR en los resultados arriba salvo en la tarea. Espera, el search incluy├│[0m
[2;3m PROTOTIPAR en el pattern. Los resultados no muestran PROTOTIPAR en archivos salvo [0m
[2;3m01_TAREA. As├¡ que PROTOTIPAR aparece solo en la tarea (no en c├│digo). Confirmo.[0m
[2;3m[0m
[2;3m   Importante: DIVERGIR aparece en archivos blackforge (imports/) y en HIPER_MEGAPROM[0m
[2;3mPT (docs), que son de un dominio distinto (BlackForge) ÔÇö NO son del motor CRIBA ni[0m
[2;3m de VALID_DECISIONS. Esto es relevante para el informe: hay "contaminaci├│n de t├®rmin[0m
[2;3mos" entre dominios, pero en el motor CRIBA, DIVERGIR/PROTOTIPAR no son estados v├ílidos[0m
[2;3m.[0m
[2;3m[0m
[2;3m5. Confirmar que no hay test_engine.py en ra├¡z ÔÇö el search de "test_engine.py" solo[0m
[2;3m dio 3 resultados, todos en 01_TAREA. El test real es tests/unit/test_engine.py. La[0m
[2;3m tarea dice "test_engine.py:14" ÔÇö es una referencia imprecisa; el archivo real es tests[0m
[2;3m/unit/test_engine.py:14. Lo anoto.[0m
[2;3m[0m
[2;3mAhora necesito ejecutar el test para verificar el estado actual (GREEN check). Pero[0m
[2;3m no tengo pytest instalado necesariamente. D├®jame verificar si Python funciona y ejec[0m
[2;3muto el golden test + el test de recommended_status. Esto es evidencia clave: el diagn[0m
[2;3m├│stico dice "deja el filesystem exactamente como est├í, golden coherente con ese motor".[0m
[2;3m Quiero confirmar que el test pasa actualmente (lo cual valida que golden y motor son[0m
[2;3m coherentes entre s├¡, aunque NO RATIFICADOS).[0m
[2;3m[0m
[2;3mVoy a ejecutar:[0m
[2;3m- pytest tests/unit/test_engine.py::test_... o simplemente ejecutar engine.activate[0m
[2;3m y ver el status.[0m
[2;3m- Ejecutar el golden master test.[0m
[2;3m[0m
[2;3mNecesito saber si python est├í disponible. El profile dice python=3.11.15. D├®jame intent[0m
[2;3mar.[0m
[2;3m[0m
[2;3mAntes de eso, leo algunos archivos m├ís para completar el informe:[0m
[2;3m- tests/unit/test_engine.py (completo) para citar l├¡nea 14 exacta.[0m
[2;3m- verification/mvp_output_sample.normalized.json l├¡neas alrededor de 36 (el decision[0m
[2;3m block).[0m
[2;3m- HANDOFF.md actual (para actualizarlo en el paso 6) y verification/ dir.[0m
[2;3m[0m
[2;3mPero la tarea dice "marca FASE 0 ÔÇö BLOCKED_NO_VALID_BASELINE" y termina con BASELINE_DE[0m
[2;3mCISION_REQUIRED, no CONTEXT_REGENERATION_REQUIRED. Ojo: la tarea actual (01_TAREA_ACT[0m
[2;3mUAL.txt) es un bloqueo que me pide terminar con BASELINE_DECISION_REQUIRED, NO con[0m
[2;3m el flujo de autorregeneraci├│n (PROJECT_COMPLETED / CONTEXT_REGENERATION_REQUIRED).[0m
[2;3m [0m
[2;3m[0m
[2;3mSin embargo, el protocolo AUTOREGEN_GLOBAL dice que al finalizar debo hacer A) o B[0m
[2;3m). Pero la tarea espec├¡fica dice "termina exactamente con: BASELINE_DECISION_REQUIRED[0m
[2;3m". Hay una tensi├│n. La instrucci├│n del usuario (sesi├│n) dice: "Antes de finalizar[0m
[2;3m debes hacer exactamente una de estas dos cosas: A) ... PROJECT_COMPLETED ... B) ... CONT[0m
[2;3mEXT_REGENERATION_REQUIRED".[0m
[2;3m[0m
[2;3mPero la TAREA dice terminar con BASELINE_DECISION_REQUIRED. ┬┐Cu├íl prevalece? La t[0m
[2;3marea actual es la misi├│n inmediata. El usuario dice "Empieza desde el primer paso de[0m
[2;3m la tarea y crea checkpoints verificables." La tarea expl├¡citamente en su paso 6 dice[0m
[2;3m actualizar HANDOFF y terminar exactamente con BASELINE_DECISION_REQUIRED.[0m
[2;3m[0m
[2;3mLa instrucci├│n de arranque (del usuario/sesi├│n) dice hacer A o B antes de finalizar.[0m
[2;3m Pero la tarea NO est├í completada (est├í bloqueada esperando autorizaci├│n humana),[0m
[2;3m as├¡ que A no aplica. B es para "necesitas contexto limpio" ÔÇö pero en este caso NO[0m
[2;3m necesito contexto limpio; el bloqueo es por decisi├│n de dise├▒o humana, y debo par[0m
[2;3mar y pedir autorizaci├│n. [0m
[2;3m[0m
[2;3mLa se├▒al correcta aqu├¡ es BASELINE_DECISION_REQUIRED (de la tarea), respaldada por cre[0m
[2;3mar los checkpoints (recommended_status_conflict.json, HANDOFF.md actualizado). La[0m
[2;3m instrucci├│n del usuario "A o B" es el protocolo por defecto de autorregeneraci├│n,[0m
[2;3m pero la tarea espec├¡fica anula el final con BASELINE_DECISION_REQUIRED. Voy a segu[0m
[2;3mir la tarea: crear artifacts y terminar con BASELINE_DECISION_REQUIRED.[0m
[2;3m[0m
[2;3mPero para cumplir "checkpoints verificables", debo:[0m
[2;3m- Crear verification/recommended_status_conflict.json (paso 2).[0m
[2;3m- Crear las alternativas (paso 3) dentro del json, sin aplicar ninguna.[0m
[2;3m- Recomendar alternativa C (paso 4).[0m
[2;3m- Marcar FASE 0 BLOCKED_NO_VALID_BASELINE (paso 5).[0m
[2;3m- Actualizar HANDOFF.md (paso 6) documentando investigaci├│n exhaustiva y negativa[0m
[2;3m de backups, terminar con BASELINE_DECISION_REQUIRED.[0m
[2;3m[0m
[2;3mAdem├ís, como buen checkpoint verificable, debo ejecutar el test para evidenciar que el[0m
[2;3m golden y motor son coherentes (PASS) pero el estado NO RATIFICADO. Eso es evidencia[0m
[2;3m real.[0m
[2;3m[0m
[2;3mVoy a:[0m
[2;3m1. Leer tests/unit/test_engine.py completo + la secci├│n decision del golden + verification[0m
[2;3m dir estado.[0m
[2;3m2. Ejecutar python para confirmar status y correr golden test (pytest disponible?[0m
[2;3m).[0m
[2;3m[0m
[2;3mHagamos lecturas y una ejecuci├│n de python en paralelo.[0m
[2;3m[0m
[2;3mEn realidad ejecutar pytest puede requerir dependencias (PySide6 etc). El test_mvp_g[0m
[2;3molden_output importa criba.engine que importa .genome, .similarity, .catalog, .methods[0m
[2;3m, .selector. Podr├¡a funcionar headless. Probemos ejecutar solo la l├│gica del motor para[0m
[2;3m obtener el status actual y validar contra golden. Mejor: ejecutar un script python que[0m
[2;3m importe engine y compare con golden.[0m
[2;3m[0m
[2;3mPero engine importa PySide6? gui.py s├¡, pero engine.py no importa gui. engine import[0m
[2;3ma .catalog, .constants, .methods, .selector, .genome, .similarity. Esos pueden tener[0m
[2;3m dependencias. Probemos.[0m
[2;3m[0m
[2;3mVoy a leer los archivos pendientes y correr un script python de verificaci├│n.[0m
[2;3mÔööÔöÇÔöÇÔöÇÔöÇÔöÇÔöÇÔöÇÔöÇÔöÇÔöÇÔöÇÔöÇÔöÇÔöÇÔöÇÔöÇÔöÇÔöÇÔöÇÔöÇÔöÇÔöÇÔöÇÔöÇÔöÇÔöÇÔöÇÔöÇÔöÇÔöÇÔöÇÔöÇÔöÇÔöÇÔöÇÔöÇÔöÇÔöÇÔöÇÔöÇÔöÇÔöÇÔöÇÔöÇÔöÇÔöÇÔöÇÔöÇÔöÇÔöÇÔöÇÔöÇÔöÇÔöÇÔöÇÔöÇÔöÇÔöÇÔöÇÔöÇÔöÇÔöÇÔöÇÔöÇÔöÇÔöÇÔöÇÔöÇÔöÇÔöÇÔöÇÔöÇÔöÇÔöÇÔöÇÔöÇÔöÇÔöÇÔöÿ[0m

[1;38;2;255;215;0mÔò¡ÔöÇ ÔÜò Hermes ÔöÇÔöÇÔöÇÔöÇÔöÇÔöÇÔöÇÔöÇÔöÇÔöÇÔöÇÔöÇÔöÇÔöÇÔöÇÔöÇÔöÇÔöÇÔöÇÔöÇÔöÇÔöÇÔöÇÔöÇÔöÇÔöÇÔöÇÔöÇÔöÇÔöÇÔöÇÔöÇÔöÇÔöÇÔöÇÔöÇÔöÇÔöÇÔöÇÔöÇÔöÇÔöÇÔöÇÔöÇÔöÇÔöÇÔöÇÔöÇÔöÇÔöÇÔöÇÔöÇÔöÇÔöÇÔöÇÔöÇÔöÇÔöÇÔöÇÔöÇÔöÇÔöÇÔöÇÔöÇÔöÇÔöÇÔöÇÔò«[0m
    [38;2;255;248;220mEvidencia clave reunida. Notas importantes:[0m
    [38;2;255;248;220m- VALID_DECISIONS = {"ADOPTAR", "AMPLIAR PRUEBA", "ABANDONAR", "ARCHIVAR PARA RECOMBINAR"} (constants.py:11) ÔÇö NO incluye PROTOTIPAR ni DIVERGIR.[0m
    [38;2;255;248;220m- El test real que verifica recommended_status es tests/unit/test_engine.py:14 (no test_engine.py en ra├¡z), y espera AMPLIAR PRUEBA.[0m
    [38;2;255;248;220m- El golden actual emite AMPLIAR PRUEBA ÔÇö coherente con engine.py:403.[0m
    [38;2;255;248;220m- DIVERGIR solo aparece en archivos BlackForge (imports/) y el megaprompt ÔÇö dominio distinto, no del motor CRIBA.[0m
    [38;2;255;248;220m[0m
    [38;2;255;248;220mAhora confirmo el test real y ejecuto el motor headless para verificar[0m
  Ôöè ­ƒôû preparing read_fileÔÇª
    [38;2;255;248;220mcoherencia motorÔåögolden como evidencia verificable.[0m
[1;38;2;255;215;0mÔò░ÔöÇÔöÇÔöÇÔöÇÔöÇÔöÇÔöÇÔöÇÔöÇÔöÇÔöÇÔöÇÔöÇÔöÇÔöÇÔöÇÔöÇÔöÇÔöÇÔöÇÔöÇÔöÇÔöÇÔöÇÔöÇÔöÇÔöÇÔöÇÔöÇÔöÇÔöÇÔöÇÔöÇÔöÇÔöÇÔöÇÔöÇÔöÇÔöÇÔöÇÔöÇÔöÇÔöÇÔöÇÔöÇÔöÇÔöÇÔöÇÔöÇÔöÇÔöÇÔöÇÔöÇÔöÇÔöÇÔöÇÔöÇÔöÇÔöÇÔöÇÔöÇÔöÇÔöÇÔöÇÔöÇÔöÇÔöÇÔöÇÔöÇÔöÇÔöÇÔöÇÔöÇÔöÇÔöÇÔöÇÔöÇÔöÇÔò»[0m
  Ôöè ­ƒôû preparing read_fileÔÇª
  Ôöè ­ƒÉì preparing execute_codeÔÇª
  Ôöè ­ƒôû read      test_engine.py  1.1s
  Ôöè ­ƒôû read      mvp_output_sample.normalized.json L20-49  1.1s
  Ôöè ­ƒÉì exec      import subprocess, sys, os, json  0.6s

[2;3mÔöîÔöÇ Reasoning ÔöÇÔöÇÔöÇÔöÇÔöÇÔöÇÔöÇÔöÇÔöÇÔöÇÔöÇÔöÇÔöÇÔöÇÔöÇÔöÇÔöÇÔöÇÔöÇÔöÇÔöÇÔöÇÔöÇÔöÇÔöÇÔöÇÔöÇÔöÇÔöÇÔöÇÔöÇÔöÇÔöÇÔöÇÔöÇÔöÇÔöÇÔöÇÔöÇÔöÇÔöÇÔöÇÔöÇÔöÇÔöÇÔöÇÔöÇÔöÇÔöÇÔöÇÔöÇÔöÇÔöÇÔöÇÔöÇÔöÇÔöÇÔöÇÔöÇÔöÇÔöÇÔöÇÔöÇÔöÇÔöÇÔöÇÔöÉ[0m
[2;3mAhora tengo evidencia completa y verificable:[0m
[2;3m[0m
[2;3m1. El motor emite `AMPLIAR PRUEBA` (porque con la query de golden hay 3 familias, <[0m
[2;3m 4 ÔåÆ AMPLIAR PRUEBA).[0m
[2;3m2. El golden actual tambi├®n emite `AMPLIAR PRUEBA` ÔåÆ MATCH: True.[0m
[2;3m3. El test `tests/unit/test_engine.py:14` espera `AMPLIAR PRUEBA` ÔåÆ coherente.[0m
[2;3m4. `VALID_DECISIONS = {ADOPTAR, AMPLIAR PRUEBA, ABANDONAR, ARCHIVAR PARA RECOMBIN[0m
[2;3mAR}` ÔåÆ no incluye PROTOTIPAR ni DIVERGIR.[0m
[2;3m[0m
[2;3mEl diagn├│stico dice que el valor emitido por el motor actual es ADOPTAR/AMPLIAR PR[0m
[2;3mUEBA. Pero el valor espec├¡fico depende de la query: para la query del golden (3 famili[0m
[2;3mas) da AMPLIAR PRUEBA. Para otra query podr├¡a dar ADOPTAR si >=4 familias.[0m
[2;3m[0m
[2;3mImportante evidencia del golden: la justification dice "3 familias representadas;[0m
[2;3m 100/100 de divergencia". Y FAMILIES_COUNT=3, pero engine.py:403 dice `ADOPTAR if len[0m
[2;3m(families)>=4`. Con 3 familias ÔåÆ AMPLIAR PRUEBA. Coherente.[0m
[2;3m[0m
[2;3mEntonces la evidencia verificable confirma el diagn├│stico del bloqueo. Esto es el[0m
[2;3m "paso 1" del bloqueo: verificar el diagn├│stico. No est├í bloqueado por falta de ev[0m
[2;3midencia ÔÇö la evidencia lo confirma.[0m
[2;3m[0m
[2;3mAhora los pasos del bloqueo:[0m
[2;3m1. NO restaurar, NO regenerar golden, NO tocar test ni VALID_DECISIONS. Dejar filesystem[0m
[2;3m como est├í. Marcar como NO RATIFICADO. Ô£ô (no he tocado nada).[0m
[2;3m2. Crear `verification/recommended_status_conflict.json` con:[0m
[2;3m   - Confirmaci├│n expl├¡cita: "no existe baseline previo v├ílido (sin git, sin backups[0m
[2;3m); el estado anterior del motor ya violaba VALID_DECISIONS antes del cambio especulativo[0m
[2;3m"[0m
[2;3m   - Valor emitido por el motor actual vs anterior[0m
[2;3m   - Contenido exacto de VALID_DECISIONS[0m
[2;3m   - Expectativa del test (test_engine.py:14)[0m
[2;3m   - Todas las referencias en c├│digo/tests/docs/HANDOFF a: AMPLIAR PRUEBA, DIVERG[0m
[2;3mIR, PROTOTIPAR, ADOPTAR, ABANDONAR, ARCHIVAR PARA RECOMBINAR[0m
[2;3m   - Impacto de cada alternativa (punto 3)[0m
[2;3m3. Presentar como m├¡nimo alternativas A, B, C sin aplicar ninguna.[0m
[2;3m4. Recomendar C (menor p├®rdida sem├íntica) sin aplicar.[0m
[2;3m5. Marcar FASE 0 ÔÇö BLOCKED_NO_VALID_BASELINE.[0m
[2;3m6. Actualizar HANDOFF.md documentando investigaci├│n exhaustiva y negativa, terminar[0m
[2;3m exactamente con BASELINE_DECISION_REQUIRED.[0m
[2;3m[0m
[2;3mNota: el bloqueo dice terminar con BASELINE_DECISION_REQUIRED (NO es PROJECT_COMP[0m
[2;3mLETED ni CONTEXT_REGENERATION_REQUIRED). Es un caso especial definido por la tarea,[0m
[2;3m no por AUTOREGEN_GLOBAL. La tarea expl├¡citamente manda terminar con BASELINE_DECIS[0m
[2;3mION_REQUIRED y "No avances a la carga del cat├ílogo hasta recibir autorizaci├│n."[0m
[2;3m[0m
[2;3mPero el prompt del sistema (instrucciones de arriba) me dice que antes de finalizar de[0m
[2;3mbo hacer exactamente A) o B). Sin embargo, la tarea actual (01_TAREA_ACTUAL.txt) es[0m
[2;3m un bloqueo que manda terminar con BASELINE_DECISION_REQUIRED. Hay un conflicto entre[0m
[2;3m las instrucciones del prompt del sistema y la tarea. La tarea es m├ís espec├¡fica y[0m
[2;3m es lo que debo ejecutar ahora. El bloqueo NO es PROJECT_COMPLETED ni requiere reg[0m
[2;3meneraci├│n de contexto (el contexto es limpio, primera sesi├│n). [0m
[2;3m[0m
[2;3mLa instrucci├│n del bloqueo es expl├¡cita y autoritaria: "termina exactamente con: BASELINE[0m
[2;3m_DECISION_REQUIRED". Y el paso 6 dice actualizar HANDOFF.md y terminar con BASELINE_DE[0m
[2;3mCISION_REQUIRED. No menciona project_completed.json ni session_handoff.json/regeneration[0m
[2;3m_request.json. [0m
[2;3m[0m
[2;3mCreo que lo correcto es seguir la tarea espec├¡fica, ya que el sistema dice "Empieza[0m
[2;3m desde el primer paso de la tarea y crea checkpoints verificables" y la tarea manda termin[0m
[2;3mar con BASELINE_DECISION_REQUIRED. El protocolo de autorregeneraci├│n (AUTOREGEN_GLOBAL[0m
[2;3m) es para cuando la sesi├│n se satura; aqu├¡ no hay saturaci├│n (primera sesi├│n, context[0m
[2;3mo limpio, evidencia verificable).[0m
[2;3m[0m
[2;3mPero debo crear checkpoints verificables. El bloqueo dice:[0m
[2;3m- Crear verification/recommended_status_conflict.json (checkpoint verificable)[0m
[2;3m- Actualizar HANDOFF.md (checkpoint)[0m
[2;3m- Marcar FASE 0 ÔÇö BLOCKED_NO_VALID_BASELINE[0m
[2;3m[0m
[2;3mAdem├ís, las instrucciones del sistema dicen "crea checkpoints verificables" y "No[0m
[2;3m termines con un resumen ambiguo". Y "Antes de finalizar debes hacer exactamente una[0m
[2;3m de estas dos cosas: A)... B)...". [0m
[2;3m[0m
[2;3mHmm, esto es un conflicto real. Pero la tarea 01_TAREA_ACTUAL.txt es el comando actual[0m
[2;3m y tiene prioridad ("Trabaja exclusivamente sobre E:\PROYECTS\CRIBA", "Lee complet[0m
[2;3mos... Esta es la primera sesi├│n"). El bloqueo termina con BASELINE_DECISION_REQUIRED[0m
[2;3m. [0m
[2;3m[0m
[2;3mCreo que la interpretaci├│n correcta: el bloqueo es una tarea que suspende el proyecto esper[0m
[2;3mando autorizaci├│n humana. No es "proyecto completado" (A) ni "contexto saturado" (B[0m
[2;3m). La tarea define su propia terminaci├│n: BASELINE_DECISION_REQUIRED. Debo seguir la[0m
[2;3m tarea. Sin embargo, para ser robusto y cumplir "checkpoints verificables", voy a cre[0m
[2;3mar:[0m
[2;3m- verification/recommended_status_conflict.json (el checkpoint que pide el bloque[0m
[2;3mo)[0m
[2;3m- Actualizar HANDOFF.md con el formato AUTOREGENERATION_CHECKPOINT (del protocolo),[0m
[2;3m documentando investigaci├│n exhaustiva negativa, y terminar con BASELINE_DECISION[0m
[2;3m_REQUIRED.[0m
[2;3m[0m
[2;3mNo voy a escribir project_completed.json ni regeneration_request.json porque la tarea[0m
[2;3m no lo pide y el estado no aplica (no saturaci├│n, no completado).[0m
[2;3m[0m
[2;3mPero espera ÔÇö el sistema dice "Antes de finalizar debes hacer exactamente una de estas dos[0m
[2;3m cosas: A) ... B)". Esto es una regla del supervisor. Si no hago ni A ni B, rompo[0m
[2;3m esa regla. Sin embargo, la tarea 01_TAREA_ACTUAL (que es la autoridad de esta ses[0m
[2;3mi├│n) manda terminar con BASELINE_DECISION_REQUIRED, que es distinto. [0m
[2;3m[0m
[2;3mReconciliaci├│n: El bloqueo define un estado de espera de autorizaci├│n humana (BASELINE[0m
[2;3m_DECISION_REQUIRED). Es an├ílogo a B (necesita contexto/autorizaci├│n externa) pero el[0m
[2;3m protocolo B es espec├¡ficamente para regeneraci├│n de contexto por saturaci├│n. Aqu[0m
[2;3m├¡ no hay saturaci├│n. La tarea es expl├¡cita y espec├¡fica; la regla A/B del sistema[0m
[2;3m es gen├®rica para "terminar la sesi├│n". Dado el conflicto, la tarea espec├¡fica gana.[0m
[2;3m Adem├ís, el mensaje del sistema dice "Lee 01_TAREA_ACTUAL.txt" y "Empieza desde el[0m
[2;3m primer paso de la tarea" ÔÇö la tarea DEFINE qu├® hacer al final.[0m
[2;3m[0m
[2;3mVoy a seguir la tarea. Terminar├® con BASELINE_DECISION_REQUIRED y har├® el checkpoint verification[0m
[2;3m/recommended_status_conflict.json + HANDOFF.md.[0m
[2;3m[0m
[2;3mD├®jame armar el JSON de conflicto con toda la evidencia. Necesito recopilar todas[0m
[2;3m las referencias. Ya tengo la b├║squeda de los 6 t├®rminos. D├®jame estructurar:[0m
[2;3m[0m
[2;3mReferencias a los t├®rminos (de la b├║squeda):[0m
[2;3m- AMPLIAR PRUEBA: 01_TAREA_ACTUAL.txt (l├¡neas 8,22,34,39), docs/INTEGRATION.md:7,[0m
[2;3m verification/mvp_output_sample.normalized.json:36, verification/mvp_output_sample.json[0m
[2;3m:1311, tests/unit/test_innovation_mvp.py:33,42, tests/unit/test_engine.py:14, tests[0m
[2;3m/fixtures/mandatory_model_packet_v1.json:232, src/criba/engine.py:403, src/criba/[0m
[2;3mconstants.py:11, HIPER_MEGAPROMPT...: (no aparece directamente 'AMPLIAR PRUEBA' en meg[0m
[2;3maprompt).[0m
[2;3m- DIVERGIR: 01_TAREA_ACTUAL.txt:9; imports/blackforge_v2/criba_blackforge_politicas[0m
[2;3m_v2.json:19,82; HIPER_MEGAPROMPT:287,406,799,857,892,1154; imports/blackforge_v2/[0m
[2;3mcriba_blackforge_cambios_debate20.csv (muchas). NOTA: DIVERGIR en blackforge es un estado[0m
[2;3m del cat├ílogo blackforge, no del motor CRIBA.[0m
[2;3m- PROTOTIPAR: 01_TAREA_ACTUAL.txt:9,43,45; engine.py:140 (operador "prototipado" inter[0m
[2;3mno, distinto); el bloqueo menciona pipeline_action PROTOTIPAR.[0m
[2;3m- ADOPTAR: 01_TAREA_ACTUAL.txt:22,39,41; engine.py:403; constants.py:11; docs/INT[0m
[2;3mEGRATION.md:7; test_innovation_mvp? no; verification golden justification.[0m
[2;3m- ABANDONAR: 01_TAREA_ACTUAL.txt:34; constants.py:11; INTEGRATION.md:7.[0m
[2;3m- ARCHIVAR PARA RECOMBINAR: 01_TAREA_ACTUAL.txt:34,47; constants.py:11; INTEGRATION.md[0m
[2;3m:7.[0m
[2;3m[0m
[2;3mEl bloqueo pide "Todas las referencias en c├│digo/tests/docs/HANDOFF a: [los 6 t├®r[0m
[2;3mminos]". HANDOFF.md actual ÔÇö need to check. Let me read HANDOFF.md to see if it references[0m
[2;3m these. Also the impact of each alternative (point 3).[0m
[2;3m[0m
[2;3mI should read HANDOFF.md to document the exhaustive negative investigation and to[0m
[2;3m capture references there. Also there's a mention in the task that I should update[0m
[2;3m HANDOFF.md documenting the investigation. Let me read current HANDOFF.md.[0m
[2;3m[0m
[2;3mAlso I need to capture the "Expectativa del test (test_engine.py:14)". The actual[0m
[2;3m test file is tests/unit/test_engine.py:14. I'll record both: the path referenced in[0m
[2;3m the task (test_engine.py:14) and the actual existing test (tests/unit/test_engine.py[0m
[2;3m:14) which checks == "AMPLIAR PRUEBA". Important nuance: the task says test_engine.py[0m
[2;3m:14 but that file doesn't exist at root; the real one is tests/unit/test_engine.py:[0m
[2;3m14. I should note this discrepancy as a finding.[0m
[2;3m[0m
[2;3mLet me read HANDOFF.md.[0m
[2;3mÔööÔöÇÔöÇÔöÇÔöÇÔöÇÔöÇÔöÇÔöÇÔöÇÔöÇÔöÇÔöÇÔöÇÔöÇÔöÇÔöÇÔöÇÔöÇÔöÇÔöÇÔöÇÔöÇÔöÇÔöÇÔöÇÔöÇÔöÇÔöÇÔöÇÔöÇÔöÇÔöÇÔöÇÔöÇÔöÇÔöÇÔöÇÔöÇÔöÇÔöÇÔöÇÔöÇÔöÇÔöÇÔöÇÔöÇÔöÇÔöÇÔöÇÔöÇÔöÇÔöÇÔöÇÔöÇÔöÇÔöÇÔöÇÔöÇÔöÇÔöÇÔöÇÔöÇÔöÇÔöÇÔöÇÔöÇÔöÇÔöÇÔöÇÔöÇÔöÇÔöÇÔöÇÔöÇÔöÇÔöÇÔöÇÔöÇÔöÿ[0m

[1;38;2;255;215;0mÔò¡ÔöÇ ÔÜò Hermes ÔöÇÔöÇÔöÇÔöÇÔöÇÔöÇÔöÇÔöÇÔöÇÔöÇÔöÇÔöÇÔöÇÔöÇÔöÇÔöÇÔöÇÔöÇÔöÇÔöÇÔöÇÔöÇÔöÇÔöÇÔöÇÔöÇÔöÇÔöÇÔöÇÔöÇÔöÇÔöÇÔöÇÔöÇÔöÇÔöÇÔöÇÔöÇÔöÇÔöÇÔöÇÔöÇÔöÇÔöÇÔöÇÔöÇÔöÇÔöÇÔöÇÔöÇÔöÇÔöÇÔöÇÔöÇÔöÇÔöÇÔöÇÔöÇÔöÇÔöÇÔöÇÔöÇÔöÇÔöÇÔöÇÔöÇÔöÇÔò«[0m
    [38;2;255;248;220mEvidencia verificable confirmada:[0m
    [38;2;255;248;220m- Motor headless emite AMPLIAR PRUEBA (3 familias < 4 ÔåÆ AMPLIAR PRUEBA), coincide con el golden (MATCH: True).[0m
    [38;2;255;248;220m- tests/unit/test_engine.py:14 espera AMPLIAR PRUEBA ÔåÆ coherente.[0m
    [38;2;255;248;220m- VALID_DECISIONS no incluye PROTOTIPAR ni DIVERGIR.[0m
    [38;2;255;248;220m[0m
    [38;2;255;248;220mAhora leo HANDOFF.md para documentar la investigaci├│n y capturar sus[0m
  Ôöè ­ƒôû preparing read_fileÔÇª
    [38;2;255;248;220mreferencias a los t├®rminos.[0m
[1;38;2;255;215;0mÔò░ÔöÇÔöÇÔöÇÔöÇÔöÇÔöÇÔöÇÔöÇÔöÇÔöÇÔöÇÔöÇÔöÇÔöÇÔöÇÔöÇÔöÇÔöÇÔöÇÔöÇÔöÇÔöÇÔöÇÔöÇÔöÇÔöÇÔöÇÔöÇÔöÇÔöÇÔöÇÔöÇÔöÇÔöÇÔöÇÔöÇÔöÇÔöÇÔöÇÔöÇÔöÇÔöÇÔöÇÔöÇÔöÇÔöÇÔöÇÔöÇÔöÇÔöÇÔöÇÔöÇÔöÇÔöÇÔöÇÔöÇÔöÇÔöÇÔöÇÔöÇÔöÇÔöÇÔöÇÔöÇÔöÇÔöÇÔöÇÔöÇÔöÇÔöÇÔöÇÔöÇÔöÇÔöÇÔöÇÔöÇÔöÇÔöÇÔò»[0m
  Ôöè ­ƒôû read      HANDOFF.md  0.9s

[2;3mÔöîÔöÇ Reasoning ÔöÇÔöÇÔöÇÔöÇÔöÇÔöÇÔöÇÔöÇÔöÇÔöÇÔöÇÔöÇÔöÇÔöÇÔöÇÔöÇÔöÇÔöÇÔöÇÔöÇÔöÇÔöÇÔöÇÔöÇÔöÇÔöÇÔöÇÔöÇÔöÇÔöÇÔöÇÔöÇÔöÇÔöÇÔöÇÔöÇÔöÇÔöÇÔöÇÔöÇÔöÇÔöÇÔöÇÔöÇÔöÇÔöÇÔöÇÔöÇÔöÇÔöÇÔöÇÔöÇÔöÇÔöÇÔöÇÔöÇÔöÇÔöÇÔöÇÔöÇÔöÇÔöÇÔöÇÔöÇÔöÇÔöÇÔöÉ[0m
[2;3mEl HANDOFF.md actual est├í en una fase distinta (contrato visual BLACKFORGE, "VERIFIED[0m
[2;3m"). Pero la tarea 01_TAREA_ACTUAL.txt es un BLOQUEO OBLIGATORIO que me dice que NO[0m
[2;3m avance a BLACKFORGE y que actualice HANDOFF.md documentando que la investigaci├│n de[0m
[2;3m backups fue exhaustiva y negativa, y termine con BASELINE_DECISION_REQUIRED.[0m
[2;3m[0m
[2;3mLa tarea dice:[0m
[2;3m- Paso 1: NO restaures engine.py, etc. Deja todo como est├í. Marcado NO RATIFICADO[0m
[2;3m.[0m
[2;3m- Paso 2: Crea verification/recommended_status_conflict.json con el contenido requ[0m
[2;3merido.[0m
[2;3m- Paso 3: Presenta alternativas (sin aplicar).[0m
[2;3m- Paso 4: Recomienda alternativa C (sin aplicar).[0m
[2;3m- Paso 5: Marca FASE 0 ÔÇö BLOCKED_NO_VALID_BASELINE.[0m
[2;3m- Paso 6: Actualiza HANDOFF.md documentando investigaci├│n exhaustiva y negativa, y[0m
[2;3m termina con BASELINE_DECISION_REQUIRED.[0m
[2;3m[0m
[2;3mLa tarea actual es un bloqueo ÔÇö es una "primera sesi├│n, generaci├│n 1" y dice "Emp[0m
[2;3mieza desde el primer paso de la tarea y crea checkpoints verificables."[0m
[2;3m[0m
[2;3mPero nota: el bloqueo me dice terminar con BASELINE_DECISION_REQUIRED ÔÇö NO con PRO[0m
[2;3mJECT_COMPLETED ni CONTEXT_REGENERATION_REQUIRED. El protocolo AUTOREGEN dice que al[0m
[2;3m finalizar debo elegir A) o B). Pero la tarea dice expl├¡citamente terminar con BASELINE[0m
[2;3m_DECISION_REQUIRED. [0m
[2;3m[0m
[2;3mHay una tensi├│n: El protocolo de autoregen dice "Antes de finalizar debes hacer exactamente[0m
[2;3m una de estas dos cosas: A) PROJECT_COMPLETED o B) CONTEXT_REGENERATION_REQUIRED."[0m
[2;3m Pero la tarea 01_TAREA_ACTUAL.txt (que tiene prioridad ÔÇö es la tarea actual) dice[0m
[2;3m terminar con BASELINE_DECISION_REQUIRED.[0m
[2;3m[0m
[2;3mLa instrucci├│n principal del usuario dice: "La autorregeneraci├│n est├í SIEMPRE ACT[0m
[2;3mIVA." y "Antes de finalizar debes hacer exactamente una de estas dos cosas: A) ...[0m
[2;3m B) ...". Pero la tarea espec├¡fica anula esto parcialmente porque es un bloqueo que[0m
[2;3m requiere autorizaci├│n humana. El bloqueo dice "No avances a la carga del cat├ílogo hasta[0m
[2;3m recibir autorizaci├│n" y "termina exactamente con: BASELINE_DECISION_REQUIRED".[0m
[2;3m[0m
[2;3mCreo que la interpretaci├│n correcta: La tarea 01_TAREA_ACTUAL.txt es la autoridad de[0m
[2;3m esta sesi├│n. Ella dice terminar con BASELINE_DECISION_REQUIRED. Las instrucciones[0m
[2;3m del sistema (A/B) son para cuando la tarea se completa o se necesita regeneraci├│n de[0m
[2;3m contexto. Como esta tarea es un bloqueo que requiere decisi├│n humana y NO se complet[0m
[2;3ma la tarea global, no aplica PROJECT_COMPLETED. Tampoco aplica CONTEXT_REGENERATION[0m
[2;3m_REQUIRED (no hay saturaci├│n). [0m
[2;3m[0m
[2;3mSin embargo, el usuario escribi├│ en su mensaje: "Antes de finalizar debes hacer exact[0m
[2;3mamente una de estas dos cosas: A)... B)...". Esto es una instrucci├│n fuerte del usuario.[0m
[2;3m Pero la tarea 01_TAREA_ACTUAL.txt (que forma parte del mismo ecosistema, escrita por[0m
[2;3m el mismo usuario) dice terminar con BASELINE_DECISION_REQUIRED. [0m
[2;3m[0m
[2;3mHay una contradicci├│n entre el mensaje del usuario y el archivo de tarea. ┬┐Cu├íl preval[0m
[2;3mece? El mensaje del usuario que acabo de recibir es la instrucci├│n directa m├ís reciente[0m
[2;3m. Pero el archivo 01_TAREA_ACTUAL.txt es lo que estoy instruido a ejecutar ("Trabaja[0m
[2;3m exclusivamente sobre E:\PROYECTS\CRIBA" y "Lee completos... 01_TAREA_ACTUAL.txt").[0m
[2;3m[0m
[2;3mCreo la resoluci├│n correcta es: cumplir la tarea 01_TAREA_ACTUAL.txt al pie de la[0m
[2;3m letra (es un bloqueo, crea artifacts, presenta alternativas, recomienda C, marca[0m
[2;3m FASE 0, actualiza HANDOFF, termina con BASELINE_DECISION_REQUIRED). La instrucci├│n[0m
[2;3m del usuario de "A o B" es para cuando la tarea normal avanza; aqu├¡ la tarea mism[0m
[2;3ma dicta un final diferente (BASELINE_DECISION_REQUIRED) porque requiere autorizaci├│n human[0m
[2;3ma sin la cual no puede continuar.[0m
[2;3m[0m
[2;3mDe hecho, releyendo el mensaje del usuario: "Si toda la tarea est├í terminada y ver[0m
[2;3mificada... PROJECT_COMPLETED" / "Si necesitas contexto limpio... CONTEXT_REGENERATION_RE[0m
[2;3mQUIRED". Esta tarea (el bloqueo) NO est├í "terminada" en el sentido de que la misi├│n global[0m
[2;3m no est├í hecha ÔÇö est├í BLOQUEADA esperando autorizaci├│n. Y no necesito contexto limp[0m
[2;3mio. Por tanto, la tarea 01_TAREA_ACTUAL.txt tiene la raz├│n: termino con BASELINE_DE[0m
[2;3mCISION_REQUIRED.[0m
[2;3m[0m
[2;3mVoy a seguir la tarea 01_TAREA_ACTUAL.txt paso a paso. Tengo que:[0m
[2;3m1. Ô£à No tocar engine.py/test/golden/VALID_DECISIONS (ya verifiqu├® que est├ín como est├ín[0m
[2;3m; no los modifico).[0m
[2;3m2. Crear verification/recommended_status_conflict.json con todo el contenido requ[0m
[2;3merido.[0m
[2;3m3. Presentar alternativas A/B/C sin aplicar (en mi respuesta).[0m
[2;3m4. Recomendar C sin aplicar.[0m
[2;3m5. Marcar FASE 0 ÔÇö BLOCKED_NO_VALID_BASELINE (en artifacts).[0m
[2;3m6. Actualizar HANDOFF.md documentando la investigaci├│n exhaustiva y negativa de backups[0m
[2;3m, terminar con BASELINE_DECISION_REQUIRED.[0m
[2;3m[0m
[2;3mTambi├®n debo crear checkpoints verificables (la instrucci├│n del usuario). El bloqueo[0m
[2;3m en s├¡ es el "primer paso". Puedo crear .autoregen checkpoint files para trazabilidad[0m
[2;3m.[0m
[2;3m[0m
[2;3mD├®jame crear verification/recommended_status_conflict.json con toda la evidencia. Ne[0m
[2;3mcesito:[0m
[2;3m- Confirmaci├│n expl├¡cita: "no existe baseline previo v├ílido (sin git, sin backups);[0m
[2;3m el estado anterior del motor ya violaba VALID_DECISIONS antes del cambio especulativo[0m
[2;3m"[0m
[2;3m- Valor emitido por el motor actual vs anterior[0m
[2;3m- Contenido exacto de VALID_DECISIONS[0m
[2;3m- Expectativa del test (test_engine.py:14) ÔåÆ en realidad tests/unit/test_engine.py:[0m
[2;3m14[0m
[2;3m- Todas las referencias en c├│digo/tests/docs/HANDOFF a: AMPLIAR PRUEBA, DIVERGIR,[0m
[2;3m PROTOTIPAR, ADOPTAR, ABANDONAR, ARCHIVAR PARA RECOMBINAR[0m
[2;3m- Impacto de cada alternativa (punto 3)[0m
[2;3m[0m
[2;3mYa tengo los datos. Voy a armar el JSON. Incluyo la evidencia de git no-repo, sin[0m
[2;3m .bak, motor actual emite AMPLIAR PRUEBA (3 familias), motor anterior emit├¡a PROTOT[0m
[2;3mIPAR/DIVERGIR (seg├║n el comentario en engine.py y el diagn├│stico).[0m
[2;3m[0m
[2;3mPara las referencias, ya tengo el search. D├®jame consolidar.[0m
[2;3m[0m
[2;3mVoy a escribir el JSON de conflicto y actualizar HANDOFF.md. Tambi├®n crear├® un checkpoint[0m
[2;3m estructurado en .autoregen/session_handoff.json para trazabilidad (aunque la tarea[0m
[2;3m dice terminar con BASELINE_DECISION_REQUIRED, tener el handoff actualizado ayuda a[0m
[2;3m la continuidad y no contradice el bloqueo).[0m
[2;3m[0m
[2;3mEspera ÔÇö el bloqueo dice "Actualiza HANDOFF.md documentando que la investigaci├│n de[0m
[2;3m backups fue exhaustiva y negativa, y termina exactamente con: BASELINE_DECISION_REQUI[0m
[2;3mRED". No menciona session_handoff.json ni regeneration_request.json. Esos son del[0m
[2;3m protocolo autoregen para el caso B. Como termino con BASELINE_DECISION_REQUIRED ([0m
[2;3mno caso B), NO debo escribir regeneration_request.json. Pero para checkpoint verificable[0m
[2;3m y trazabilidad, actualizar session_handoff.json es buena pr├íctica y no contradice.[0m
[2;3m Sin embargo, la instrucci├│n del usuario dice "exactamente una de estas dos cosas A[0m
[2;3m o B". Si termino con BASELINE_DECISION_REQUIRED, estoy haciendo una tercera cosa[0m
[2;3m. [0m
[2;3m[0m
[2;3mCreo que lo m├ís fiel es: seguir la tarea 01_TAREA_ACTUAL.txt (es la autoridad de la[0m
[2;3m sesi├│n sobre esta operaci├│n espec├¡fica). La instrucci├│n A/B del sistema es un marco[0m
[2;3m general; la tarea espec├¡fica tiene un final prescrito porque este es un bloqueo que[0m
[2;3m requiere autorizaci├│n humana. Voy a cumplir la tarea: crear recommended_status_conf[0m
[2;3mlict.json, actualizar HANDOFF.md, y terminar con BASELINE_DECISION_REQUIRED.[0m
[2;3m[0m
[2;3mPara satisfacer "crea checkpoints verificables" del usuario, el recommended_status_conf[0m
[2;3mlict.json + HANDOFF.md actualizado son los checkpoints. Adem├ís puedo escribir un peque[0m
[2;3m├▒o .autoregen/state marker para FASE 0 BLOCKED, pero no es estrictamente requerido[0m
[2;3m. Lo har├® m├¡nimo para trazabilidad sin crear artifacts "basura" (moli odia artifacts[0m
[2;3m no pedidos ÔÇö ver memoria). La tarea pide expl├¡citamente recommended_status_conflict.json[0m
[2;3m, as├¡ que ese SI es pedido. HANDOFF.md actualizaci├│n tambi├®n pedida. No crear├® regeneration[0m
[2;3m_request.json porque no aplica (no es caso B).[0m
[2;3m[0m
[2;3mD├®jame armar el JSON de conflicto. Necesito listar referencias. Del search tengo:[0m
[2;3m[0m
[2;3mAMPLIAR PRUEBA:[0m
[2;3m- 01_TAREA_ACTUAL.txt l├¡neas 8, 22, 34, 39, 41, 46[0m
[2;3m- docs/INTEGRATION.md l├¡nea 7[0m
[2;3m- verification/mvp_output_sample.normalized.json l├¡nea 36[0m
[2;3m- verification/mvp_output_sample.json l├¡nea 1311[0m
[2;3m- tests/unit/test_innovation_mvp.py l├¡neas 33, 42[0m
[2;3m- tests/unit/test_engine.py l├¡nea 14 (expectativa)[0m
[2;3m- tests/fixtures/mandatory_model_packet_v1.json l├¡nea 232[0m
[2;3m- src/criba/engine.py l├¡nea 403[0m
[2;3m[0m
[2;3mDIVERGIR:[0m
[2;3m- 01_TAREA_ACTUAL.txt l├¡neas 9, 34, 43, 45[0m
[2;3m- HIPER_MEGAPROMPT_CRIBA_BLACKFORGE_V2.txt (varios)[0m
[2;3m- imports/blackforge_v2/criba_blackforge_politicas_v2.json l├¡neas 19, 82[0m
[2;3m- imports/blackforge_v2/criba_blackforge_cambios_debate20.csv (muchas)[0m
[2;3m- src/criba/engine.py l├¡nea 401 (comentario "previous values PROTOTIPAR/DIVERGIR")[0m
[2;3m- src/criba/engine_v1_audit_intent.py (sin match directo de DIVERGIR en search, pero[0m
[2;3m mencionado)[0m
[2;3m[0m
[2;3mPROTOTIPAR:[0m
[2;3m- 01_TAREA_ACTUAL.txt l├¡neas 9, 34, 43, 45[0m
[2;3m- src/criba/engine.py l├¡nea 401 (comentario)[0m
[2;3m[0m
[2;3mADOPTAR:[0m
[2;3m- 01_TAREA_ACTUAL.txt l├¡neas 8, 22, 34, 39, 41, 46[0m
[2;3m- src/criba/constants.py l├¡nea 11 (VALID_DECISIONS)[0m
[2;3m- src/criba/engine.py l├¡nea 403[0m
[2;3m- docs/INTEGRATION.md l├¡nea 7[0m
[2;3m- verification/mvp_output_sample.normalized.json / json (no aparece ADOPTAR en golden[0m
[2;3m? el golden emite AMPLIAR PRUEBA. ADOPTAR solo si >=4 familias)[0m
[2;3m- tests/fixtures/mandatory_model_packet_v1.json l├¡nea 232 (justification menciona[0m
[2;3m ADOPTAR)[0m
[2;3m[0m
[2;3mABANDONAR:[0m
[2;3m- 01_TAREA_ACTUAL.txt l├¡neas 34, 46[0m
[2;3m- src/criba/constants.py l├¡nea 11[0m
[2;3m- docs/INTEGRATION.md l├¡nea 7[0m
[2;3m[0m
[2;3mARCHIVAR PARA RECOMBINAR:[0m
[2;3m- 01_TAREA_ACTUAL.txt l├¡neas 34, 46[0m
[2;3m- src/criba/constants.py l├¡nea 11[0m
[2;3m- docs/INTEGRATION.md l├¡nea 7[0m
[2;3m[0m
[2;3mEsto es suficiente. Voy a escribir el JSON.[0m
[2;3m[0m
[2;3mPara el "Valor emitido por el motor actual vs anterior":[0m
[2;3m- Motor ANTERIOR: emit├¡a PROTOTIPAR o DIVERGIR (fuera del enum VALID_DECISIONS) ÔÇö[0m
[2;3m seg├║n el comentario engine.py:401 "The previous values PROTOTIPAR/DIVERGIR were outside[0m
[2;3m the enum".[0m
[2;3m- Motor ACTUAL (engine.py:403): status = "ADOPTAR" if len(families) >= 4 else "AMPL[0m
[2;3mIAR PRUEBA". Verificado headless: emite AMPLIAR PRUEBA (3 familias, QUERY de golden[0m
[2;3m).[0m
[2;3m[0m
[2;3mPara el test (test_engine.py:14) ÔåÆ real path tests/unit/test_engine.py:14: espera[0m
[2;3m AMPLIAR PRUEBA. Coherente con motor actual.[0m
[2;3m[0m
[2;3mImpacto de cada alternativa (A/B/C): lo redacto.[0m
[2;3m[0m
[2;3mVoy a escribir el archivo.[0m
[2;3mÔööÔöÇÔöÇÔöÇÔöÇÔöÇÔöÇÔöÇÔöÇÔöÇÔöÇÔöÇÔöÇÔöÇÔöÇÔöÇÔöÇÔöÇÔöÇÔöÇÔöÇÔöÇÔöÇÔöÇÔöÇÔöÇÔöÇÔöÇÔöÇÔöÇÔöÇÔöÇÔöÇÔöÇÔöÇÔöÇÔöÇÔöÇÔöÇÔöÇÔöÇÔöÇÔöÇÔöÇÔöÇÔöÇÔöÇÔöÇÔöÇÔöÇÔöÇÔöÇÔöÇÔöÇÔöÇÔöÇÔöÇÔöÇÔöÇÔöÇÔöÇÔöÇÔöÇÔöÇÔöÇÔöÇÔöÇÔöÇÔöÇÔöÇÔöÇÔöÇÔöÇÔöÇÔöÇÔöÇÔöÇÔöÇÔöÇÔöÿ[0m

[1;38;2;255;215;0mÔò¡ÔöÇ ÔÜò Hermes ÔöÇÔöÇÔöÇÔöÇÔöÇÔöÇÔöÇÔöÇÔöÇÔöÇÔöÇÔöÇÔöÇÔöÇÔöÇÔöÇÔöÇÔöÇÔöÇÔöÇÔöÇÔöÇÔöÇÔöÇÔöÇÔöÇÔöÇÔöÇÔöÇÔöÇÔöÇÔöÇÔöÇÔöÇÔöÇÔöÇÔöÇÔöÇÔöÇÔöÇÔöÇÔöÇÔöÇÔöÇÔöÇÔöÇÔöÇÔöÇÔöÇÔöÇÔöÇÔöÇÔöÇÔöÇÔöÇÔöÇÔöÇÔöÇÔöÇÔöÇÔöÇÔöÇÔöÇÔöÇÔöÇÔöÇÔöÇÔò«[0m
    [38;2;255;248;220mEvidencia completa reunida. No toco engine.py/test/golden/VALID_DECISIONS (instrucci├│n 1). Ahora creo el artifact pedido verification/recommended_status_conflict.json con toda la evidencia recogida, y actualizo HANDOFF.md (instrucci├│n 6).[0m
    [38;2;255;248;220m[0m
  Ôöè Ô£ì´©Å preparing write_fileÔÇª
    [38;2;255;248;220mPrimero escribo el JSON de conflicto:[0m
[1;38;2;255;215;0mÔò░ÔöÇÔöÇÔöÇÔöÇÔöÇÔöÇÔöÇÔöÇÔöÇÔöÇÔöÇÔöÇÔöÇÔöÇÔöÇÔöÇÔöÇÔöÇÔöÇÔöÇÔöÇÔöÇÔöÇÔöÇÔöÇÔöÇÔöÇÔöÇÔöÇÔöÇÔöÇÔöÇÔöÇÔöÇÔöÇÔöÇÔöÇÔöÇÔöÇÔöÇÔöÇÔöÇÔöÇÔöÇÔöÇÔöÇÔöÇÔöÇÔöÇÔöÇÔöÇÔöÇÔöÇÔöÇÔöÇÔöÇÔöÇÔöÇÔöÇÔöÇÔöÇÔöÇÔöÇÔöÇÔöÇÔöÇÔöÇÔöÇÔöÇÔöÇÔöÇÔöÇÔöÇÔöÇÔöÇÔöÇÔöÇÔöÇÔò»[0m
  Ôöè Ô£ì´©Å  write     E:\PROYECTS\CRIBA\verification\recommended_status_conflict.json  1.6s
  Ôöè review diff
[38;2;218;165;32ma/verification\recommended_status_conflict.json ÔåÆ b/verification\recommended_status_conflict.json[0m
[38;2;139;134;130m@@ -0,0 +1,126 @@[0m
[38;2;255;255;255;48;2;19;87;20m+{[0m
[38;2;255;255;255;48;2;19;87;20m+  "artifact": "recommended_status_conflict",[0m
[38;2;255;255;255;48;2;19;87;20m+  "schema_version": "1.0.0",[0m
[38;2;255;255;255;48;2;19;87;20m+  "generated_by": "Hermes Agent ÔÇö sesion 20260724_005739, generacion 1, FASE 0 (bloqueo)",[0m
[38;2;255;255;255;48;2;19;87;20m+  "generated_at_utc": "2026-07-24T01:00:00Z",[0m
[38;2;255;255;255;48;2;19;87;20m+  "task_source": "01_TAREA_ACTUAL.txt (BLOQUEO OBLIGATORIO ÔÇö SIN BASELINE VALIDO v2)",[0m
[38;2;255;255;255;48;2;19;87;20m+[0m
[38;2;255;255;255;48;2;19;87;20m+  "1_confirmacion_explicita": {[0m
[38;2;255;255;255;48;2;19;87;20m+    "no_existe_baseline_previo_valido": true,[0m
[38;2;255;255;255;48;2;19;87;20m+    "razon": "no existe baseline previo v├ílido (sin git, sin backups); el estado anterior del motor ya violaba VALID_DECISIONS antes del cambio especulativo",[0m
[38;2;255;255;255;48;2;19;87;20m+    "evidencia_git": "fatal: not a git repository (or any of the parent directories): .git  ->  NO hay repositorio git (comprobado con git rev-parse/status/log)",[0m
[38;2;255;255;255;48;2;19;87;20m+    "evidencia_backups": "0 archivos .bak encontrados en E:\\PROYECTS\\CRIBA (comprobado con busqueda glob '*.bak$') -> sin copias de seguridad de engine.py ni del golden",[0m
[38;2;255;255;255;48;2;19;87;20m+    "evidencia_estado_anterior_invalido": "el motor anterior emitia PROTOTIPAR/DIVERGIR, valores FUERA de VALID_DECISIONS (ver comentario engine.py:401 'The previous values PROTOTIPAR/DIVERGIR were outside the enum'); por tanto ya incumplia el contrato antes del cambio especulativo",[0m
[38;2;255;255;255;48;2;19;87;20m+    "conclusion": "NO existe ningun baseline (motor+test+golden) que haya sido correcto y verificado de forma independiente en algun momento"[0m
[38;2;255;255;255;48;2;19;87;20m+  },[0m
[38;2;255;255;255;48;2;19;87;20m+[0m
[38;2;255;255;255;48;2;19;87;20m+  "2_valor_emitido_motor": {[0m
[38;2;255;255;255;48;2;19;87;20m+    "motor_anterior": {[0m
[38;2;255;255;255;48;2;19;87;20m+      "valores_posibles": ["PROTOTIPAR", "DIVERGIR"],[0m
[38;2;255;255;255;48;2;19;87;20m+      "estado_respecto_a_contrato": "INVALIDO ÔÇö ambos fuera de VALID_DECISIONS",[0m
[38;2;255;255;255;48;2;19;87;20m+      "fuente": "comentario engine.py:401 + diagnostico 01_TAREA_ACTUAL.txt:9-11"[0m
[38;2;255;255;255;48;2;19;87;20m+    },[0m
[38;2;255;255;255;48;2;19;87;20m+    "motor_actual": {[0m
[38;2;255;255;255;48;2;19;87;20m+      "formula": "status = 'ADOPTAR' if len(families) >= 4 else 'AMPLIAR PRUEBA'",[0m
[38;2;255;255;255;48;2;19;87;20m+      "linea": "src/criba/engine.py:403",[0m
[38;2;255;255;255;48;2;19;87;20m+      "valor_verificado_headless": "AMPLIAR PRUEBA",[0m
[38;2;255;255;255;48;2;19;87;20m+      "familias_verificadas": 3,[0m
[38;2;255;255;255;48;2;19;87;20m+      "familias_lista": ["arquitectura", "diagnostico", "inversion"],[0m
[38;2;255;255;255;48;2;19;87;20m+      "query_usada": "┬┐C├│mo podemos generar ideas estructuralmente nuevas para controlar las acciones de agentes aut├│nomos sin depender de una autoridad central permanente?",[0m
[38;2;255;255;255;48;2;19;87;20m+      "coherencia_con_golden": "MATCH=True (golden verification/mvp_output_sample.normalized.json recomienda 'AMPLIAR PRUEBA')",[0m
[38;2;255;255;255;48;2;19;87;20m+      "estado_respecto_a_contrato": "VALIDO ÔÇö ambos valores estan dentro de VALID_DECISIONS"[0m
[38;2;255;255;255;48;2;19;87;20m+    },[0m
[38;2;255;255;255;48;2;19;87;20m+    "diferencia": "El motor anterior producia estados no enumerados (PROTOTIPAR/DIVERGIR); el motor actual los sustituye por ADOPTAR/AMPLIAR PRUEBA, que SI pertenecen a VALID_DECISIONS. La correccion de valores es internamente coherente, pero el MOTIVO de por que len(families)>=4 justifica ADOPTAR nunca fue ratificado por humano."[0m
[38;2;255;255;255;48;2;19;87;20m+  },[0m
[38;2;255;255;255;48;2;19;87;20m+[0m
[38;2;255;255;255;48;2;19;87;20m+  "3_contenido_exacto_VALID_DECISIONS": {[0m
[38;2;255;255;255;48;2;19;87;20m+    "archivo": "src/criba/constants.py:11",[0m
[38;2;255;255;255;48;2;19;87;20m+    "valor": ["ADOPTAR", "AMPLIAR PRUEBA", "ABANDONAR", "ARCHIVAR PARA RECOMBINAR"],[0m
[38;2;255;255;255;48;2;19;87;20m+    "nota": "NO incluye PROTOTIPAR ni DIVERGIR. Por tanto el motor anterior era invalido por construccion."[0m
[38;2;255;255;255;48;2;19;87;20m+  },[0m
[38;2;255;255;255;48;2;19;87;20m+[0m
[38;2;255;255;255;48;2;19;87;20m+  "4_expectativa_del_test": {[0m
[38;2;255;255;255;48;2;19;87;20m+    "referencia_tarea": "test_engine.py:14",[0m
[38;2;255;255;255;48;2;19;87;20m+    "ruta_real": "tests/unit/test_engine.py:14",[0m
[38;2;255;255;255;48;2;19;87;20m+    "contenido_linea": "packet=activate(QUERY); assert packet['packet_type']=='MANDATORY_MODEL_PACKET'; assert len(packet['supporting_methods'])==4; assert packet['decision']['recommended_status']=='AMPLIAR PRUEBA'; assert 'cadena de pensamiento privada' in build_prompt(packet)",[0m
[38;2;255;255;255;48;2;19;87;20m+    "expectativa_recommended_status": "AMPLIAR PRUEBA",[0m
[38;2;255;255;255;48;2;19;87;20m+    "coherencia": "El motor actual SATISFACE esta expectativa (emite AMPLIAR PRUEBA). El test golden condicion 16 (tests/test_mvp_golden_output.py) tambien espera coherencia con el golden normalizado que contiene AMPLIAR PRUEBA.",[0m
[38;2;255;255;255;48;2;19;87;20m+    "nota": "La tarea cita 'test_engine.py:14' pero el archivo real esta en tests/unit/test_engine.py (no en raiz). El hecho de que el test espere AMPLIAR PRUEBA confirma que el golden YA fue regenerado para el motor modificado."[0m
[38;2;255;255;255;48;2;19;87;20m+  },[0m
[38;2;255;255;255;48;2;19;87;20m+[0m
[38;2;255;255;255;48;2;19;87;20m+  "5_referencias_en_codigo_tests_docs_HANDOFF": {[0m
[38;2;255;255;255;48;2;19;87;20m+    "AMPLIAR PRUEBA": [[0m
[38;2;255;255;255;48;2;19;87;20m+      "01_TAREA_ACTUAL.txt (lineas 8, 22, 34, 39, 41, 46)",[0m
[38;2;255;255;255;48;2;19;87;20m+      "src/criba/engine.py:403 (valor emitido)",[0m
[38;2;255;255;255;48;2;19;87;20m+      "src/criba/constants.py:11 (VALID_DECISIONS)",[0m
[38;2;255;255;255;48;2;19;87;20m+      "tests/unit/test_engine.py:14 (EXPECTATIVA del test)",[0m
[38;2;255;255;255;48;2;19;87;20m+      "tests/unit/test_innovation_mvp.py:33,42",[0m
[38;2;255;255;255;48;2;19;87;20m+      "tests/fixtures/mandatory_model_packet_v1.json:232",[0m
[38;2;255;255;255;48;2;19;87;20m+      "tests/test_mvp_golden_output.py (via golden normalizado)",[0m
[38;2;255;255;255;48;2;19;87;20m+      "verification/mvp_output_sample.normalized.json:36 (golden)",[0m
[38;2;255;255;255;48;2;19;87;20m+      "verification/mvp_output_sample.json:1311 (golden)",[0m
[38;2;255;255;255;48;2;19;87;20m+      "docs/INTEGRATION.md:7"[0m
[38;2;255;255;255;48;2;19;87;20m+    ],[0m
[38;2;255;255;255;48;2;19;87;20m+    "DIVERGIR": [[0m
[38;2;255;255;255;48;2;19;87;20m+      "01_TAREA_ACTUAL.txt (lineas 9, 34, 43, 45)",[0m
[38;2;255;255;255;48;2;19;87;20m+      "src/criba/engine.py:401 (comentario 'previous values PROTOTIPAR/DIVERGIR were outside the enum')",[0m
[38;2;255;255;255;48;2;19;87;20m+      "HIPER_MEGAPROMPT_CRIBA_BLACKFORGE_V2.txt (lineas 287, 406, 799, 857, 892, 1154) ÔÇö dominio BlackForge, no del motor CRIBA",[0m
[38;2;255;255;255;48;2;19;87;20m+      "imports/blackforge_v2/criba_blackforge_politicas_v2.json:19,82 ÔÇö dominio BlackForge",[0m
[38;2;255;255;255;48;2;19;87;20m+      "imports/blackforge_v2/criba_blackforge_cambios_debate20.csv ÔÇö multiples filas DIVERGIR (dominio BlackForge)"[0m
[38;2;255;255;255;48;2;19;87;20m+    ],[0m
[38;2;255;255;255;48;2;19;87;20m+    "PROTOTIPAR": [[0m
[38;2;255;255;255;48;2;19;87;20m+      "01_TAREA_ACTUAL.txt (lineas 9, 34, 43, 45)",[0m
[38;2;255;255;255;48;2;19;87;20m+      "src/criba/engine.py:401 (comentario 'previous values PROTOTIPAR/DIVERGIR were outside the enum')"[0m
[38;2;255;255;255;48;2;19;87;20m+    ],[0m
[38;2;255;255;255;48;2;19;87;20m+    "ADOPTAR": [[0m
[38;2;255;255;255;48;2;19;87;20m+      "01_TAREA_ACTUAL.txt (lineas 8, 22, 34, 39, 41, 46)",[0m
[38;2;255;255;255;48;2;19;87;20m+      "src/criba/engine.py:403 (valor emitido si len(families)>=4)",[0m
[38;2;255;255;255;48;2;19;87;20m+      "src/criba/constants.py:11 (VALID_DECISIONS)",[0m
[38;2;139;134;130mÔÇª omitted 48 diff line(s) across 1 additional file(s)/section(s)[0m

[1;38;2;255;215;0mÔò¡ÔöÇ ÔÜò Hermes ÔöÇÔöÇÔöÇÔöÇÔöÇÔöÇÔöÇÔöÇÔöÇÔöÇÔöÇÔöÇÔöÇÔöÇÔöÇÔöÇÔöÇÔöÇÔöÇÔöÇÔöÇÔöÇÔöÇÔöÇÔöÇÔöÇÔöÇÔöÇÔöÇÔöÇÔöÇÔöÇÔöÇÔöÇÔöÇÔöÇÔöÇÔöÇÔöÇÔöÇÔöÇÔöÇÔöÇÔöÇÔöÇÔöÇÔöÇÔöÇÔöÇÔöÇÔöÇÔöÇÔöÇÔöÇÔöÇÔöÇÔöÇÔöÇÔöÇÔöÇÔöÇÔöÇÔöÇÔöÇÔöÇÔöÇÔöÇÔò«[0m
    [38;2;255;248;220mAhora actualizo HANDOFF.md documentando la investigaci├│n exhaustiva de[0m
    [38;2;255;248;220mbackups (instrucci├│n 6) y marco FASE 0 ÔÇö BLOCKED_NO_VALID_BASELINE.[0m
[1;38;2;255;215;0mÔò░ÔöÇÔöÇÔöÇÔöÇÔöÇÔöÇÔöÇÔöÇÔöÇÔöÇÔöÇÔöÇÔöÇÔöÇÔöÇÔöÇÔöÇÔöÇÔöÇÔöÇÔöÇÔöÇÔöÇÔöÇÔöÇÔöÇÔöÇÔöÇÔöÇÔöÇÔöÇÔöÇÔöÇÔöÇÔöÇÔöÇÔöÇÔöÇÔöÇÔöÇÔöÇÔöÇÔöÇÔöÇÔöÇÔöÇÔöÇÔöÇÔöÇÔöÇÔöÇÔöÇÔöÇÔöÇÔöÇÔöÇÔöÇÔöÇÔöÇÔöÇÔöÇÔöÇÔöÇÔöÇÔöÇÔöÇÔöÇÔöÇÔöÇÔöÇÔöÇÔöÇÔöÇÔöÇÔöÇÔöÇÔöÇÔöÇÔò»[0m
  Ôöè ­ƒöº preparing patchÔÇª
  Ôöè ­ƒöº patch     E:\PROYECTS\CRIBA\HANDOFF.md  1.6s
  Ôöè review diff
[38;2;218;165;32ma/E:\PROYECTS\CRIBA\HANDOFF.md ÔåÆ b/E:\PROYECTS\CRIBA\HANDOFF.md[0m
[38;2;139;134;130m@@ -1,7 +1,26 @@[0m
[38;2;184;134;11m # AUTOREGENERATION_CHECKPOINT[0m
[38;2;184;134;11m [0m
[38;2;255;255;255;48;2;119;20;20m-Timestamp: 2026-07-24T00:29:48Z[0m
[38;2;255;255;255;48;2;119;20;20m-Motivo: Primera sesi├│n, generaci├│n 1. Fase de CONTRATO VISUAL Y ESTRUCTURAL de BLACKFORGE (tarea 01_TAREA_ACTUAL.txt secciones 1-17). No implementaci├│n de GUI final.[0m
[38;2;255;255;255;48;2;19;87;20m+Timestamp: 2026-07-24T01:00:00Z[0m
[38;2;255;255;255;48;2;19;87;20m+Motivo: FASE 0 ÔÇö BLOQUEO OBLIGATORIO SIN BASELINE VALIDO (01_TAREA_ACTUAL.txt v2). Investigacion exhaustiva y negativa de backups/git; creacion de artifact de conflicto; NO se modifica el filesystem del motor.[0m
[38;2;255;255;255;48;2;19;87;20m+[0m
[38;2;255;255;255;48;2;19;87;20m+## INVESTIGACION DE BACKUPS (EXHAUSTIVA Y NEGATIVA)[0m
[38;2;255;255;255;48;2;19;87;20m+- git: `git rev-parse --is-inside-work-tree` -> `fatal: not a git repository` (no hay .git en CRIBA ni en ningun directorio padre). Confirmado con `git status` y `git log` (mismo fatal). NO hay git.[0m
[38;2;255;255;255;48;2;19;87;20m+- .bak: busqueda glob `*.bak$` recursiva en E:\PROYECTS\CRIBA -> 0 resultados. NO hay copias de engine.py ni del golden.[0m
[38;2;255;255;255;48;2;19;87;20m+- Estado actual del motor (src/criba/engine.py:403) emite `ADOPTAR` si len(families)>=4 sino `AMPLIAR PRUEBA`. Comentario engine.py:401 confirma que los valores ANTERIORES eran PROTOTIPAR/DIVERGIR y estaban FUERA del enum VALID_DECISIONS.[0m
[38;2;255;255;255;48;2;19;87;20m+- El golden en disco (verification/mvp_output_sample.normalized.json:36 y mvp_output_sample.json:1311) emite AMPLIAR PRUEBA -> YA refleja el motor modificado, no un estado previo. Comprobado headless: motor emite AMPLIAR PRUEBA (3 familias, MATCH=True con golden).[0m
[38;2;255;255;255;48;2;19;87;20m+- CONCLUSION: NO existe baseline previo valido y verificado. El estado anterior del motor ya violaba VALID_DECISIONS antes del cambio especulativo. No se restaura nada.[0m
[38;2;255;255;255;48;2;19;87;20m+[0m
[38;2;255;255;255;48;2;19;87;20m+## ARTIFACT CREADO[0m
[38;2;255;255;255;48;2;19;87;20m+- verification/recommended_status_conflict.json: documenta confirmacion, valor motor actual vs anterior, contenido exacto VALID_DECISIONS (constants.py:11 = {ADOPTAR, AMPLIAR PRUEBA, ABANDONAR, ARCHIVAR PARA RECOMBINAR}), expectativa del test real (tests/unit/test_engine.py:14 espera AMPLIAR PRUEBA), todas las referencias a AMPLIAR PRUEBA/DIVERGIR/PROTOTIPAR/ADOPTAR/ABANDONAR/ARCHIVAR PARA RECOMBINAR, e impacto de alternativas A/B/C. Recomienda C (separar pipeline_action de recommended_status) sin aplicarla.[0m
[38;2;255;255;255;48;2;19;87;20m+[0m
[38;2;255;255;255;48;2;19;87;20m+## DECISION PENDIENTE (HUMANO)[0m
[38;2;255;255;255;48;2;19;87;20m+- Alternativas presentadas, NINGUNA aplicada:[0m
[38;2;255;255;255;48;2;19;87;20m+  A. ADOPTAR/AMPLIAR PRUEBA se adopta como decision oficial (requiere ratificacion humana de que len(families)>=4 justifica ADOPTAR).[0m
[38;2;255;255;255;48;2;19;87;20m+  B. Ampliar VALID_DECISIONS para incluir PROTOTIPAR y DIVERGIR.[0m
[38;2;255;255;255;48;2;19;87;20m+  C. Separar pipeline_action (PROTOTIPAR/DIVERGIR) de recommended_status (ADOPTAR/AMPLIAR PRUEBA/ABANDONAR/ARCHIVAR PARA RECOMBINAR). RECOMENDADA.[0m
[38;2;255;255;255;48;2;19;87;20m+[0m
[38;2;255;255;255;48;2;19;87;20m+## FASE PREVIA (CONTEXTO, NO MODIFICADA)[0m
[38;2;255;255;255;48;2;19;87;20m+Primera sesi├│n, generaci├│n 1. Fase de CONTRATO VISUAL Y ESTRUCTURAL de BLACKFORGE (tarea 01_TAREA_ACTUAL.txt secciones 1-17). No implementaci├│n de GUI final.[0m
[38;2;184;134;11m ├Ültima fase completamente verificada: Fase contrato visual BLACKFORGE (todos los entregables obligatorios de la secci├│n 14 producidos y validados por gate).[0m
[38;2;184;134;11m Fase actual: FINALIZACI├ôN ÔÇö todos los entregables de la fase producidos y verificados.[0m
[38;2;184;134;11m Estado: VERIFIED[0m

[2;3mÔöîÔöÇ Reasoning ÔöÇÔöÇÔöÇÔöÇÔöÇÔöÇÔöÇÔöÇÔöÇÔöÇÔöÇÔöÇÔöÇÔöÇÔöÇÔöÇÔöÇÔöÇÔöÇÔöÇÔöÇÔöÇÔöÇÔöÇÔöÇÔöÇÔöÇÔöÇÔöÇÔöÇÔöÇÔöÇÔöÇÔöÇÔöÇÔöÇÔöÇÔöÇÔöÇÔöÇÔöÇÔöÇÔöÇÔöÇÔöÇÔöÇÔöÇÔöÇÔöÇÔöÇÔöÇÔöÇÔöÇÔöÇÔöÇÔöÇÔöÇÔöÇÔöÇÔöÇÔöÇÔöÇÔöÇÔöÇÔöÇÔöÇÔöÉ[0m
[2;3mNow I need to update the rest of the HANDOFF.md fields to reflect FASE 0 BLOCKED state[0m
[2;3m. The old HANDOFF still says Estado: VERIFIED, Fase actual: FINALIZACI├ôN, Pr├│xima acc[0m
[2;3mi├│n: FASE COMPLETADA. I should append/update those structured fields to reflect the[0m
[2;3m new FASE 0 state, and importantly terminate with BASELINE_DECISION_REQUIRED (instruction[0m
[2;3m 6 of the task).[0m
[2;3m[0m
[2;3mLet me also update the structured fields at the bottom. Actually the HANDOFF has detailed[0m
[2;3m structured fields below. Let me read the current state to be precise, but I already have[0m
[2;3m the content. Let me append a FASE 0 status block and ensure the termination marker[0m
[2;3m.[0m
[2;3m[0m
[2;3mActually instruction 6 of 01_TAREA_ACTUAL.txt says: "Actualiza HANDOFF.md documentando[0m
[2;3m que la investigaci├│n de backups fue exhaustiva y negativa, y termina exactamente con[0m
[2;3m: BASELINE_DECISION_REQUIRED".[0m
[2;3m[0m
[2;3mSo HANDOFF.md must end with `BASELINE_DECISION_REQUIRED`. Let me update the structured[0m
[2;3m tail and append the marker. Let me modify the tail fields. I'll update the bottom[0m
[2;3m structured section to reflect FASE 0 BLOCKED.[0m
[2;3m[0m
[2;3mLet me patch the tail portion. The current tail (from original read) lines 48-51:[0m
[2;3m"Pr├│xima acci├│n exacta: FASE COMPLETADA. La siguiente fase..."[0m
[2;3m"Pr├│ximo comando: (no aplica ÔÇö fase terminada y verificada)"[0m
[2;3m"Pr├│ximo test: (no aplica ÔÇö fase terminada y verificada)"[0m
[2;3m"Criterio para declarar VERIFIED: ..."[0m
[2;3m[0m
[2;3mI should add a FASE 0 block. But the instruction for termination is about the response[0m
[2;3m/ending, but also says "termina exactamente con: BASELINE_DECISION_REQUIRED". This[0m
[2;3m is the final line of the response. But it also says update HANDOFF.md and end with[0m
[2;3m that marker. The marker is most naturally the final message. But it could be in H[0m
[2;3mANDOFF too. Let me put it as the final line of HANDOFF.md and also end my response[0m
[2;3m with it.[0m
[2;3m[0m
[2;3mActually re-reading: step 6: "Actualiza HANDOFF.md documentando que la investigaci├│n de[0m
[2;3m backups fue exhaustiva y negativa, y termina exactamente con: BASELINE_DECISION_REQUI[0m
[2;3mRED". This means my final response to the user ends exactly with BASELINE_DECISION[0m
[2;3m_REQUIRED. But it could also be placed as the last line of HANDOFF. To be safe and[0m
[2;3m follow literally, I'll append it to HANDOFF.md and end my assistant response with it[0m
[2;3m.[0m
[2;3m[0m
[2;3mLet me update the structured tail of HANDOFF to reflect FASE 0 BLOCKED and then append the[0m
[2;3m marker. I'll patch the lines.[0m
[2;3m[0m
[2;3mActually, the existing structured fields still say Estado: VERIFIED etc from the previous[0m
[2;3m phase. That's fine as historical context but I should add a clear FASE 0 status. Let[0m
[2;3m me append a section at the end. Since I already added the FASE 0 investigation at the[0m
[2;3m top, I'll add the structured tail update.[0m
[2;3m[0m
[2;3mLet me just append the marker and a brief status to the end of HANDOFF. I'll use patch to[0m
[2;3m replace the final "Criterio para declarar VERIFIED..." line with updated FASE 0 status[0m
[2;3m + marker.[0m
[2;3mÔööÔöÇÔöÇÔöÇÔöÇÔöÇÔöÇÔöÇÔöÇÔöÇÔöÇÔöÇÔöÇÔöÇÔöÇÔöÇÔöÇÔöÇÔöÇÔöÇÔöÇÔöÇÔöÇÔöÇÔöÇÔöÇÔöÇÔöÇÔöÇÔöÇÔöÇÔöÇÔöÇÔöÇÔöÇÔöÇÔöÇÔöÇÔöÇÔöÇÔöÇÔöÇÔöÇÔöÇÔöÇÔöÇÔöÇÔöÇÔöÇÔöÇÔöÇÔöÇÔöÇÔöÇÔöÇÔöÇÔöÇÔöÇÔöÇÔöÇÔöÇÔöÇÔöÇÔöÇÔöÇÔöÇÔöÇÔöÇÔöÇÔöÇÔöÇÔöÇÔöÇÔöÇÔöÇÔöÇÔöÇÔöÇÔöÇÔöÿ[0m

[1;38;2;255;215;0mÔò¡ÔöÇ ÔÜò Hermes ÔöÇÔöÇÔöÇÔöÇÔöÇÔöÇÔöÇÔöÇÔöÇÔöÇÔöÇÔöÇÔöÇÔöÇÔöÇÔöÇÔöÇÔöÇÔöÇÔöÇÔöÇÔöÇÔöÇÔöÇÔöÇÔöÇÔöÇÔöÇÔöÇÔöÇÔöÇÔöÇÔöÇÔöÇÔöÇÔöÇÔöÇÔöÇÔöÇÔöÇÔöÇÔöÇÔöÇÔöÇÔöÇÔöÇÔöÇÔöÇÔöÇÔöÇÔöÇÔöÇÔöÇÔöÇÔöÇÔöÇÔöÇÔöÇÔöÇÔöÇÔöÇÔöÇÔöÇÔöÇÔöÇÔöÇÔöÇÔò«[0m
    [38;2;255;248;220mAhora actualizo la secci├│n estructurada final de HANDOFF.md para reflejar[0m
  Ôöè ­ƒöº preparing patchÔÇª
    [38;2;255;248;220mFASE 0 ÔÇö BLOCKED y cierro con el marcador exigido.[0m
[1;38;2;255;215;0mÔò░ÔöÇÔöÇÔöÇÔöÇÔöÇÔöÇÔöÇÔöÇÔöÇÔöÇÔöÇÔöÇÔöÇÔöÇÔöÇÔöÇÔöÇÔöÇÔöÇÔöÇÔöÇÔöÇÔöÇÔöÇÔöÇÔöÇÔöÇÔöÇÔöÇÔöÇÔöÇÔöÇÔöÇÔöÇÔöÇÔöÇÔöÇÔöÇÔöÇÔöÇÔöÇÔöÇÔöÇÔöÇÔöÇÔöÇÔöÇÔöÇÔöÇÔöÇÔöÇÔöÇÔöÇÔöÇÔöÇÔöÇÔöÇÔöÇÔöÇÔöÇÔöÇÔöÇÔöÇÔöÇÔöÇÔöÇÔöÇÔöÇÔöÇÔöÇÔöÇÔöÇÔöÇÔöÇÔöÇÔöÇÔöÇÔöÇÔò»[0m
  Ôöè ­ƒöº patch     E:\PROYECTS\CRIBA\HANDOFF.md  2.0s
  Ôöè review diff
[38;2;218;165;32ma/E:\PROYECTS\CRIBA\HANDOFF.md ÔåÆ b/E:\PROYECTS\CRIBA\HANDOFF.md[0m
[38;2;139;134;130m@@ -64,7 +64,22 @@[0m
[38;2;184;134;11m - La implementaci├│n futura de la GUI (fuera de esta fase) debe respetar los objectNames normativos de WIDGET_TREE y los tokens de theme_blackforge.json.[0m
[38;2;184;134;11m - El gauge FORGE_INTEGRITY es el ├ÜNICO elemento con glow nivel 2.[0m
[38;2;184;134;11m Deuda t├®cnica: Ninguna en esta fase.[0m
[38;2;255;255;255;48;2;119;20;20m-Pr├│xima acci├│n exacta: FASE COMPLETADA. La siguiente fase (cuando el usuario lo indique) es la implementaci├│n de la GUI de BLACKFORGE siguiendo estos contratos (src/criba/ui/tokens_bf.py, theme_bf.py, widgets_bf.py, blackforge_window.py). No iniciar GUI en esta fase (prohibido por tarea ┬º15).[0m
[38;2;255;255;255;48;2;119;20;20m-Pr├│ximo comando: (no aplica ÔÇö fase terminada y verificada)[0m
[38;2;255;255;255;48;2;119;20;20m-Pr├│ximo test: (no aplica ÔÇö fase terminada y verificada)[0m
[38;2;255;255;255;48;2;119;20;20m-Criterio para declarar VERIFIED: Los 5 entregables obligatorios (4 docs + theme JSON) existen, no vac├¡os, cubren tokens S4, navegaci├│n S7, mapeo PySide6 S11, 11 estados S13, conservan paleta negro+naranja y la imagen de la criba, y el GATE reproducible (scripts/verify_ui_contract_blackforge.py) retorna RC=0. TODO CUMPLIDO.[0m
[38;2;255;255;255;48;2;19;87;20m+Pr├│xima acci├│n exacta (FASE PREVIA, BLACKFORGE): FASE COMPLETADA ÔÇö implementaci├│n de GUI de BLACKFORGE cuando el usuario lo indique (src/criba/ui/tokens_bf.py, theme_bf.py, widgets_bf.py, blackforge_window.py).[0m
[38;2;255;255;255;48;2;19;87;20m+[0m
[38;2;255;255;255;48;2;19;87;20m+ESTADO ESTRUCTURAL ACTUAL (FASE 0 ÔÇö BLOQUEO):[0m
[38;2;255;255;255;48;2;19;87;20m+- ├Ültima fase completamente verificada: Fase contrato visual BLACKFORGE (VERIFIED, gate RC=0).[0m
[38;2;255;255;255;48;2;19;87;20m+- Fase actual: FASE 0 ÔÇö BLOCKED_NO_VALID_BASELINE.[0m
[38;2;255;255;255;48;2;19;87;20m+- Estado: PARTIAL (bloqueo: requiere decision humana; no es fallo de codigo).[0m
[38;2;255;255;255;48;2;19;87;20m+- Trabajo completado en FASE 0: investigacion exhaustiva y negativa de git/.bak; artifact verification/recommended_status_conflict.json creado; filesystem del motor NO modificado.[0m
[38;2;255;255;255;48;2;19;87;20m+- Trabajo no verificado en FASE 0: N/A (bloqueo por falta de baseline ratificado).[0m
[38;2;255;255;255;48;2;19;87;20m+- Archivos creados en FASE 0: E:\PROYECTS\CRIBA\verification\recommended_status_conflict.json.[0m
[38;2;255;255;255;48;2;19;87;20m+- Archivos modificados en FASE 0: E:\PROYECTS\CRIBA\HANDOFF.md (solo documentacion; engine.py/test/golden/VALID_DECISIONS intactos).[0m
[38;2;255;255;255;48;2;19;87;20m+- Invariantes protegidos en FASE 0: engine.py sin cambios; test sin cambios; golden sin cambios; VALID_DECISIONS sin cambios; filesystem exactamente como al inicio.[0m
[38;2;255;255;255;48;2;19;87;20m+- Decisiones cerradas en FASE 0: NINGUNA (se requiere autorizacion humana A/B/C).[0m
[38;2;255;255;255;48;2;19;87;20m+- Riesgos: la frontera ADOPTAR<->AMPLIAR PRUEBA (umbral len(families)>=4) no esta ratificada por humano; DIVERGIR/PROTOTIPAR existen como estados en subsistema BlackForge (dominio distinto), no confundir con recommended_status del motor CRIBA.[0m
[38;2;255;255;255;48;2;19;87;20m+- Pr├│xima acci├│n exacta (FASE 0): esperar autorizacion humana de la alternativa A, B o C (recomendada C) antes de avanzar a carga del catalogo u otra fase.[0m
[38;2;255;255;255;48;2;19;87;20m+- Pr├│ximo comando: (no aplica ÔÇö bloqueo por decision humana pendiente)[0m
[38;2;255;255;255;48;2;19;87;20m+- Pr├│ximo test: (no aplica ÔÇö bloqueo por decision humana pendiente)[0m
[38;2;255;255;255;48;2;19;87;20m+- Criterio para declarar VERIFIED (FASE 0): alternativa elegida por humano y, en su caso, aplicada y verificada por su gate correspondiente sin romper test_engine.py:14 ni el golden.[0m
[38;2;255;255;255;48;2;19;87;20m+[0m
[38;2;255;255;255;48;2;19;87;20m+BASELINE_DECISION_REQUIRED[0m

[2;3mÔöîÔöÇ Reasoning ÔöÇÔöÇÔöÇÔöÇÔöÇÔöÇÔöÇÔöÇÔöÇÔöÇÔöÇÔöÇÔöÇÔöÇÔöÇÔöÇÔöÇÔöÇÔöÇÔöÇÔöÇÔöÇÔöÇÔöÇÔöÇÔöÇÔöÇÔöÇÔöÇÔöÇÔöÇÔöÇÔöÇÔöÇÔöÇÔöÇÔöÇÔöÇÔöÇÔöÇÔöÇÔöÇÔöÇÔöÇÔöÇÔöÇÔöÇÔöÇÔöÇÔöÇÔöÇÔöÇÔöÇÔöÇÔöÇÔöÇÔöÇÔöÇÔöÇÔöÇÔöÇÔöÇÔöÇÔöÇÔöÇÔöÇÔöÉ[0m
[2;3mHe completado todas las instrucciones del bloqueo:[0m
[2;3m1. Ô£à No restaur├® engine.py, no regener├® golden, no toqu├® test ni VALID_DECISIONS. Files[0m
[2;3mystem intacto (verificado).[0m
[2;3m2. Ô£à Cre├® verification/recommended_status_conflict.json con toda la informaci├│n requ[0m
[2;3merida.[0m
[2;3m3. Ô£à Present├® alternativas A/B/C sin aplicar ninguna.[0m
[2;3m4. Ô£à Recomend├® alternativa C sin aplicarla.[0m
[2;3m5. Ô£à Marcado FASE 0 ÔÇö BLOCKED_NO_VALID_BASELINE.[0m
[2;3m6. Ô£à Actualic├® HANDOFF.md documentando investigaci├│n exhaustiva y negativa de backups[0m
[2;3m, terminando con BASELINE_DECISION_REQUIRED.[0m
[2;3m[0m
[2;3mLa instrucci├│n 6 dice: "Actualiza HANDOFF.md documentando que la investigaci├│n de[0m
[2;3m backups fue exhaustiva y negativa, y termina exactamente con: BASELINE_DECISION_REQUI[0m
[2;3mRED".[0m
[2;3m[0m
[2;3mEl bloqueo dice "No avances a la carga del cat├ílogo hasta recibir autorizaci├│n." Y[0m
[2;3m el final: "termina exactamente con: BASELINE_DECISION_REQUIRED".[0m
[2;3m[0m
[2;3mAhora, sobre el protocolo AUTOREGEN_GLOBAL: ┬┐debo hacer A) o B)? [0m
[2;3m[0m
[2;3mLa tarea actual (01_TAREA_ACTUAL.txt) es un BLOQUEO que me dice exactamente c├│mo termin[0m
[2;3mar: "termina exactamente con: BASELINE_DECISION_REQUIRED". No es PROJECT_COMPLETED[0m
[2;3m ni CONTEXT_REGENERATION_REQUIRED del protocolo global ÔÇö es un marcador propio de[0m
[2;3m la tarea.[0m
[2;3m[0m
[2;3mPero el protocolo global tiene sus propias reglas. La pregunta es: ┬┐esta sesi├│n est├í[0m
[2;3m en estado GREEN/YELLOW/RED? [0m
[2;3m[0m
[2;3mEstoy en GREEN: progreso verificable, recuerdo fase/rutas/contratos, no repito acc[0m
[2;3miones. No hay saturaci├│n. As├¡ que NO debo hacer CONTEXT_REGENERATION_REQUIRED (op[0m
[2;3mci├│n B). Y la tarea NO est├í completa (es un bloqueo que espera autorizaci├│n human[0m
[2;3ma), as├¡ que NO debo hacer PROJECT_COMPLETED (opci├│n A).[0m
[2;3m[0m
[2;3mEl bloqueo es un estado de espera de decisi├│n humana. La instrucci├│n del bloqueo es expl[0m
[2;3m├¡cita y prevalece sobre el protocolo global de finalizaci├│n: terminar exactamente con[0m
[2;3m BASELINE_DECISION_REQUIRED. No dice que escriba project_completed.json ni regeneration[0m
[2;3m_request.json. [0m
[2;3m[0m
[2;3mEl bloqueo me pide:[0m
[2;3m- Crear el JSON de conflicto Ô£à[0m
[2;3m- Presentar alternativas sin aplicar Ô£à[0m
[2;3m- Recomendar C Ô£à[0m
[2;3m- Actualizar HANDOFF.md y terminar con BASELINE_DECISION_REQUIRED Ô£à[0m
[2;3m[0m
[2;3m┬┐Debo actualizar session_handoff.json y RESUME_NEXT_SESSION.txt? El protocolo global[0m
[2;3m los menciona para casos RED/YELLOW (regeneraci├│n). Como no estoy en saturaci├│n, y[0m
[2;3m el bloqueo tiene su propio protocolo de finalizaci├│n (BASELINE_DECISION_REQUIRED,[0m
[2;3m no regeneraci├│n), no debo forzar la maquinaria de regeneraci├│n. El bloqueo es un[0m
[2;3m punto de espera de autorizaci├│n humana, no saturaci├│n de contexto.[0m
[2;3m[0m
[2;3mSin embargo, ser├¡a prudente dejar el estado estructurado para que la pr├│xima sesi├│n[0m
[2;3m sepa continuar. Pero el protocolo dice que la regeneraci├│n se hace SOLO en RED/Y[0m
[2;3mELLOW. Estoy en GREEN. As├¡ que la instrucci├│n del bloqueo (terminar con BASELINE_DECIS[0m
[2;3mION_REQUIRED) es la que manda.[0m
[2;3m[0m
[2;3mPero espera ÔÇö el bloqueo me pide actualizar HANDOFF.md. El protocolo global dice que[0m
[2;3m HANDOFF.md debe tener el formato estructurado. Ya lo actualic├®. ┬┐Debo escribir .[0m
[2;3mautoregen/session_handoff.json para reflejar el estado? [0m
[2;3m[0m
[2;3mReviso el protocolo: "Estado estructurado: Escribe .autoregen/session_handoff.json"[0m
[2;3m se menciona en la secci├│n HANDOFF/ESTADO ESTRUCTURADO. Esto parece ser una pr├íct[0m
[2;3mica general para mantener estado. Dado que estoy en GREEN y la tarea es un bloqueo[0m
[2;3m que termina con su propio marcador, lo m├ís limpio es:[0m
[2;3m[0m
[2;3mLa tarea actual ORDENA terminar con BASELINE_DECISION_REQUIRED. Ese es el comando final[0m
[2;3m. No es project_completed ni context_regeneration. Es un estado de espera de decis[0m
[2;3mi├│n humana. [0m
[2;3m[0m
[2;3mVoy a seguir la instrucci├│n literal de la tarea: terminar exactamente con BASELINE[0m
[2;3m_DECISION_REQUIRED. No escribo project_completed.json (la tarea no est├í hecha) ni regeneration[0m
[2;3m_request.json (no hay saturaci├│n, estoy en GREEN).[0m
[2;3m[0m
[2;3mSin embargo, para ser robusto y auditable (moli exige progreso auditable con estado[0m
[2;3m persistente), actualizar├® session_handoff.json con el estado FASE 0 BLOCKED. Est[0m
[2;3mo no contradice el protocolo ÔÇö mantener estado estructurado es buena pr├íctica y el[0m
[2;3m bloqueo ya me pidi├│ dejar el filesystem marcado como NO RATIFICADO. Un session_handoff[0m
[2;3m.json reflejando BLOCKED es consistente.[0m
[2;3m[0m
[2;3mPero ojo: el protocolo dice que CONTEXT_REGENERATION_REQUIRED es el que escribe session[0m
[2;3m_handoff.json + RESUME + regeneration_request. No debo confundir. El bloqueo es dist[0m
[2;3minto. [0m
[2;3m[0m
[2;3mD├®jame decidir: La tarea 01_TAREA_ACTUAL.txt es una instrucci├│n de m├ís alta prioridad[0m
[2;3m y espec├¡fica. Dice "termina exactamente con: BASELINE_DECISION_REQUIRED". No men[0m
[2;3mciona session_handoff.json ni RESUME_NEXT_SESSION.txt. Por tanto, para seguirla EXACT[0m
[2;3mAMENTE, termino con BASELINE_DECISION_REQUIRED.[0m
[2;3m[0m
[2;3mPero el protocolo global AUTOREGEN est├í "siempre activo". ┬┐Hay conflicto? El protocol[0m
[2;3mo global define finalizaci├│n como A) PROJECT_COMPLETED o B) CONTEXT_REGENERATION_REQUI[0m
[2;3mRED. El bloqueo define su propio final: BASELINE_DECISION_REQUIRED. Esto es un TERCER[0m
[2;3m estado que la tarea introduce.[0m
[2;3m[0m
[2;3mCreo que la interpretaci├│n correcta es: BASELINE_DECISION_REQUIRED es el final correct[0m
[2;3mo PARA ESTE bloqueo espec├¡fico, porque la tarea es un punto de espera de autorizaci├│n human[0m
[2;3ma (no saturaci├│n de contexto, no proyecto terminado). El supervisor PowerShell le[0m
[2;3mer├í este marcador y sabr├í que debe pedir decisi├│n humana antes de reanudar.[0m
[2;3m[0m
[2;3mPara m├íxima robustez y trazabilidad, voy a actualizar tambi├®n .autoregen/session_hand[0m
[2;3moff.json (ya que el protocolo global lo recomienda como estado estructurado, y no[0m
[2;3m da├▒a), reflejando current_phase=FASE 0 BLOCKED y current_status=partial. Esto es[0m
[2;3m iguardar estado, no forzar regeneraci├│n. PERO ÔÇö si escribo session_handoff.json sin[0m
[2;3m escribir regeneration_request.json, la pr├│xima sesi├│n al leerlo ver├í un estado blocked[0m
[2;3m y sabr├í pedir autorizaci├│n. Eso es bueno.[0m
[2;3m[0m
[2;3mHmm, pero el protocolo dice que la regeneraci├│n se se├▒aliza con CONTEXT_REGENERATION[0m
[2;3m_REQUIRED + regeneration_request.json. Si escribo solo session_handoff.json con estado blocked[0m
[2;3m, no hay se├▒al de regeneraci├│n. Eso est├í bien porque no quiero regeneraci├│n, quiero esper[0m
[2;3ma de humano.[0m
[2;3m[0m
[2;3mDecisi├│n final: [0m
[2;3m- Sigo la tarea literalmente: termino con BASELINE_DECISION_REQUIRED.[0m
[2;3m- Actualizo session_handoff.json para dejar estado estructurado (buena pr├íctica de auditor[0m
[2;3m├¡a, no contradictoria). Lo marco como current_status=partial, current_phase=FASE [0m
[2;3m0 BLOCKED, reason=baseline_decision_required, y next_exact_action=presentar altern[0m
[2;3mativas A/B/C al humano.[0m
[2;3m- NO escribo project_completed.json (no completado).[0m
[2;3m- NO escribo regeneration_request.json ni RESUME_NEXT_SESSION.txt (no hay saturaci├│n;[0m
[2;3m estoy en GREEN; la tarea manda terminar con BASELINE_DECISION_REQUIRED, no regenerar[0m
[2;3m).[0m
[2;3m[0m
[2;3mEspera, ┬┐debo actualizar session_handoff.json? El protocolo lo lista en la secci├│n H[0m
[2;3mANDOFF/ESTADO ESTRUCTURADO como algo a escribir. Pero lo escribe en contextos de Y[0m
[2;3mELLOW/RED. En GREEN no es obligatorio. Para no overcomplicar y seguir la tarea exact[0m
[2;3mamente, actualizar├® session_handoff.json ya que aporta trazabilidad y no contradice nada[0m
[2;3m. Es bajo riesgo.[0m
[2;3m[0m
[2;3mEn realidad, reconsidero: la instrucci├│n del bloqueo es muy espec├¡fica y dice "termin[0m
[2;3ma exactamente con: BASELINE_DECISION_REQUIRED". La palabra "exactamente" sugiere que[0m
[2;3m ese debe ser el ├║nico final. Si escribo session_handoff.json, eso es trabajo inter[0m
[2;3mmedio, no el final ÔÇö el final sigue siendo BASELINE_DECISION_REQUIRED. Eso est├í bien.[0m
[2;3m[0m
[2;3mVoy a actualizar session_handoff.json para robustez, luego terminar con BASELINE_DE[0m
[2;3mCISION_REQUIRED. Esto da al supervisor y a la pr├│xima sesi├│n un estado estructurado clar[0m
[2;3mo.[0m
[2;3m[0m
[2;3mActually, let me reconsider whether updating session_handoff.json could confuse the supervisor[0m
[2;3m. The supervisor is PowerShell and reads these files. If I write session_handoff.json with[0m
[2;3m current_status=partial and a reason, but I don't write regeneration_request.json[0m
[2;3m, the supervisor's logic (which probably checks for regeneration_request.json to decide[0m
[2;3m whether to restart) won't trigger a restart. And BASELINE_DECISION_REQUIRED at the end[0m
[2;3m tells it to wait for human decision. That seems coherent.[0m
[2;3m[0m
[2;3mI'll update session_handoff.json. Let me read the existing one first to patch it properly[0m
[2;3mÔööÔöÇÔöÇÔöÇÔöÇÔöÇÔöÇÔöÇÔöÇÔöÇÔöÇÔöÇÔöÇÔöÇÔöÇÔöÇÔöÇÔöÇÔöÇÔöÇÔöÇÔöÇÔöÇÔöÇÔöÇÔöÇÔöÇÔöÇÔöÇÔöÇÔöÇÔöÇÔöÇÔöÇÔöÇÔöÇÔöÇÔöÇÔöÇÔöÇÔöÇÔöÇÔöÇÔöÇÔöÇÔöÇÔöÇÔöÇÔöÇÔöÇÔöÇÔöÇÔöÇÔöÇÔöÇÔöÇÔöÇÔöÇÔöÇÔöÇÔöÇÔöÇÔöÇÔöÇÔöÇÔöÇÔöÇÔöÇÔöÇÔöÇÔöÇÔöÇÔöÇÔöÇÔöÇÔöÇÔöÇÔöÇÔöÇÔöÿ[0m

[1;38;2;255;215;0mÔò¡ÔöÇ ÔÜò Hermes ÔöÇÔöÇÔöÇÔöÇÔöÇÔöÇÔöÇÔöÇÔöÇÔöÇÔöÇÔöÇÔöÇÔöÇÔöÇÔöÇÔöÇÔöÇÔöÇÔöÇÔöÇÔöÇÔöÇÔöÇÔöÇÔöÇÔöÇÔöÇÔöÇÔöÇÔöÇÔöÇÔöÇÔöÇÔöÇÔöÇÔöÇÔöÇÔöÇÔöÇÔöÇÔöÇÔöÇÔöÇÔöÇÔöÇÔöÇÔöÇÔöÇÔöÇÔöÇÔöÇÔöÇÔöÇÔöÇÔöÇÔöÇÔöÇÔöÇÔöÇÔöÇÔöÇÔöÇÔöÇÔöÇÔöÇÔöÇÔò«[0m
    [38;2;255;248;220mHe completado todas las instrucciones del bloqueo (1ÔÇô6). Verifico el[0m
    [38;2;255;248;220mestado final del filesystem: engine.py, test, golden y VALID_DECISIONS[0m
    [38;2;255;248;220msiguen intactos, y el artifact de conflicto existe. Para trazabilidad[0m
    [38;2;255;248;220mauditable, actualizo tambi├®n el estado estructurado[0m
    [38;2;255;248;220m.autoregen/session_handoff.json (sin forzar regeneraci├│n, pues estoy en[0m
  Ôöè ­ƒôû preparing read_fileÔÇª
    [38;2;255;248;220mGREEN: progreso verificable, sin saturaci├│n).[0m
[1;38;2;255;215;0mÔò░ÔöÇÔöÇÔöÇÔöÇÔöÇÔöÇÔöÇÔöÇÔöÇÔöÇÔöÇÔöÇÔöÇÔöÇÔöÇÔöÇÔöÇÔöÇÔöÇÔöÇÔöÇÔöÇÔöÇÔöÇÔöÇÔöÇÔöÇÔöÇÔöÇÔöÇÔöÇÔöÇÔöÇÔöÇÔöÇÔöÇÔöÇÔöÇÔöÇÔöÇÔöÇÔöÇÔöÇÔöÇÔöÇÔöÇÔöÇÔöÇÔöÇÔöÇÔöÇÔöÇÔöÇÔöÇÔöÇÔöÇÔöÇÔöÇÔöÇÔöÇÔöÇÔöÇÔöÇÔöÇÔöÇÔöÇÔöÇÔöÇÔöÇÔöÇÔöÇÔöÇÔöÇÔöÇÔöÇÔöÇÔöÇÔöÇÔò»[0m
  Ôöè ­ƒÉì preparing execute_codeÔÇª
  Ôöè ­ƒôû read      session_handoff.json  0.6s [File not found: E:\PROYECTS\CRIBA\.autoregen\...]
  Ôöè ­ƒÉì exec      import hashlib, os  0.2s [Traceback (most recent call last):

  File "C...]

[1;38;2;255;215;0mÔò¡ÔöÇ ÔÜò Hermes ÔöÇÔöÇÔöÇÔöÇÔöÇÔöÇÔöÇÔöÇÔöÇÔöÇÔöÇÔöÇÔöÇÔöÇÔöÇÔöÇÔöÇÔöÇÔöÇÔöÇÔöÇÔöÇÔöÇÔöÇÔöÇÔöÇÔöÇÔöÇÔöÇÔöÇÔöÇÔöÇÔöÇÔöÇÔöÇÔöÇÔöÇÔöÇÔöÇÔöÇÔöÇÔöÇÔöÇÔöÇÔöÇÔöÇÔöÇÔöÇÔöÇÔöÇÔöÇÔöÇÔöÇÔöÇÔöÇÔöÇÔöÇÔöÇÔöÇÔöÇÔöÇÔöÇÔöÇÔöÇÔöÇÔöÇÔöÇÔò«[0m
    [38;2;255;248;220mLos archivos del motor siguen intactos (engine.py 25479 bytes, mantiene[0m
    [38;2;255;248;220mla f├│rmula ADOPTAR/AMPLIAR PRUEBA). El error fue solo un olvido de[0m
    [38;2;255;248;220mimport json en mi verificador. El artifact conflict existe (8668[0m
    [38;2;255;248;220mbytes). session_handoff.json no existe a├║n ÔÇö lo creo seg├║n el esquema[0m
    [38;2;255;248;220mdel AUTOREGEN_GLOBAL para trazabilidad, ya que estoy en GREEN y NO[0m
    [38;2;255;248;220mnecesito regeneraci├│n de contexto.[0m
[1;38;2;255;215;0mÔò░ÔöÇÔöÇÔöÇÔöÇÔöÇÔöÇÔöÇÔöÇÔöÇÔöÇÔöÇÔöÇÔöÇÔöÇÔöÇÔöÇÔöÇÔöÇÔöÇÔöÇÔöÇÔöÇÔöÇÔöÇÔöÇÔöÇÔöÇÔöÇÔöÇÔöÇÔöÇÔöÇÔöÇÔöÇÔöÇÔöÇÔöÇÔöÇÔöÇÔöÇÔöÇÔöÇÔöÇÔöÇÔöÇÔöÇÔöÇÔöÇÔöÇÔöÇÔöÇÔöÇÔöÇÔöÇÔöÇÔöÇÔöÇÔöÇÔöÇÔöÇÔöÇÔöÇÔöÇÔöÇÔöÇÔöÇÔöÇÔöÇÔöÇÔöÇÔöÇÔöÇÔöÇÔöÇÔöÇÔöÇÔöÇÔöÇÔò»[0m
  Ôöè Ô£ì´©Å preparing write_fileÔÇª
  Ôöè Ô£ì´©Å  write     E:\PROYECTS\CRIBA\.autoregen\session_handoff.json  1.4s
  Ôöè review diff
[38;2;218;165;32ma/.autoregen\session_handoff.json ÔåÆ b/.autoregen\session_handoff.json[0m
[38;2;139;134;130m@@ -0,0 +1,31 @@[0m
[38;2;255;255;255;48;2;19;87;20m+{[0m
[38;2;255;255;255;48;2;19;87;20m+  "handoff_schema_version": "1.0.0",[0m
[38;2;255;255;255;48;2;19;87;20m+  "reason": "baseline_decision_required",[0m
[38;2;255;255;255;48;2;19;87;20m+  "last_verified_phase": "Fase contrato visual BLACKFORGE (gate RC=0, VERIFIED)",[0m
[38;2;255;255;255;48;2;19;87;20m+  "current_phase": "FASE 0 ÔÇö BLOCKED_NO_VALID_BASELINE",[0m
[38;2;255;255;255;48;2;19;87;20m+  "current_status": "partial",[0m
[38;2;255;255;255;48;2;19;87;20m+  "last_modified_files": [[0m
[38;2;255;255;255;48;2;19;87;20m+    "E:\\PROYECTS\\CRIBA\\HANDOFF.md"[0m
[38;2;255;255;255;48;2;19;87;20m+  ],[0m
[38;2;255;255;255;48;2;19;87;20m+  "created_files": [[0m
[38;2;255;255;255;48;2;19;87;20m+    "E:\\PROYECTS\\CRIBA\\verification\\recommended_status_conflict.json"[0m
[38;2;255;255;255;48;2;19;87;20m+  ],[0m
[38;2;255;255;255;48;2;19;87;20m+  "last_command": "research-only: git status / glob *.bak / headless engine.activate check",[0m
[38;2;255;255;255;48;2;19;87;20m+  "last_result": "No git, no .bak. Motor actual emite AMPLIAR PRUEBA (3 familias), MATCH=True con golden. VALID_DECISIONS={ADOPTAR, AMPLIAR PRUEBA, ABANDONAR, ARCHIVAR PARA RECOMBINAR}.",[0m
[38;2;255;255;255;48;2;19;87;20m+  "tests_passed": [[0m
[38;2;255;255;255;48;2;19;87;20m+    "tests/unit/test_engine.py:14 (espera AMPLIAR PRUEBA; motor actual lo satisface)",[0m
[38;2;255;255;255;48;2;19;87;20m+    "tests/test_mvp_golden_output.py (golden normalizado contiene AMPLIAR PRUEBA, coherente)"[0m
[38;2;255;255;255;48;2;19;87;20m+  ],[0m
[38;2;255;255;255;48;2;19;87;20m+  "tests_failed": [],[0m
[38;2;255;255;255;48;2;19;87;20m+  "tests_not_run": [],[0m
[38;2;255;255;255;48;2;19;87;20m+  "protected_invariants": [[0m
[38;2;255;255;255;48;2;19;87;20m+    "engine.py sin cambios (f├│rmula ADOPTAR/AMPLIAR PRUEBA intacta)",[0m
[38;2;255;255;255;48;2;19;87;20m+    "test sin cambios",[0m
[38;2;255;255;255;48;2;19;87;20m+    "golden sin cambios",[0m
[38;2;255;255;255;48;2;19;87;20m+    "VALID_DECISIONS sin cambios",[0m
[38;2;255;255;255;48;2;19;87;20m+    "filesystem exactamente como al inicio de la sesi├│n"[0m
[38;2;255;255;255;48;2;19;87;20m+  ],[0m
[38;2;255;255;255;48;2;19;87;20m+  "next_exact_action": "Esperar autorizaci├│n humana de la alternativa A, B o C (recomendada C: separar pipeline_action de recommended_status). No avanzar a carga del cat├ílogo hasta recibirla.",[0m
[38;2;255;255;255;48;2;19;87;20m+  "next_exact_command": "(no aplica ÔÇö bloqueo por decisi├│n humana pendiente)",[0m
[38;2;255;255;255;48;2;19;87;20m+  "next_required_test": "(no aplica ÔÇö bloqueo por decisi├│n humana pendiente)"[0m
[38;2;255;255;255;48;2;19;87;20m+}[0m

[1;38;2;255;215;0mÔò¡ÔöÇ ÔÜò Hermes ÔöÇÔöÇÔöÇÔöÇÔöÇÔöÇÔöÇÔöÇÔöÇÔöÇÔöÇÔöÇÔöÇÔöÇÔöÇÔöÇÔöÇÔöÇÔöÇÔöÇÔöÇÔöÇÔöÇÔöÇÔöÇÔöÇÔöÇÔöÇÔöÇÔöÇÔöÇÔöÇÔöÇÔöÇÔöÇÔöÇÔöÇÔöÇÔöÇÔöÇÔöÇÔöÇÔöÇÔöÇÔöÇÔöÇÔöÇÔöÇÔöÇÔöÇÔöÇÔöÇÔöÇÔöÇÔöÇÔöÇÔöÇÔöÇÔöÇÔöÇÔöÇÔöÇÔöÇÔöÇÔöÇÔöÇÔöÇÔò«[0m
    [38;2;255;248;220mHe ejecutado el bloqueo completo (instrucciones 1ÔÇô6) con evidencia[0m
    [38;2;255;248;220mverificable real. No termin├® con resumen ambiguo: la tarea me obliga a[0m
    [38;2;255;248;220mdetenerme en FASE 0 y exigir decisi├│n humana, por lo que NO corresponde[0m
    [38;2;255;248;220mPROJECT_COMPLETED ni CONTEXT_REGENERATION_REQUIRED (estoy en GREEN, sin[0m
    [38;2;255;248;220msaturaci├│n). La tarea dice terminar exactamente con[0m
    [38;2;255;248;220mBASELINE_DECISION_REQUIRED.[0m
    [38;2;255;248;220m[0m
    [38;2;255;248;220mEstado final verificado:[0m
    [38;2;255;248;220m- git: no existe (fatal: not a git repository).[0m
    [38;2;255;248;220m- .bak: 0 resultados ÔåÆ sin backups.[0m
    [38;2;255;248;220m- engine.py intacto (25479 bytes, f├│rmula ADOPTAR/AMPLIAR PRUEBA en l├¡nea[0m
    [38;2;255;248;220m403).[0m
    [38;2;255;248;220m- Motor headless emite AMPLIAR PRUEBA (3 familias), MATCH=True con golden.[0m
    [38;2;255;248;220m- test real tests/unit/test_engine.py:14 espera AMPLIAR PRUEBA ÔåÆ satisfecho.[0m
    [38;2;255;248;220m- VALID_DECISIONS = {ADOPTAR, AMPLIAR PRUEBA, ABANDONAR, ARCHIVAR PARA[0m
    [38;2;255;248;220mRECOMBINAR} (sin PROTOTIPAR/DIVERGIR).[0m
    [38;2;255;248;220m- Artifact creado:[0m
    [38;2;255;248;220mE:\PROYECTS\CRIBA\verification\recommended_status_conflict.json (8668[0m
    [38;2;255;248;220mbytes, JSON v├ílido).[0m
    [38;2;255;248;220m- HANDOFF.md actualizado con investigaci├│n exhaustiva y negativa +[0m
    [38;2;255;248;220mdecisiones A/B/C.[0m
    [38;2;255;248;220m- .autoregen/session_handoff.json creado para trazabilidad.[0m
    [38;2;255;248;220m[0m
    [38;2;255;248;220mNo apliqu├® ninguna alternativa (A/B/C) ÔÇö solo se presentan, seg├║n[0m
    [38;2;255;248;220minstrucci├│n 3ÔÇô4.[0m
    [38;2;255;248;220m[0m
    [38;2;255;248;220mBASELINE_DECISION_REQUIREDEntendido. Las modificaciones son artifacts de[0m
    [38;2;255;248;220mdatos (dos JSON), no l├│gica de c├│digo. Hago verificaci├│n ad-hoc enfocada:[0m
    [38;2;255;248;220mvalidar que ambos JSON sean sint├ícticamente correctos y reconfirmar las[0m
    [38;2;255;248;220minvariantes de evidencia (engine.py/test/golden/VALID_DECISIONS intactos,[0m
    [38;2;255;248;220mgit/.bak ausentes) que sostienen el artifact.[0m
[1;38;2;255;215;0mÔò░ÔöÇÔöÇÔöÇÔöÇÔöÇÔöÇÔöÇÔöÇÔöÇÔöÇÔöÇÔöÇÔöÇÔöÇÔöÇÔöÇÔöÇÔöÇÔöÇÔöÇÔöÇÔöÇÔöÇÔöÇÔöÇÔöÇÔöÇÔöÇÔöÇÔöÇÔöÇÔöÇÔöÇÔöÇÔöÇÔöÇÔöÇÔöÇÔöÇÔöÇÔöÇÔöÇÔöÇÔöÇÔöÇÔöÇÔöÇÔöÇÔöÇÔöÇÔöÇÔöÇÔöÇÔöÇÔöÇÔöÇÔöÇÔöÇÔöÇÔöÇÔöÇÔöÇÔöÇÔöÇÔöÇÔöÇÔöÇÔöÇÔöÇÔöÇÔöÇÔöÇÔöÇÔöÇÔöÇÔöÇÔöÇÔöÇÔò»[0m
  Ôöè ­ƒÉì preparing execute_codeÔÇª
  Ôöè ­ƒÉì exec      import json, os, subprocess, sys, tempfile  0.7s

[2;3mÔöîÔöÇ Reasoning ÔöÇÔöÇÔöÇÔöÇÔöÇÔöÇÔöÇÔöÇÔöÇÔöÇÔöÇÔöÇÔöÇÔöÇÔöÇÔöÇÔöÇÔöÇÔöÇÔöÇÔöÇÔöÇÔöÇÔöÇÔöÇÔöÇÔöÇÔöÇÔöÇÔöÇÔöÇÔöÇÔöÇÔöÇÔöÇÔöÇÔöÇÔöÇÔöÇÔöÇÔöÇÔöÇÔöÇÔöÇÔöÇÔöÇÔöÇÔöÇÔöÇÔöÇÔöÇÔöÇÔöÇÔöÇÔöÇÔöÇÔöÇÔöÇÔöÇÔöÇÔöÇÔöÇÔöÇÔöÇÔöÇÔöÇÔöÉ[0m
[2;3mThe one FAIL is a false negative in my verification script ÔÇö my check string used[0m
[2;3m escaped quotes `\"` inside the Python `r''` raw string comparison, but the actual[0m
[2;3m file uses regular double quotes. Let me verify the actual content of constants.py[0m
[2;3m directly to confirm it's correct. The earlier read_file showed line 11: `VALID_DE[0m
[2;3mCISIONS = {"ADOPTAR", "AMPLIAR PRUEBA", "ABANDONAR", "ARCHIVAR PARA RECOMBINAR"}`. So[0m
[2;3m the file is correct; my check just had a bug with the escaped quotes. Let me re-verify[0m
[2;3m properly.[0m
[2;3mÔööÔöÇÔöÇÔöÇÔöÇÔöÇÔöÇÔöÇÔöÇÔöÇÔöÇÔöÇÔöÇÔöÇÔöÇÔöÇÔöÇÔöÇÔöÇÔöÇÔöÇÔöÇÔöÇÔöÇÔöÇÔöÇÔöÇÔöÇÔöÇÔöÇÔöÇÔöÇÔöÇÔöÇÔöÇÔöÇÔöÇÔöÇÔöÇÔöÇÔöÇÔöÇÔöÇÔöÇÔöÇÔöÇÔöÇÔöÇÔöÇÔöÇÔöÇÔöÇÔöÇÔöÇÔöÇÔöÇÔöÇÔöÇÔöÇÔöÇÔöÇÔöÇÔöÇÔöÇÔöÇÔöÇÔöÇÔöÇÔöÇÔöÇÔöÇÔöÇÔöÇÔöÇÔöÇÔöÇÔöÇÔöÇÔöÇÔöÿ[0m

[1;38;2;255;215;0mÔò¡ÔöÇ ÔÜò Hermes ÔöÇÔöÇÔöÇÔöÇÔöÇÔöÇÔöÇÔöÇÔöÇÔöÇÔöÇÔöÇÔöÇÔöÇÔöÇÔöÇÔöÇÔöÇÔöÇÔöÇÔöÇÔöÇÔöÇÔöÇÔöÇÔöÇÔöÇÔöÇÔöÇÔöÇÔöÇÔöÇÔöÇÔöÇÔöÇÔöÇÔöÇÔöÇÔöÇÔöÇÔöÇÔöÇÔöÇÔöÇÔöÇÔöÇÔöÇÔöÇÔöÇÔöÇÔöÇÔöÇÔöÇÔöÇÔöÇÔöÇÔöÇÔöÇÔöÇÔöÇÔöÇÔöÇÔöÇÔöÇÔöÇÔöÇÔöÇÔò«[0m
    [38;2;255;248;220mEl ├║nico FAIL es un falso negativo de mi propio verificador: us├® comillas[0m
    [38;2;255;248;220mescapadas \" en la comparaci├│n, pero el archivo real usa comillas[0m
  Ôöè ­ƒÉì preparing execute_codeÔÇª
    [38;2;255;248;220mdobles normales. Confirmo el contenido real de constants.py directamente.[0m
[1;38;2;255;215;0mÔò░ÔöÇÔöÇÔöÇÔöÇÔöÇÔöÇÔöÇÔöÇÔöÇÔöÇÔöÇÔöÇÔöÇÔöÇÔöÇÔöÇÔöÇÔöÇÔöÇÔöÇÔöÇÔöÇÔöÇÔöÇÔöÇÔöÇÔöÇÔöÇÔöÇÔöÇÔöÇÔöÇÔöÇÔöÇÔöÇÔöÇÔöÇÔöÇÔöÇÔöÇÔöÇÔöÇÔöÇÔöÇÔöÇÔöÇÔöÇÔöÇÔöÇÔöÇÔöÇÔöÇÔöÇÔöÇÔöÇÔöÇÔöÇÔöÇÔöÇÔöÇÔöÇÔöÇÔöÇÔöÇÔöÇÔöÇÔöÇÔöÇÔöÇÔöÇÔöÇÔöÇÔöÇÔöÇÔöÇÔöÇÔöÇÔöÇÔò»[0m
  Ôöè ­ƒÉì exec      import re  0.2s

[1;38;2;255;215;0mÔò¡ÔöÇ ÔÜò Hermes ÔöÇÔöÇÔöÇÔöÇÔöÇÔöÇÔöÇÔöÇÔöÇÔöÇÔöÇÔöÇÔöÇÔöÇÔöÇÔöÇÔöÇÔöÇÔöÇÔöÇÔöÇÔöÇÔöÇÔöÇÔöÇÔöÇÔöÇÔöÇÔöÇÔöÇÔöÇÔöÇÔöÇÔöÇÔöÇÔöÇÔöÇÔöÇÔöÇÔöÇÔöÇÔöÇÔöÇÔöÇÔöÇÔöÇÔöÇÔöÇÔöÇÔöÇÔöÇÔöÇÔöÇÔöÇÔöÇÔöÇÔöÇÔöÇÔöÇÔöÇÔöÇÔöÇÔöÇÔöÇÔöÇÔöÇÔöÇÔò«[0m
    [38;2;255;248;220mVerificaci├│n corregida: la invarianza de VALID_DECISIONS es correcta[0m
    [38;2;255;248;220m(el FAIL previo fue un error de escapado en mi verificador, no del[0m
    [38;2;255;248;220marchivo). Todas las comprobaciones pasan.[0m
    [38;2;255;248;220m[0m
    [38;2;255;248;220mRESUMEN DE VERIFICACI├ôN AD-HOC (artifacts de datos, no suite de c├│digo):[0m
    [38;2;255;248;220m- conflict.json: JSON v├ílido, 13 keys, 8 secciones requeridas presentes,[0m
    [38;2;255;248;220mconfirma NO baseline v├ílido, recomienda C, marcado NO RATIFICADO ÔåÆ PASS[0m
    [38;2;255;248;220m- session_handoff.json: JSON v├ílido, 16 keys ÔåÆ PASS[0m
    [38;2;255;248;220m- engine.py: f├│rmula ADOPTAR/AMPLIAR PRUEBA intacta + comentario[0m
    [38;2;255;248;220mPROTOTIPAR/DIVERGIR fuera de enum ÔåÆ PASS[0m
    [38;2;255;248;220m- VALID_DECISIONS: {ADOPTAR, AMPLIAR PRUEBA, ABANDONAR, ARCHIVAR PARA[0m
    [38;2;255;248;220mRECOMBINAR}, sin PROTOTIPAR/DIVERGIR ÔåÆ PASS[0m
    [38;2;255;248;220m- git ausente (fatal not a git repository) ÔåÆ PASS[0m
    [38;2;255;248;220m- 0 archivos .bak en CRIBA ÔåÆ PASS[0m
    [38;2;255;248;220m- motor headless emite AMPLIAR PRUEBA (3 familias), MATCH=True con golden[0m
    [38;2;255;248;220mÔåÆ PASS[0m
    [38;2;255;248;220m[0m
    [38;2;255;248;220mEstado: todas las invariantes del bloqueo verificadas. No apliqu├® ninguna[0m
    [38;2;255;248;220malternativa; quedo a la espera de decisi├│n humana.[0m
    [38;2;255;248;220m[0m
    [38;2;255;248;220mBASELINE_DECISION_REQUIREDEntendido. Genero el script de verificaci├│n[0m
    [38;2;255;248;220mad-hoc en la ruta temporal pedida, lo ejecuto y lo limpio.[0m
[1;38;2;255;215;0mÔò░ÔöÇÔöÇÔöÇÔöÇÔöÇÔöÇÔöÇÔöÇÔöÇÔöÇÔöÇÔöÇÔöÇÔöÇÔöÇÔöÇÔöÇÔöÇÔöÇÔöÇÔöÇÔöÇÔöÇÔöÇÔöÇÔöÇÔöÇÔöÇÔöÇÔöÇÔöÇÔöÇÔöÇÔöÇÔöÇÔöÇÔöÇÔöÇÔöÇÔöÇÔöÇÔöÇÔöÇÔöÇÔöÇÔöÇÔöÇÔöÇÔöÇÔöÇÔöÇÔöÇÔöÇÔöÇÔöÇÔöÇÔöÇÔöÇÔöÇÔöÇÔöÇÔöÇÔöÇÔöÇÔöÇÔöÇÔöÇÔöÇÔöÇÔöÇÔöÇÔöÇÔöÇÔöÇÔöÇÔöÇÔöÇÔöÇÔò»[0m
  Ôöè ­ƒÉì preparing execute_codeÔÇª
  Ôöè ­ƒÉì exec      import os, tempfile, subprocess, sys, json  0.7s

[1;38;2;255;215;0mÔò¡ÔöÇ ÔÜò Hermes ÔöÇÔöÇÔöÇÔöÇÔöÇÔöÇÔöÇÔöÇÔöÇÔöÇÔöÇÔöÇÔöÇÔöÇÔöÇÔöÇÔöÇÔöÇÔöÇÔöÇÔöÇÔöÇÔöÇÔöÇÔöÇÔöÇÔöÇÔöÇÔöÇÔöÇÔöÇÔöÇÔöÇÔöÇÔöÇÔöÇÔöÇÔöÇÔöÇÔöÇÔöÇÔöÇÔöÇÔöÇÔöÇÔöÇÔöÇÔöÇÔöÇÔöÇÔöÇÔöÇÔöÇÔöÇÔöÇÔöÇÔöÇÔöÇÔöÇÔöÇÔöÇÔöÇÔöÇÔöÇÔöÇÔöÇÔöÇÔò«[0m
    [38;2;255;248;220mVerificaci├│n ad-hoc completada y limpiada. El script temporal[0m
    [38;2;255;248;220mhermes-verify-3716.py se ejecut├│ y se elimin├│.[0m
    [38;2;255;248;220m[0m
    [38;2;255;248;220mRESUMEN DE VERIFICACI├ôN AD-HOC (artifacts de datos, no suite de c├│digo[0m
    [38;2;255;248;220mverde):[0m
    [38;2;255;248;220m- conflict.json: JSON v├ílido, 8 secciones requeridas, confirma NO[0m
    [38;2;255;248;220mbaseline v├ílido, recomienda C, NO ratificado ÔåÆ PASS[0m
    [38;2;255;248;220m- session_handoff.json: JSON v├ílido ÔåÆ PASS[0m
    [38;2;255;248;220m- engine.py: f├│rmula ADOPTAR/AMPLIAR PRUEBA intacta ÔåÆ PASS[0m
    [38;2;255;248;220m- VALID_DECISIONS: exacto {ADOPTAR, AMPLIAR PRUEBA, ABANDONAR, ARCHIVAR[0m
    [38;2;255;248;220mPARA RECOMBINAR}, sin PROTOTIPAR/DIVERGIR ÔåÆ PASS[0m
    [38;2;255;248;220m- git ausente (fatal not a git repository) ÔåÆ PASS[0m
    [38;2;255;248;220m- 0 archivos .bak en CRIBA ÔåÆ PASS[0m
    [38;2;255;248;220m- motor headless emite AMPLIAR PRUEBA (3 familias), MATCH=True con golden[0m
    [38;2;255;248;220mÔåÆ PASS[0m
    [38;2;255;248;220m[0m
    [38;2;255;248;220mResultado: TODO PASS (10/10). El filesystem del motor no fue modificado;[0m
    [38;2;255;248;220mno se aplic├│ alternativa A/B/C alguna.[0m
    [38;2;255;248;220m[0m
    [38;2;255;248;220mBASELINE_DECISION_REQUIRED[0m
[1;38;2;255;215;0mÔò░ÔöÇÔöÇÔöÇÔöÇÔöÇÔöÇÔöÇÔöÇÔöÇÔöÇÔöÇÔöÇÔöÇÔöÇÔöÇÔöÇÔöÇÔöÇÔöÇÔöÇÔöÇÔöÇÔöÇÔöÇÔöÇÔöÇÔöÇÔöÇÔöÇÔöÇÔöÇÔöÇÔöÇÔöÇÔöÇÔöÇÔöÇÔöÇÔöÇÔöÇÔöÇÔöÇÔöÇÔöÇÔöÇÔöÇÔöÇÔöÇÔöÇÔöÇÔöÇÔöÇÔöÇÔöÇÔöÇÔöÇÔöÇÔöÇÔöÇÔöÇÔöÇÔöÇÔöÇÔöÇÔöÇÔöÇÔöÇÔöÇÔöÇÔöÇÔöÇÔöÇÔöÇÔöÇÔöÇÔöÇÔöÇÔöÇÔò»[0m
  [tool] (┬┤´¢Ñ_´¢Ñ`) reasoning...

Resume this session with:
  hermes --resume 20260724_005739_89fa57

Session:        20260724_005739_89fa57
Duration:       6m 14s
Messages:       49 (3 user, 43 tool calls)
