Query: Trabaja exclusivamente sobre:

E:\PROYECTS\CRIBA

Lee completos desde disco, en este orden:

1. E:\PROYECTS\CRIBA\01_TAREA_ACTUAL.txt
2. E:\PROYECTS\CRIBA\.autoregen\AUTOREGEN_GLOBAL.txt

Esta es la primera sesi├│n, generaci├│n 1. Empieza desde el primer paso
de la tarea y crea checkpoints verificables.

La autorregeneraci├│n est├í SIEMPRE ACTIVA.
No uses --continue ni --resume.
No termines con un resumen ambiguo.

Antes de finalizar debes hacer exactamente una de estas dos cosas:

A) Si toda la tarea est├í terminada y verificada:
- escribir .autoregen/project_completed.json;
- terminar con PROJECT_COMPLETED.

B) Si necesitas contexto limpio:
- actualizar HANDOFF.md;
- escribir .autoregen/session_handoff.json;
- escribir RESUME_NEXT_SESSION.txt;
- escribir .autoregen/regeneration_request.json;
- terminar con CONTEXT_REGENERATION_REQUIRED.

Empieza ahora.
[2;3mInitializing agent...[0m
[38;2;255;191;0mÔöÇÔöÇÔöÇÔöÇÔöÇÔöÇÔöÇÔöÇÔöÇÔöÇÔöÇÔöÇÔöÇÔöÇÔöÇÔöÇÔöÇÔöÇÔöÇÔöÇÔöÇÔöÇÔöÇÔöÇÔöÇÔöÇÔöÇÔöÇÔöÇÔöÇÔöÇÔöÇÔöÇÔöÇÔöÇÔöÇÔöÇÔöÇÔöÇÔöÇ[0m


[2;3mÔöîÔöÇ Reasoning ÔöÇÔöÇÔöÇÔöÇÔöÇÔöÇÔöÇÔöÇÔöÇÔöÇÔöÇÔöÇÔöÇÔöÇÔöÇÔöÇÔöÇÔöÇÔöÇÔöÇÔöÇÔöÇÔöÇÔöÇÔöÇÔöÇÔöÇÔöÇÔöÇÔöÇÔöÇÔöÇÔöÇÔöÇÔöÇÔöÇÔöÇÔöÇÔöÇÔöÇÔöÇÔöÇÔöÇÔöÇÔöÇÔöÇÔöÇÔöÇÔöÇÔöÇÔöÇÔöÇÔöÇÔöÇÔöÇÔöÇÔöÇÔöÇÔöÇÔöÇÔöÇÔöÇÔöÇÔöÇÔöÇÔöÇÔöÉ[0m
[2;3mLet me start by reading the two files as instructed.[0m
[2;3mÔööÔöÇÔöÇÔöÇÔöÇÔöÇÔöÇÔöÇÔöÇÔöÇÔöÇÔöÇÔöÇÔöÇÔöÇÔöÇÔöÇÔöÇÔöÇÔöÇÔöÇÔöÇÔöÇÔöÇÔöÇÔöÇÔöÇÔöÇÔöÇÔöÇÔöÇÔöÇÔöÇÔöÇÔöÇÔöÇÔöÇÔöÇÔöÇÔöÇÔöÇÔöÇÔöÇÔöÇÔöÇÔöÇÔöÇÔöÇÔöÇÔöÇÔöÇÔöÇÔöÇÔöÇÔöÇÔöÇÔöÇÔöÇÔöÇÔöÇÔöÇÔöÇÔöÇÔöÇÔöÇÔöÇÔöÇÔöÇÔöÇÔöÇÔöÇÔöÇÔöÇÔöÇÔöÇÔöÇÔöÇÔöÇÔöÇÔöÿ[0m

[1;38;2;255;215;0mÔò¡ÔöÇ ÔÜò Hermes ÔöÇÔöÇÔöÇÔöÇÔöÇÔöÇÔöÇÔöÇÔöÇÔöÇÔöÇÔöÇÔöÇÔöÇÔöÇÔöÇÔöÇÔöÇÔöÇÔöÇÔöÇÔöÇÔöÇÔöÇÔöÇÔöÇÔöÇÔöÇÔöÇÔöÇÔöÇÔöÇÔöÇÔöÇÔöÇÔöÇÔöÇÔöÇÔöÇÔöÇÔöÇÔöÇÔöÇÔöÇÔöÇÔöÇÔöÇÔöÇÔöÇÔöÇÔöÇÔöÇÔöÇÔöÇÔöÇÔöÇÔöÇÔöÇÔöÇÔöÇÔöÇÔöÇÔöÇÔöÇÔöÇÔöÇÔöÇÔò«[0m
  Ôöè ­ƒôû preparing read_fileÔÇª
    [38;2;255;248;220mVoy a leer los dos archivos completos desde disco, en el orden indicado.[0m
[1;38;2;255;215;0mÔò░ÔöÇÔöÇÔöÇÔöÇÔöÇÔöÇÔöÇÔöÇÔöÇÔöÇÔöÇÔöÇÔöÇÔöÇÔöÇÔöÇÔöÇÔöÇÔöÇÔöÇÔöÇÔöÇÔöÇÔöÇÔöÇÔöÇÔöÇÔöÇÔöÇÔöÇÔöÇÔöÇÔöÇÔöÇÔöÇÔöÇÔöÇÔöÇÔöÇÔöÇÔöÇÔöÇÔöÇÔöÇÔöÇÔöÇÔöÇÔöÇÔöÇÔöÇÔöÇÔöÇÔöÇÔöÇÔöÇÔöÇÔöÇÔöÇÔöÇÔöÇÔöÇÔöÇÔöÇÔöÇÔöÇÔöÇÔöÇÔöÇÔöÇÔöÇÔöÇÔöÇÔöÇÔöÇÔöÇÔöÇÔöÇÔöÇÔò»[0m
  Ôöè ­ƒôû preparing read_fileÔÇª
  Ôöè ­ƒôû read      01_TAREA_ACTUAL.txt  1.8s
  Ôöè ­ƒôû read      AUTOREGEN_GLOBAL.txt  1.7s

[2;3mÔöîÔöÇ Reasoning ÔöÇÔöÇÔöÇÔöÇÔöÇÔöÇÔöÇÔöÇÔöÇÔöÇÔöÇÔöÇÔöÇÔöÇÔöÇÔöÇÔöÇÔöÇÔöÇÔöÇÔöÇÔöÇÔöÇÔöÇÔöÇÔöÇÔöÇÔöÇÔöÇÔöÇÔöÇÔöÇÔöÇÔöÇÔöÇÔöÇÔöÇÔöÇÔöÇÔöÇÔöÇÔöÇÔöÇÔöÇÔöÇÔöÇÔöÇÔöÇÔöÇÔöÇÔöÇÔöÇÔöÇÔöÇÔöÇÔöÇÔöÇÔöÇÔöÇÔöÇÔöÇÔöÇÔöÇÔöÇÔöÇÔöÇÔöÉ[0m
[2;3mLet me read the rest of the tarea file (lines 501-542) and check the existing structure of the[0m
[2;3mÔööÔöÇÔöÇÔöÇÔöÇÔöÇÔöÇÔöÇÔöÇÔöÇÔöÇÔöÇÔöÇÔöÇÔöÇÔöÇÔöÇÔöÇÔöÇÔöÇÔöÇÔöÇÔöÇÔöÇÔöÇÔöÇÔöÇÔöÇÔöÇÔöÇÔöÇÔöÇÔöÇÔöÇÔöÇÔöÇÔöÇÔöÇÔöÇÔöÇÔöÇÔöÇÔöÇÔöÇÔöÇÔöÇÔöÇÔöÇÔöÇÔöÇÔöÇÔöÇÔöÇÔöÇÔöÇÔöÇÔöÇÔöÇÔöÇÔöÇÔöÇÔöÇÔöÇÔöÇÔöÇÔöÇÔöÇÔöÇÔöÇÔöÇÔöÇÔöÇÔöÇÔöÇÔöÇÔöÇÔöÇÔöÇÔöÇÔöÿ[0m

[1;38;2;255;215;0mÔò¡ÔöÇ ÔÜò Hermes ÔöÇÔöÇÔöÇÔöÇÔöÇÔöÇÔöÇÔöÇÔöÇÔöÇÔöÇÔöÇÔöÇÔöÇÔöÇÔöÇÔöÇÔöÇÔöÇÔöÇÔöÇÔöÇÔöÇÔöÇÔöÇÔöÇÔöÇÔöÇÔöÇÔöÇÔöÇÔöÇÔöÇÔöÇÔöÇÔöÇÔöÇÔöÇÔöÇÔöÇÔöÇÔöÇÔöÇÔöÇÔöÇÔöÇÔöÇÔöÇÔöÇÔöÇÔöÇÔöÇÔöÇÔöÇÔöÇÔöÇÔöÇÔöÇÔöÇÔöÇÔöÇÔöÇÔöÇÔöÇÔöÇÔöÇÔöÇÔò«[0m
    [38;2;255;248;220mLeo el resto del archivo de tarea y exploro la estructura actual del[0m
  Ôöè ­ƒôû preparing read_fileÔÇª
    [38;2;255;248;220mproyecto.[0m
[1;38;2;255;215;0mÔò░ÔöÇÔöÇÔöÇÔöÇÔöÇÔöÇÔöÇÔöÇÔöÇÔöÇÔöÇÔöÇÔöÇÔöÇÔöÇÔöÇÔöÇÔöÇÔöÇÔöÇÔöÇÔöÇÔöÇÔöÇÔöÇÔöÇÔöÇÔöÇÔöÇÔöÇÔöÇÔöÇÔöÇÔöÇÔöÇÔöÇÔöÇÔöÇÔöÇÔöÇÔöÇÔöÇÔöÇÔöÇÔöÇÔöÇÔöÇÔöÇÔöÇÔöÇÔöÇÔöÇÔöÇÔöÇÔöÇÔöÇÔöÇÔöÇÔöÇÔöÇÔöÇÔöÇÔöÇÔöÇÔöÇÔöÇÔöÇÔöÇÔöÇÔöÇÔöÇÔöÇÔöÇÔöÇÔöÇÔöÇÔöÇÔöÇÔò»[0m
  Ôöè ­ƒöÄ preparing search_filesÔÇª
  Ôöè ­ƒôû read      01_TAREA_ACTUAL.txt L501-600  0.9s
  Ôöè ­ƒöÄ find      *  0.9s

[2;3mÔöîÔöÇ Reasoning ÔöÇÔöÇÔöÇÔöÇÔöÇÔöÇÔöÇÔöÇÔöÇÔöÇÔöÇÔöÇÔöÇÔöÇÔöÇÔöÇÔöÇÔöÇÔöÇÔöÇÔöÇÔöÇÔöÇÔöÇÔöÇÔöÇÔöÇÔöÇÔöÇÔöÇÔöÇÔöÇÔöÇÔöÇÔöÇÔöÇÔöÇÔöÇÔöÇÔöÇÔöÇÔöÇÔöÇÔöÇÔöÇÔöÇÔöÇÔöÇÔöÇÔöÇÔöÇÔöÇÔöÇÔöÇÔöÇÔöÇÔöÇÔöÇÔöÇÔöÇÔöÇÔöÇÔöÇÔöÇÔöÇÔöÇÔöÉ[0m
[2;3mThe task is clear: Phase 1 of BLACKFORGE is to produce the visual/structural contract[0m
[2;3m (NOT the final GUI). Deliverables:[0m
[2;3m1. docs/UI_CONTRACT_BLACKFORGE.md[0m
[2;3m2. docs/STYLE_GUIDE_BLACKFORGE.md[0m
[2;3m3. docs/WIDGET_TREE_BLACKFORGE.md[0m
[2;3m4. docs/STATE_MATRIX_BLACKFORGE.md[0m
[2;3m5. opcional: data/theme_blackforge.json[0m
[2;3m[0m
[2;3mThere are existing CRIBA docs I should reference for consistency and to understand[0m
[2;3m the existing style (since BLACKFORGE must be a sibling of CRIBA). Let me read the[0m
[2;3m CRIBA docs and theme to align, and check the existing verify_ui_contract.py script.[0m
[2;3m Also it references an image at C:\Users\KLSX\Downloads\f0b7725d-d3cd-4cb6-a074-be6[0m
[2;3mbd9003eb3.png ÔÇö the hero image of the criba. Let me check if that exists.[0m
[2;3m[0m
[2;3mLet me read the CRIBA docs and theme in parallel. Also need to look at the existing[0m
[2;3m docs structure. Let me read the key reference files.[0m
[2;3m[0m
[2;3mThe task says generation 1, first session, start from first step. So this is the first actual[0m
[2;3m work session. There's a HANDOFF.md existing - let me check it but per protocol I should[0m
[2;3m be careful. The protocol says read HANDOFF.md after the two required files only when[0m
[2;3m resuming. Since this is gen 1 first session, I start from scratch. But there's an existing[0m
[2;3m HANDOFF.md from prior sessions (this is a fresh start though - "Esta es la primera ses[0m
[2;3mi├│n, generaci├│n 1. Empieza desde el primer paso de la tarea").[0m
[2;3m[0m
[2;3mLet me read the CRIBA reference docs to ensure BLACKFORGE is a proper sibling, plus[0m
[2;3m the image reference, plus the verify script.[0m
[2;3m[0m
[2;3mLet me read:[0m
[2;3m- docs/UI_CONTRACT_CRIBA.md[0m
[2;3m- docs/STYLE_GUIDE_CRIBA.md[0m
[2;3m- docs/WIDGET_TREE_CRIBA.md[0m
[2;3m- docs/STATE_MATRIX_CRIBA.md[0m
[2;3m- data/theme_criba.json[0m
[2;3m- scripts/verify_ui_contract.py[0m
[2;3m- HANDOFF.md (to see state)[0m
[2;3m- check the hero image existence[0m
[2;3m[0m
[2;3mLet me batch these reads[0m
[2;3mÔööÔöÇÔöÇÔöÇÔöÇÔöÇÔöÇÔöÇÔöÇÔöÇÔöÇÔöÇÔöÇÔöÇÔöÇÔöÇÔöÇÔöÇÔöÇÔöÇÔöÇÔöÇÔöÇÔöÇÔöÇÔöÇÔöÇÔöÇÔöÇÔöÇÔöÇÔöÇÔöÇÔöÇÔöÇÔöÇÔöÇÔöÇÔöÇÔöÇÔöÇÔöÇÔöÇÔöÇÔöÇÔöÇÔöÇÔöÇÔöÇÔöÇÔöÇÔöÇÔöÇÔöÇÔöÇÔöÇÔöÇÔöÇÔöÇÔöÇÔöÇÔöÇÔöÇÔöÇÔöÇÔöÇÔöÇÔöÇÔöÇÔöÇÔöÇÔöÇÔöÇÔöÇÔöÇÔöÇÔöÇÔöÇÔöÇÔöÿ[0m

[1;38;2;255;215;0mÔò¡ÔöÇ ÔÜò Hermes ÔöÇÔöÇÔöÇÔöÇÔöÇÔöÇÔöÇÔöÇÔöÇÔöÇÔöÇÔöÇÔöÇÔöÇÔöÇÔöÇÔöÇÔöÇÔöÇÔöÇÔöÇÔöÇÔöÇÔöÇÔöÇÔöÇÔöÇÔöÇÔöÇÔöÇÔöÇÔöÇÔöÇÔöÇÔöÇÔöÇÔöÇÔöÇÔöÇÔöÇÔöÇÔöÇÔöÇÔöÇÔöÇÔöÇÔöÇÔöÇÔöÇÔöÇÔöÇÔöÇÔöÇÔöÇÔöÇÔöÇÔöÇÔöÇÔöÇÔöÇÔöÇÔöÇÔöÇÔöÇÔöÇÔöÇÔöÇÔò«[0m
    [38;2;255;248;220mTengo la tarea completa. Es la fase de contrato visual y estructural[0m
    [38;2;255;248;220mde BLACKFORGE (no la GUI final). Debo producir 4 docs obligatorios +[0m
    [38;2;255;248;220mtheme JSON opcional. Para que BLACKFORGE sea un "hermano" coherente de[0m
    [38;2;255;248;220mCRIBA, leo los docs de referencia de CRIBA, el theme, el script de[0m
  Ôöè ­ƒôû preparing read_fileÔÇª
    [38;2;255;248;220mverificaci├│n existente y el estado actual.[0m
[1;38;2;255;215;0mÔò░ÔöÇÔöÇÔöÇÔöÇÔöÇÔöÇÔöÇÔöÇÔöÇÔöÇÔöÇÔöÇÔöÇÔöÇÔöÇÔöÇÔöÇÔöÇÔöÇÔöÇÔöÇÔöÇÔöÇÔöÇÔöÇÔöÇÔöÇÔöÇÔöÇÔöÇÔöÇÔöÇÔöÇÔöÇÔöÇÔöÇÔöÇÔöÇÔöÇÔöÇÔöÇÔöÇÔöÇÔöÇÔöÇÔöÇÔöÇÔöÇÔöÇÔöÇÔöÇÔöÇÔöÇÔöÇÔöÇÔöÇÔöÇÔöÇÔöÇÔöÇÔöÇÔöÇÔöÇÔöÇÔöÇÔöÇÔöÇÔöÇÔöÇÔöÇÔöÇÔöÇÔöÇÔöÇÔöÇÔöÇÔöÇÔöÇÔò»[0m
  Ôöè ­ƒôû preparing read_fileÔÇª
  Ôöè ­ƒôû preparing read_fileÔÇª
  Ôöè ­ƒôû read      UI_CONTRACT_CRIBA.md  1.1s
  Ôöè ­ƒôû read      STYLE_GUIDE_CRIBA.md  1.1s
  Ôöè ­ƒôû read      WIDGET_TREE_CRIBA.md  1.1s

[2;3mÔöîÔöÇ Reasoning ÔöÇÔöÇÔöÇÔöÇÔöÇÔöÇÔöÇÔöÇÔöÇÔöÇÔöÇÔöÇÔöÇÔöÇÔöÇÔöÇÔöÇÔöÇÔöÇÔöÇÔöÇÔöÇÔöÇÔöÇÔöÇÔöÇÔöÇÔöÇÔöÇÔöÇÔöÇÔöÇÔöÇÔöÇÔöÇÔöÇÔöÇÔöÇÔöÇÔöÇÔöÇÔöÇÔöÇÔöÇÔöÇÔöÇÔöÇÔöÇÔöÇÔöÇÔöÇÔöÇÔöÇÔöÇÔöÇÔöÇÔöÇÔöÇÔöÇÔöÇÔöÇÔöÇÔöÇÔöÇÔöÇÔöÇÔöÉ[0m
[2;3mNow let me read the STATE_MATRIX_CRIBA, the theme JSON, and the verification script,[0m
[2;3m plus check the supervisor state and the existing HANDOFF to understand the current state[0m
[2;3mÔööÔöÇÔöÇÔöÇÔöÇÔöÇÔöÇÔöÇÔöÇÔöÇÔöÇÔöÇÔöÇÔöÇÔöÇÔöÇÔöÇÔöÇÔöÇÔöÇÔöÇÔöÇÔöÇÔöÇÔöÇÔöÇÔöÇÔöÇÔöÇÔöÇÔöÇÔöÇÔöÇÔöÇÔöÇÔöÇÔöÇÔöÇÔöÇÔöÇÔöÇÔöÇÔöÇÔöÇÔöÇÔöÇÔöÇÔöÇÔöÇÔöÇÔöÇÔöÇÔöÇÔöÇÔöÇÔöÇÔöÇÔöÇÔöÇÔöÇÔöÇÔöÇÔöÇÔöÇÔöÇÔöÇÔöÇÔöÇÔöÇÔöÇÔöÇÔöÇÔöÇÔöÇÔöÇÔöÇÔöÇÔöÇÔöÇÔöÿ[0m

[1;38;2;255;215;0mÔò¡ÔöÇ ÔÜò Hermes ÔöÇÔöÇÔöÇÔöÇÔöÇÔöÇÔöÇÔöÇÔöÇÔöÇÔöÇÔöÇÔöÇÔöÇÔöÇÔöÇÔöÇÔöÇÔöÇÔöÇÔöÇÔöÇÔöÇÔöÇÔöÇÔöÇÔöÇÔöÇÔöÇÔöÇÔöÇÔöÇÔöÇÔöÇÔöÇÔöÇÔöÇÔöÇÔöÇÔöÇÔöÇÔöÇÔöÇÔöÇÔöÇÔöÇÔöÇÔöÇÔöÇÔöÇÔöÇÔöÇÔöÇÔöÇÔöÇÔöÇÔöÇÔöÇÔöÇÔöÇÔöÇÔöÇÔöÇÔöÇÔöÇÔöÇÔöÇÔò«[0m
    [38;2;255;248;220mAhora leo la matriz de estados de CRIBA, el theme JSON, el script de[0m
  Ôöè ­ƒôû preparing read_fileÔÇª
    [38;2;255;248;220mverificaci├│n y el estado de supervisor/HANDOFF.[0m
[1;38;2;255;215;0mÔò░ÔöÇÔöÇÔöÇÔöÇÔöÇÔöÇÔöÇÔöÇÔöÇÔöÇÔöÇÔöÇÔöÇÔöÇÔöÇÔöÇÔöÇÔöÇÔöÇÔöÇÔöÇÔöÇÔöÇÔöÇÔöÇÔöÇÔöÇÔöÇÔöÇÔöÇÔöÇÔöÇÔöÇÔöÇÔöÇÔöÇÔöÇÔöÇÔöÇÔöÇÔöÇÔöÇÔöÇÔöÇÔöÇÔöÇÔöÇÔöÇÔöÇÔöÇÔöÇÔöÇÔöÇÔöÇÔöÇÔöÇÔöÇÔöÇÔöÇÔöÇÔöÇÔöÇÔöÇÔöÇÔöÇÔöÇÔöÇÔöÇÔöÇÔöÇÔöÇÔöÇÔöÇÔöÇÔöÇÔöÇÔöÇÔöÇÔò»[0m
  Ôöè ­ƒôû preparing read_fileÔÇª
  Ôöè ­ƒôû preparing read_fileÔÇª
  Ôöè ­ƒôû read      STATE_MATRIX_CRIBA.md  1.1s
  Ôöè ­ƒôû read      theme_criba.json  1.1s
  Ôöè ­ƒôû read      verify_ui_contract.py  1.1s

[2;3mÔöîÔöÇ Reasoning ÔöÇÔöÇÔöÇÔöÇÔöÇÔöÇÔöÇÔöÇÔöÇÔöÇÔöÇÔöÇÔöÇÔöÇÔöÇÔöÇÔöÇÔöÇÔöÇÔöÇÔöÇÔöÇÔöÇÔöÇÔöÇÔöÇÔöÇÔöÇÔöÇÔöÇÔöÇÔöÇÔöÇÔöÇÔöÇÔöÇÔöÇÔöÇÔöÇÔöÇÔöÇÔöÇÔöÇÔöÇÔöÇÔöÇÔöÇÔöÇÔöÇÔöÇÔöÇÔöÇÔöÇÔöÇÔöÇÔöÇÔöÇÔöÇÔöÇÔöÇÔöÇÔöÇÔöÇÔöÇÔöÇÔöÇÔöÉ[0m
[2;3mAhora tengo todo el contexto. Tengo que crear los 4 docs de BLACKFORGE + theme JSON op[0m
[2;3mcional. El script de verificaci├│n `verify_ui_contract.py` es para CRIBA, no para BLACK[0m
[2;3mFORGE. Pero la tarea de BLACKFORGE pide los mismos entregables. [0m
[2;3m[0m
[2;3mVoy a planificar:[0m
[2;3m1. Crear `docs/UI_CONTRACT_BLACKFORGE.md` ÔÇö contrato visual y estructural, basado[0m
[2;3m en la misma estructura macro (sidebar/topbar/hero/panel derecho/footer) pero reinterpret[0m
[2;3mado para ciberseguridad.[0m
[2;3m2. `docs/STYLE_GUIDE_BLACKFORGE.md` ÔÇö tokens negros+naranja.[0m
[2;3m3. `docs/WIDGET_TREE_BLACKFORGE.md` ÔÇö mapeo PySide6.[0m
[2;3m4. `docs/STATE_MATRIX_BLACKFORGE.md` ÔÇö 10+ estados.[0m
[2;3m5. `data/theme_blackforge.json` ÔÇö tokens machine-readable.[0m
[2;3m[0m
[2;3mLa tarea pide espec├¡ficamente:[0m
[2;3m- Secci├│n 6: estructura de pantalla con A) Sidebar, B) Top bar, C) Hero central, D[0m
[2;3m) Panel derecho superior, E) Panel derecho medio, F) Panel derecho inferior, G) Panel inferior[0m
[2;3m central, H) Footer strip.[0m
[2;3m- Secci├│n 7: navegaci├│n interna con 8 items: Resumen, Reconocimiento, Vectores, Sim[0m
[2;3mulaci├│n, Contramedidas, Laboratorio, Historial, Volver a CRIBA.[0m
[2;3m- Secci├│n 4: tokens espec├¡ficos incluyendo color.bg.hero, color.accent.orange, etc[0m
[2;3m.[0m
[2;3m- Secci├│n 11: mapeo PySide6 con QMainWindow, QHBoxLayout, etc.[0m
[2;3m- Secci├│n 13: estados visuales obligatorios (10 listados).[0m
[2;3m- Secci├│n 14: entregables exactos.[0m
[2;3m[0m
[2;3mDebo crear tambi├®n un script de verificaci├│n reproducible para BLACKFORGE que val[0m
[2;3mide estos entregables, para cumplir con el principio de "checkpoints verificables[0m
[2;3m" del protocolo de autoregen. Eso es buena pr├íctica y me permitir├í verificar con un[0m
[2;3m gate real.[0m
[2;3m[0m
[2;3mTambi├®n debo actualizar HANDOFF.md y session_handoff.json a medida que avanzo. Dado que[0m
[2;3m es una sesi├│n nueva (generaci├│n 1), empiezo desde el primer paso.[0m
[2;3m[0m
[2;3mLa imagen de referencia: `C:\Users\KLSX\Downloads\f0b7725d-d3cd-4cb6-a074-be6bd900[0m
[2;3m3eb3.png`. No puedo leerla necesariamente, pero la tarea me pide conservar paleta negro[0m
[2;3m+naranja, look agresivo industrial-premium, imagen de fondo de la criba. Debo dise[0m
[2;3m├▒ar los tokens bas├índome en la descripci├│n. No necesito cargar la imagen para el contrato[0m
[2;3m visual (la tarea dice "reutilizar su lenguaje visual y su hero image"). El hero image se[0m
[2;3m referencia por path. Voy a referenciarlo en el contrato como `HERO_IMAGE_PATH`.[0m
[2;3m[0m
[2;3mD├®jame verificar si la imagen existe.[0m
[2;3m[0m
[2;3mD├®jame planificar el trabajo con todo. Voy a crear un todo list y empezar.[0m
[2;3m[0m
[2;3mEnfoque:[0m
[2;3m- Generaci├│n 1, paso 1: leer tarea (hecho). [0m
[2;3m- Paso 2: crear los 4 docs + theme JSON.[0m
[2;3m- Paso 3: crear script de verificaci├│n gate para Blackforge.[0m
[2;3m- Paso 4: ejecutar gate, verificar PASS.[0m
[2;3m- Paso 5: completar con project_completed.json o handoff.[0m
[2;3m[0m
[2;3mDado que esto es la tarea completa de la fase (contrato visual), si logro crear todos[0m
[2;3m los entregables y pasan el gate, debo escribir project_completed.json y terminar con[0m
[2;3m PROJECT_COMPLETED.[0m
[2;3m[0m
[2;3mPero cuidado: el protocolo dice "No termines con un resumen ambiguo" y al final de[0m
[2;3mbo hacer A) o B). Si la tarea completa est├í terminada y verificada ÔåÆ A) PROJECT_COMPLET[0m
[2;3mED. La tarea es fijar el contrato visual (no implementar la GUI). Eso es exactamente[0m
[2;3m lo que los 4 docs + theme JSON cubren. As├¡ que si verifico que cumplen los requis[0m
[2;3mitos de la secci├│n 14, puedo declarar PROJECT_COMPLETED.[0m
[2;3m[0m
[2;3mPero espera ÔÇö debo ser cuidadoso. El gate debe ser reproducible y real. Voy a escribir[0m
[2;3m `scripts/verify_blackforge_contract.py` que valide exactamente los requisitos de[0m
[2;3m la tarea:[0m
[2;3m- S4 tokens (lista espec├¡fica de la secci├│n 4, incluyendo color.bg.hero, color.accent[0m
[2;3m.orange, etc.)[0m
[2;3m- S6 estructura de 8 zonas (A-H).[0m
[2;3m- S7 navegaci├│n 8 items (Resumen, Reconocimiento, Vectores, Simulaci├│n, Contramed[0m
[2;3midas, Laboratorio, Historial, Volver a CRIBA).[0m
[2;3m- S11 mapeo PySide6 (QMainWindow, QHBoxLayout, QVBoxLayout, QFrame, QScrollArea, QPushButton[0m
[2;3m, QStackedWidget, QTableView/QTableWidget, footerStrip, etc.)[0m
[2;3m- S13 estados (10 listados).[0m
[2;3m- Archivos requeridos existen y no vac├¡os.[0m
[2;3m- Theme JSON v├ílido y tokens cross-check.[0m
[2;3m[0m
[2;3mEsto es an├ílogo al script de CRIBA. Buena idea: reutilizar la estructura.[0m
[2;3m[0m
[2;3mEstados obligatorios (secci├│n 13):[0m
[2;3m- modo resumen[0m
[2;3m- sin sesi├│n activa[0m
[2;3m- sesi├│n operativa[0m
[2;3m- simulaci├│n ejecut├índose[0m
[2;3m- laboratorio listo[0m
[2;3m- revisi├│n manual requerida[0m
[2;3m- autorizaci├│n faltante[0m
[2;3m- sandbox no disponible[0m
[2;3m- sin alertas[0m
[2;3m- alerta cr├¡tica[0m
[2;3m- vuelta a CRIBA[0m
[2;3m[0m
[2;3mSon 11 estados. Los cubro.[0m
[2;3m[0m
[2;3mTokens secci├│n 4:[0m
[2;3m- color.bg.app, color.bg.panel, color.bg.hero, color.bg.card, color.bg.card.hover[0m
[2;3m- color.border.soft, color.border.active[0m
[2;3m- color.text.primary, color.text.secondary, color.text.muted[0m
[2;3m- color.accent.orange, color.accent.orange.dim, color.accent.orange.glow[0m
[2;3m- color.success, color.warning, color.error[0m
[2;3m- color.chart.orange, color.chart.neutral, color.chart.green, color.chart.red[0m
[2;3m[0m
[2;3mM├ís radios, spacing, sombras, glow naranja, tipograf├¡a, tama├▒os de icono.[0m
[2;3m[0m
[2;3mPaleta negro+naranja. Defino:[0m
[2;3m- bg.app: #0A0A0B (negro profundo)[0m
[2;3m- bg.panel: #121214 (gris carb├│n)[0m
[2;3m- bg.hero: #1A1208 (con tinte naranja oscuro para el hero) ÔÇö o podr├¡a ser una imagen[0m
[2;3m. El hero tiene imagen de fondo. El token bg.hero ser├¡a un color de respaldo detr├ís de[0m
[2;3m la imagen. Uso #140D06.[0m
[2;3m- bg.card: #18181B[0m
[2;3m- bg.card.hover: #221F1A[0m
[2;3m- border.soft: #2A2A2E[0m
[2;3m- border.active: #FF7A18 (naranja)[0m
[2;3m- text.primary: #F5F3EF[0m
[2;3m- text.secondary: #B8B2A8[0m
[2;3m- text.muted: #7A736B[0m
[2;3m- accent.orange: #FF7A18[0m
[2;3m- accent.orange.dim: #C9580E[0m
[2;3m- accent.orange.glow: #FF9A4D[0m
[2;3m- success: #3FB950 (verde puntual)[0m
[2;3m- warning: #F5A623 (├ímbar)[0m
[2;3m- error: #EF4444 (rojo)[0m
[2;3m- chart.orange: #FF7A18[0m
[2;3m- chart.neutral: #6E6A63[0m
[2;3m- chart.green: #3FB950[0m
[2;3m- chart.red: #EF4444[0m
[2;3m[0m
[2;3mGlow naranja: blur 14, color rgba(255,122,24,0.30).[0m
[2;3m[0m
[2;3mDegradados: [0m
[2;3m- grad.brand: naranja #FF7A18 ÔåÆ #FF9A4D (logo Blackforge)[0m
[2;3m- grad.cta: #FF7A18 ÔåÆ #C9580E (botones primarios)[0m
[2;3m- (no blackforge para Blackforge, ya es el tema)[0m
[2;3m[0m
[2;3mMantengo la familia tipogr├ífica Inter igual que CRIBA para coherencia de "misma familia[0m
[2;3m de calidad visual".[0m
[2;3m[0m
[2;3mEstructura de pantalla BLACKFORGE (secci├│n 6):[0m
[2;3mA. Sidebar izquierdo (logo CRIBA/BLACKFORGE combinado, navegaci├│n, marca BF inferior[0m
[2;3m)[0m
[2;3mB. Top bar (modo actual, fecha/hora, notificaci├│n, estado sesi├│n, estado sandbox/[0m
[2;3mautorizaci├│n)[0m
[2;3mC. Hero central (gran panel con imagen de la criba, overlays de Blackforge)[0m
[2;3mD. Panel derecho superior (m├®trica principal / estado de campa├▒a/lote/sesi├│n)[0m
[2;3mE. Panel derecho medio (composici├│n, cobertura, distribuci├│n de vectores/categor├¡as)[0m
[2;3mF. Panel derecho inferior (alertas, guardrails, estado de control)[0m
[2;3mG. Panel inferior central (m├│dulos principales / acciones r├ípidas)[0m
[2;3mH. Footer strip (identificadores, sandbox, sesi├│n, perfil, riesgo, actualizaci├│n)[0m
[2;3m[0m
[2;3mNavegaci├│n 8 items: Resumen, Reconocimiento, Vectores, Simulaci├│n, Contramedidas, Labor[0m
[2;3matorio, Historial, Volver a CRIBA.[0m
[2;3m[0m
[2;3mBloques funcionales (secci├│n 9):[0m
[2;3m9.1 Estado de la sesi├│n Blackforge[0m
[2;3m9.2 M├®trica principal[0m
[2;3m9.3 Distribuci├│n/composici├│n[0m
[2;3m9.4 Alertas/guardrails[0m
[2;3m9.5 M├│dulos principales (Reconocimiento, Vectores, Simulaci├│n, Contramedidas, Labor[0m
[2;3matorio)[0m
[2;3m9.6 Footer t├®cnico[0m
[2;3m[0m
[2;3mMapeo a PySide6 (secci├│n 11):[0m
[2;3m- QMainWindow[0m
[2;3m- QWidget central[0m
[2;3m- QHBoxLayout / QVBoxLayout[0m
[2;3m- Sidebar QFrame[0m
[2;3m- Hero panel QFrame con QLabel/QPixmap[0m
[2;3m- Cards reutilizables[0m
[2;3m- QScrollArea[0m
[2;3m- botones de navegaci├│n[0m
[2;3m- peque├▒os charts[0m
[2;3m- summary cards[0m
[2;3m- badges de estado[0m
[2;3m- footer t├®cnico[0m
[2;3m- stacked pages internas[0m
[2;3m[0m
[2;3mResoluciones: 1360x768, 1680x1050. Sin scroll horizontal.[0m
[2;3m[0m
[2;3mAhora, debo escribir 4 docs detallados + theme JSON. Luego el script de verificaci├│n.[0m
[2;3m Luego ejecutar.[0m
[2;3m[0m
[2;3mVoy a ser sistem├ítico y escribir los archivos. Son largos pero necesarios. D├®jame[0m
[2;3m empezar.[0m
[2;3m[0m
[2;3mPrimero, verifico si la imagen de referencia existe para citar su path correcto en el[0m
[2;3m contrato.[0m
[2;3m[0m
[2;3mD├®jame crear el todo y empezar a escribir. Voy a hacer un batch: verificar imagen +[0m
[2;3m crear directorio docs (ya existe). En realidad docs ya existe. data ya existe. Solo[0m
[2;3m verifico la imagen.[0m
[2;3m[0m
[2;3mEn paralelo puedo crear los archivos. Pero el theme JSON lo necesito consistente con[0m
[2;3m los docs. Lo pienso y escribo.[0m
[2;3m[0m
[2;3mD├®jame verificar la imagen primero y luego escribir todo.[0m
[2;3m[0m
[2;3mEn realidad puedo escribir todo de una vez porque ya tengo los valores definidos. Voy[0m
[2;3m a escribir:[0m
[2;3m1. data/theme_blackforge.json[0m
[2;3m2. docs/UI_CONTRACT_BLACKFORGE.md[0m
[2;3m3. docs/STYLE_GUIDE_BLACKFORGE.md[0m
[2;3m4. docs/WIDGET_TREE_BLACKFORGE.md[0m
[2;3m5. docs/STATE_MATRIX_BLACKFORGE.md[0m
[2;3m6. scripts/verify_blackforge_contract.py[0m
[2;3m[0m
[2;3mLuego ejecuto el gate.[0m
[2;3m[0m
[2;3mVoy a escribir el theme JSON primero. D├®jame definir todos los tokens incluyendo layout[0m
[2;3m.[0m
[2;3m[0m
[2;3mPara layout, mantengo dimensiones compatibles con CRIBA para que sea "hermano": sidebar [0m
[2;3m232, topbar 72, footer 36, right column 340, etc. El hero central dominante.[0m
[2;3m[0m
[2;3mVoy a definir el JSON.[0m
[2;3mÔööÔöÇÔöÇÔöÇÔöÇÔöÇÔöÇÔöÇÔöÇÔöÇÔöÇÔöÇÔöÇÔöÇÔöÇÔöÇÔöÇÔöÇÔöÇÔöÇÔöÇÔöÇÔöÇÔöÇÔöÇÔöÇÔöÇÔöÇÔöÇÔöÇÔöÇÔöÇÔöÇÔöÇÔöÇÔöÇÔöÇÔöÇÔöÇÔöÇÔöÇÔöÇÔöÇÔöÇÔöÇÔöÇÔöÇÔöÇÔöÇÔöÇÔöÇÔöÇÔöÇÔöÇÔöÇÔöÇÔöÇÔöÇÔöÇÔöÇÔöÇÔöÇÔöÇÔöÇÔöÇÔöÇÔöÇÔöÇÔöÇÔöÇÔöÇÔöÇÔöÇÔöÇÔöÇÔöÇÔöÇÔöÇÔöÇÔöÿ[0m

[1;38;2;255;215;0mÔò¡ÔöÇ ÔÜò Hermes ÔöÇÔöÇÔöÇÔöÇÔöÇÔöÇÔöÇÔöÇÔöÇÔöÇÔöÇÔöÇÔöÇÔöÇÔöÇÔöÇÔöÇÔöÇÔöÇÔöÇÔöÇÔöÇÔöÇÔöÇÔöÇÔöÇÔöÇÔöÇÔöÇÔöÇÔöÇÔöÇÔöÇÔöÇÔöÇÔöÇÔöÇÔöÇÔöÇÔöÇÔöÇÔöÇÔöÇÔöÇÔöÇÔöÇÔöÇÔöÇÔöÇÔöÇÔöÇÔöÇÔöÇÔöÇÔöÇÔöÇÔöÇÔöÇÔöÇÔöÇÔöÇÔöÇÔöÇÔöÇÔöÇÔöÇÔöÇÔò«[0m
    [38;2;255;248;220mTengo todo el contexto necesario. Esta es la fase de contrato visual y estructural de BLACKFORGE (no la GUI final). Debo producir exactamente los 4 docs + theme JSON, siguiendo la misma disciplina normativa que CRIBA, con paleta negro+naranja y conservando la imagen de la criba.[0m
    [38;2;255;248;220m[0m
  Ôöè ­ƒöÄ preparing search_filesÔÇª
    [38;2;255;248;220mVerifico la imagen de referencia y armo el plan de trabajo.[0m
[1;38;2;255;215;0mÔò░ÔöÇÔöÇÔöÇÔöÇÔöÇÔöÇÔöÇÔöÇÔöÇÔöÇÔöÇÔöÇÔöÇÔöÇÔöÇÔöÇÔöÇÔöÇÔöÇÔöÇÔöÇÔöÇÔöÇÔöÇÔöÇÔöÇÔöÇÔöÇÔöÇÔöÇÔöÇÔöÇÔöÇÔöÇÔöÇÔöÇÔöÇÔöÇÔöÇÔöÇÔöÇÔöÇÔöÇÔöÇÔöÇÔöÇÔöÇÔöÇÔöÇÔöÇÔöÇÔöÇÔöÇÔöÇÔöÇÔöÇÔöÇÔöÇÔöÇÔöÇÔöÇÔöÇÔöÇÔöÇÔöÇÔöÇÔöÇÔöÇÔöÇÔöÇÔöÇÔöÇÔöÇÔöÇÔöÇÔöÇÔöÇÔöÇÔò»[0m
  Ôöè ­ƒÆ╗ preparing terminalÔÇª

[1;38;2;255;215;0mÔò¡ÔöÇ ÔÜò Hermes ÔöÇÔöÇÔöÇÔöÇÔöÇÔöÇÔöÇÔöÇÔöÇÔöÇÔöÇÔöÇÔöÇÔöÇÔöÇÔöÇÔöÇÔöÇÔöÇÔöÇÔöÇÔöÇÔöÇÔöÇÔöÇÔöÇÔöÇÔöÇÔöÇÔöÇÔöÇÔöÇÔöÇÔöÇÔöÇÔöÇÔöÇÔöÇÔöÇÔöÇÔöÇÔöÇÔöÇÔöÇÔöÇÔöÇÔöÇÔöÇÔöÇÔöÇÔöÇÔöÇÔöÇÔöÇÔöÇÔöÇÔöÇÔöÇÔöÇÔöÇÔöÇÔöÇÔöÇÔöÇÔöÇÔöÇÔöÇÔò«[0m
    [38;2;255;248;220mReviso la imagen de referencia y la estructura v├¡a bash.[0m
[1;38;2;255;215;0mÔò░ÔöÇÔöÇÔöÇÔöÇÔöÇÔöÇÔöÇÔöÇÔöÇÔöÇÔöÇÔöÇÔöÇÔöÇÔöÇÔöÇÔöÇÔöÇÔöÇÔöÇÔöÇÔöÇÔöÇÔöÇÔöÇÔöÇÔöÇÔöÇÔöÇÔöÇÔöÇÔöÇÔöÇÔöÇÔöÇÔöÇÔöÇÔöÇÔöÇÔöÇÔöÇÔöÇÔöÇÔöÇÔöÇÔöÇÔöÇÔöÇÔöÇÔöÇÔöÇÔöÇÔöÇÔöÇÔöÇÔöÇÔöÇÔöÇÔöÇÔöÇÔöÇÔöÇÔöÇÔöÇÔöÇÔöÇÔöÇÔöÇÔöÇÔöÇÔöÇÔöÇÔöÇÔöÇÔöÇÔöÇÔöÇÔöÇÔò»[0m
  Ôöè ­ƒöÄ preparing search_filesÔÇª
  Ôöè ­ƒÉì preparing execute_codeÔÇª
  Ôöè ­ƒöÄ find      f0b7725d*  0.6s
  Ôöè ­ƒÉì exec      import os  0.2s

[1;38;2;255;215;0mÔò¡ÔöÇ ÔÜò Hermes ÔöÇÔöÇÔöÇÔöÇÔöÇÔöÇÔöÇÔöÇÔöÇÔöÇÔöÇÔöÇÔöÇÔöÇÔöÇÔöÇÔöÇÔöÇÔöÇÔöÇÔöÇÔöÇÔöÇÔöÇÔöÇÔöÇÔöÇÔöÇÔöÇÔöÇÔöÇÔöÇÔöÇÔöÇÔöÇÔöÇÔöÇÔöÇÔöÇÔöÇÔöÇÔöÇÔöÇÔöÇÔöÇÔöÇÔöÇÔöÇÔöÇÔöÇÔöÇÔöÇÔöÇÔöÇÔöÇÔöÇÔöÇÔöÇÔöÇÔöÇÔöÇÔöÇÔöÇÔöÇÔöÇÔöÇÔöÇÔò«[0m
    [38;2;255;248;220mLa imagen de referencia existe. Veo la imagen para anclar el contrato[0m
    [38;2;255;248;220mvisual (paleta negro+naranja, hero de la criba).[0m
[1;38;2;255;215;0mÔò░ÔöÇÔöÇÔöÇÔöÇÔöÇÔöÇÔöÇÔöÇÔöÇÔöÇÔöÇÔöÇÔöÇÔöÇÔöÇÔöÇÔöÇÔöÇÔöÇÔöÇÔöÇÔöÇÔöÇÔöÇÔöÇÔöÇÔöÇÔöÇÔöÇÔöÇÔöÇÔöÇÔöÇÔöÇÔöÇÔöÇÔöÇÔöÇÔöÇÔöÇÔöÇÔöÇÔöÇÔöÇÔöÇÔöÇÔöÇÔöÇÔöÇÔöÇÔöÇÔöÇÔöÇÔöÇÔöÇÔöÇÔöÇÔöÇÔöÇÔöÇÔöÇÔöÇÔöÇÔöÇÔöÇÔöÇÔöÇÔöÇÔöÇÔöÇÔöÇÔöÇÔöÇÔöÇÔöÇÔöÇÔöÇÔöÇÔò»[0m
  Ôöè ­ƒæü´©Å preparing vision_analyzeÔÇª
  Ôöè ­ƒæü´©Å  vision    Describe con precisi├│n la paleta de colores (negros, naranjas, grises), la textura/atm├│sfera, la imagen de fondo (┬┐criba, m├íquina, rejilla, part├¡culas?), el estilo tipogr├ífico y los elementos de UI visibles (paneles, m├®tricas, barras). Necesito extraer tokens visuales para un contrato de dise├▒o hermano (mismo look, distinto contenido).  26.7s

[2;3mÔöîÔöÇ Reasoning ÔöÇÔöÇÔöÇÔöÇÔöÇÔöÇÔöÇÔöÇÔöÇÔöÇÔöÇÔöÇÔöÇÔöÇÔöÇÔöÇÔöÇÔöÇÔöÇÔöÇÔöÇÔöÇÔöÇÔöÇÔöÇÔöÇÔöÇÔöÇÔöÇÔöÇÔöÇÔöÇÔöÇÔöÇÔöÇÔöÇÔöÇÔöÇÔöÇÔöÇÔöÇÔöÇÔöÇÔöÇÔöÇÔöÇÔöÇÔöÇÔöÇÔöÇÔöÇÔöÇÔöÇÔöÇÔöÇÔöÇÔöÇÔöÇÔöÇÔöÇÔöÇÔöÇÔöÇÔöÇÔöÇÔöÇÔöÉ[0m
[2;3mNow I have a clear picture. The reference image is the "CRIBA BLACKFORCE BF-516" industrial[0m
[2;3m dashboard. Key visual tokens:[0m
[2;3m- Black/deep carbon backgrounds (#0F0F0F / #121212)[0m
[2;3m- Panels: dark gray matte (#1E1E1E / #2A2A2A)[0m
[2;3m- Orange accent: vibrant saturated (#FF6B00 / #FF7F00)[0m
[2;3m- Text: white #FFFFFF primary, gray #A0A0A0 secondary[0m
[2;3m- Green neon #00E676 for OK[0m
[2;3m- Hero: 3D render of a vibrating screen machine "CRIBA BLACKFORCE BF-516" with orange[0m
[2;3m chassis, conveyor belt, rocks/dust[0m
[2;3m[0m
[2;3mNow I need to create the BLACKFORGE visual/structural contract. This is a "brother"[0m
[2;3m of CRIBA but differentiated:[0m
[2;3m- Same quality family[0m
[2;3m- Different chromatic signature (black + orange instead of CRIBA's blue/cyan/violet[0m
[2;3m)[0m
[2;3m- Different emotional tone: hard, technical, controlled, exclusive, cybersecurity[0m
[2;3m/devtools[0m
[2;3m[0m
[2;3mNow let me plan. The task says produce EXACTLY these files:[0m
[2;3m1. docs/UI_CONTRACT_BLACKFORGE.md[0m
[2;3m2. docs/STYLE_GUIDE_BLACKFORGE.md[0m
[2;3m3. docs/WIDGET_TREE_BLACKFORGE.md[0m
[2;3m4. docs/STATE_MATRIX_BLACKFORGE.md[0m
[2;3m5. optional: data/theme_blackforge.json[0m
[2;3m[0m
[2;3mI should also create a verification script for BLACKFORGE analogous to verify_ui_contract[0m
[2;3m.py, and run it as the gate. That follows the pattern of the autoregen protocol (ver[0m
[2;3mifiable checkpoints).[0m
[2;3m[0m
[2;3mThe BLACKFORGE structure from the task (section 6):[0m
[2;3m- A. Sidebar izquierdo (logo CRIBA/BLACKFORGE, nav Blackforge, marca BF, identidad fu[0m
[2;3merte)[0m
[2;3m- B. Top bar (modo actual, fecha/hora, notificaci├│n, estado sesi├│n, estado sandbox[0m
[2;3m/autorizaci├│n)[0m
[2;3m- C. Hero central (gran panel visual con imagen de la criba, overlays hablan de Black[0m
[2;3mforge)[0m
[2;3m- D. Panel derecho superior (m├®trica principal o estado de campa├▒a/lote/sesi├│n)[0m
[2;3m- E. Panel derecho medio (composici├│n, cobertura o distribuci├│n de vectores/categor[0m
[2;3m├¡as)[0m
[2;3m- F. Panel derecho inferior (alertas, guardrails o estado de control)[0m
[2;3m- G. Panel inferior central (m├│dulos principales / acciones r├ípidas)[0m
[2;3m- H. Footer strip (identificadores, sandbox, sesi├│n, perfil, riesgo, actualizaci├│n)[0m
[2;3m[0m
[2;3mNavigation (section 7):[0m
[2;3m1. Resumen[0m
[2;3m2. Reconocimiento[0m
[2;3m3. Vectores[0m
[2;3m4. Simulaci├│n[0m
[2;3m5. Contramedidas[0m
[2;3m6. Laboratorio[0m
[2;3m7. Historial[0m
[2;3m8. Volver a CRIBA[0m
[2;3m[0m
[2;3mEach entry: icon, name, implicit description, normal/hover/active/disabled states[0m
[2;3m.[0m
[2;3m[0m
[2;3mHero reinterpretation (section 8): keep criba image but reinterpret overlays as: labor[0m
[2;3matorio activo, sistema operativo de an├ílisis, motor Blackforge en ejecuci├│n, pipeline[0m
[2;3m t├®cnico, estado de forja, superficie de ataque simulada, entorno de experimentaci├│n[0m
[2;3m, control de sandbox, sesi├│n en curso.[0m
[2;3m[0m
[2;3mFunctional blocks (section 9):[0m
[2;3m9.1 Session status of Blackforge: operativa / en an├ílisis / en simulaci├│n / en sandbox /[0m
[2;3m revisi├│n requerida[0m
[2;3m9.2 Main metric: ideas t├®cnicas activas, candidatos v├ílidos, coverage de simulaci├│n[0m
[2;3m, score medio, distinctness causal, readiness de laboratorio[0m
[2;3m9.3 Distribution/composition: threat surface, familias t├®cnicas, mix ofensivo/def[0m
[2;3mensivo, cobertura por tipo de vector, distribuci├│n de ideas por categor├¡a[0m
[2;3m9.4 Alerts/guardrails: sin alarmas, revisi├│n manual requerida, autorizaci├│n requerida[0m
[2;3m, sandbox obligatorio, riesgo alto[0m
[2;3m9.5 Main modules: Reconocimiento, Vectores, Simulaci├│n, Contramedidas, Laboratorio[0m
[2;3m[0m
[2;3m9.6 Footer t├®cnico: modelo activo, id de sesi├│n, perfil, sandbox, riesgo, ├║ltima actual[0m
[2;3mizaci├│n, fuentes/estado[0m
[2;3m[0m
[2;3mContent rules (section 10): sandbox status, guardrails, threat surface, simulated[0m
[2;3m vectors, countermeasure candidates, causal distinctness, experiment readiness, authorization[0m
[2;3m required, review queue, lab notes, innovation clusters. NO malware operativo, acc[0m
[2;3miones ilegales, instrucciones de explotaci├│n real, targets externos reales, operaci├│n[0m
[2;3m ofensiva no autorizada.[0m
[2;3m[0m
[2;3mMapping to PySide6 (section 11): QMainWindow, QWidget central, QHBoxLayout/QVBoxLayout[0m
[2;3m, Sidebar QFrame, Hero panel QFrame with QLabel/QPixmap, reusable Cards, QScrollArea,[0m
[2;3m nav buttons, small charts/placeholder charts, summary cards, status badges, footer t├®[0m
[2;3mcnico, stacked pages internas por secci├│n.[0m
[2;3m[0m
[2;3mResolutions (section 12): 1360x768, 1680x1050. No horizontal scroll, hero central domin[0m
[2;3mante, sidebar fijo, panel derecho proporcional, tarjetas inferiores alineadas, footer leg[0m
[2;3mible.[0m
[2;3m[0m
[2;3mRequired visual states (section 13): modo resumen, sin sesi├│n activa, sesi├│n oper[0m
[2;3mativa, simulaci├│n ejecut├índose, laboratorio listo, revisi├│n manual requerida, autor[0m
[2;3mizaci├│n faltante, sandbox no disponible, sin alertas, alerta cr├¡tica, vuelta a CRIBA[0m
[2;3m. For each: qu├® cambia, qu├® bloques se resaltan, qu├® botones se deshabilitan, qu├® mens[0m
[2;3majes se muestran.[0m
[2;3m[0m
[2;3mTokens (section 4): [0m
[2;3m- color.bg.app, color.bg.panel, color.bg.hero, color.bg.card, color.bg.card.hover[0m
[2;3m- color.border.soft, color.border.active[0m
[2;3m- color.text.primary, color.text.secondary, color.text.muted[0m
[2;3m- color.accent.orange, color.accent.orange.dim, color.accent.orange.glow[0m
[2;3m- color.success, color.warning, color.error[0m
[2;3m- color.chart.orange, color.chart.neutral, color.chart.green, color.chart.red[0m
[2;3mPlus: radios, spacing, sombras, glow naranja, tipograf├¡a, tama├▒os de icono.[0m
[2;3m[0m
[2;3mNow I need to design the BLACKFORGE palette. Black + orange. Let me define:[0m
[2;3m- bg.app: #0B0B0D (near black, slight warm tint maybe #0A0907)[0m
[2;3m- bg.panel: #141414 / #161412[0m
[2;3m- bg.hero: the image area, but overlay dark[0m
[2;3m- bg.card: #1C1C1E / #1E1B18[0m
[2;3m- bg.card.hover: #262421[0m
[2;3m- border.soft: #2E2A26 / #33302B[0m
[2;3m- border.active: orange #FF7A00[0m
[2;3m- text.primary: #F5F3EF / #F2EDE6[0m
[2;3m- text.secondary: #B8B2A8[0m
[2;3m- text.muted: #6E6A63[0m
[2;3m- accent.orange: #FF7A1A (vibrant)[0m
[2;3m- accent.orange.dim: #C25E12 / #A85410[0m
[2;3m- accent.orange.glow: rgba(255,122,26,0.30)[0m
[2;3m- success: #34D399 / #2BD47B (green)[0m
[2;3m- warning: #F5A623 / #F59E0B[0m
[2;3m- error: #FF4D4D / #EF4444 (slightly warmer red to fit)[0m
[2;3m- chart.orange: #FF7A1A[0m
[2;3m- chart.neutral: #5A554E[0m
[2;3m- chart.green: #34D399[0m
[2;3m- chart.red: #FF4D4D[0m
[2;3m[0m
[2;3mI should derate from the literal industrial values to fit "industrial in visual force[0m
[2;3m, but cybersecurity/devtools in function". Keep the orange #FF6B00/#FF7A00 family[0m
[2;3m.[0m
[2;3m[0m
[2;3mI'll also keep an optional cyan only for secondary details. The task says "azul/cian[0m
[2;3m solo si aparece en detalles secundarios muy concretos, nunca como color dominante[0m
[2;3m." I'll define a very restrained accent.cyan secondary, like #38BDF8 only for "sandbox/[0m
[2;3mautorizaci├│n" secondary details. Actually I'll keep it minimal ÔÇö define it as a secondary[0m
[2;3m detail color but document that it's never dominant.[0m
[2;3m[0m
[2;3mNow let me write the 5 files. These should be detailed, normative, consistent with the[0m
[2;3m CRIBA docs structure (so two sessions can implement consistently). They must use[0m
[2;3m the same tokens philosophy. I'll mirror the CRIBA document structure but for Black[0m
[2;3mforge content.[0m
[2;3m[0m
[2;3mLet me also create a verify script `scripts/verify_ui_contract_blackforge.py` analogous[0m
[2;3m to the CRIBA one, covering the required tokens, navigation (8 items), functional[0m
[2;3m blocks (9.1-9.6), widgets (PySide6 mapping incl QMainWindow, QFrame, QLabel/QPix[0m
[2;3mmap for hero, QScrollArea, QStackedWidget, QTableView/QTableWidget, QTabBar, QProgressBar[0m
[2;3m, footer), states (11 states from section 13), and cross-check theme json.[0m
[2;3m[0m
[2;3mThen run the gate. If PASS, write project_completed.json and end with PROJECT_COMP[0m
[2;3mLETED.[0m
[2;3m[0m
[2;3mWait ÔÇö but the task is a "contract" phase. The deliverables are the 4 docs + optional theme[0m
[2;3m. The verification gate in the CRIBA verify script checks the CRIBA deliverables.[0m
[2;3m For Blackforge I create an analogous verification. The auto-regen protocol: I should[0m
[2;3m run the gate and if it passes, the task is "terminada y verificada" ÔåÆ write project[0m
[2;3m_completed.json and end PROJECT_COMPLETED.[0m
[2;3m[0m
[2;3mIs the task fully complete after producing the docs + theme + passing a verify script[0m
[2;3m? Yes ÔÇö the task explicitly says "Produce exactamente estos archivos" and lists them[0m
[2;3m. It's a contract/design phase, not the GUI implementation. So finishing the deliver[0m
[2;3mables + a passing gate = PROJECT_COMPLETED.[0m
[2;3m[0m
[2;3mBut wait, let me reconsider the auto-regen protocol. It says if the entire task is[0m
[2;3m done and verified ÔåÆ write project_completed.json and PROJECT_COMPLETED. The task is[0m
[2;3m to produce these docs as the contract. So yes.[0m
[2;3m[0m
[2;3mHowever, I should be careful: the autoregen is about context regeneration between[0m
[2;3m sessions. Since this is "primera sesi├│n, generaci├│n 1", I just start and do the work.[0m
[2;3m If I finish, write project_completed.json. If I need clean context mid-way, do the hand[0m
[2;3moff dance. Given the scope (5 files + verify script), I can likely do it in one session.[0m
[2;3m Let me proceed.[0m
[2;3m[0m
[2;3mLet me set up a todo list and write the files. I'll write:[0m
[2;3m1. data/theme_blackforge.json (tokens, source of truth)[0m
[2;3m2. docs/STYLE_GUIDE_BLACKFORGE.md[0m
[2;3m3. docs/UI_CONTRACT_BLACKFORGE.md[0m
[2;3m4. docs/WIDGET_TREE_BLACKFORGE.md[0m
[2;3m5. docs/STATE_MATRIX_BLACKFORGE.md[0m
[2;3m6. scripts/verify_ui_contract_blackforge.py[0m
[2;3m[0m
[2;3mThen run the gate.[0m
[2;3m[0m
[2;3mLet me create the todo list first, then write files. I can write multiple files in parallel[0m
[2;3m since they're independent.[0m
[2;3m[0m
[2;3mLet me design the tokens carefully and consistently across all files. Let me make[0m
[2;3m the theme_blackforge.json comprehensive.[0m
[2;3m[0m
[2;3mLet me think about the hero image reference. The task references C:\Users\KLSX\Downloads[0m
[2;3m\f0b7725d...png. In the contract, the hero panel uses that image as the iconic element[0m
[2;3m. In the JSON I'll reference it via a relative/absolute path token. Since the contract[0m
[2;3m is about fixing the visual structure, I'll specify the hero image path as a token[0m
[2;3m `asset.hero_image` pointing to the user's Downloads path (or a copy in the repo's[0m
[2;3m assets). Better: document that the hero image asset is the user-provided criba render[0m
[2;3m and should be placed at `data/assets/blackforge_hero.png` (copied from the reference[0m
[2;3m). I'll note that in the contract but not necessarily copy it (I could copy it to data[0m
[2;3m/assets to make it self-contained). Let me copy the reference image into E:\PROYECT[0m
[2;3mS\CRIBA\data\assets\blackforge_hero.png so the contract is reproducible. That's a reasonable[0m
[2;3m artifact for a "contrato visual" phase ÔÇö we need the hero asset. Actually the task says[0m
[2;3m "NO IMPLEMENTAR TODAV├ìA LA GUI FINAL, SOLO FIJAR EL CONTRATO VISUAL Y ESTRUCTURAL[0m
[2;3m". Copying the reference image as an asset anchor is fine and helps the contract be[0m
[2;3m concrete. But should I modify outside approved dir? The approved dir is E:\PROYECTS[0m
[2;3m\CRIBA. data/assets is inside it. That's fine.[0m
[2;3m[0m
[2;3mLet me copy the image. I'll use execute_code to copy.[0m
[2;3m[0m
[2;3mActually, let me be careful about "no crear artefactos no pedidos" from the memory:[0m
[2;3m "no crear carpetas/archivos fuera del dir aprobado (Aplicaciones) ni artefactos no[0m
[2;3m pedidos". The dir aprobado here is E:\PROYECTS\CRIBA (the task workspace). So inside[0m
[2;3m CRIBA it's fine. The hero image copy supports the contract (it IS requested implicitly[0m
[2;3m ÔÇö "la imagen de fondo de la criba" must be preserved as the iconic element). I'll[0m
[2;3m copy it to data/assets to anchor it. That's justified and not "garbage".[0m
[2;3m[0m
[2;3mLet me proceed. First copy image, then write files.[0m
[2;3m[0m
[2;3mLet me set todos.[0m
[2;3m[0m
[2;3mNow let me write the theme JSON. I'll mirror structure of theme_criba.json but with[0m
[2;3m blackforge tokens.[0m
[2;3m[0m
[2;3mRequired tokens from task section 4:[0m
[2;3mcolor.bg.app, color.bg.panel, color.bg.hero, color.bg.card, color.bg.card.hover, color.border[0m
[2;3m.soft, color.border.active, color.text.primary, color.text.secondary, color.text.m[0m
[2;3muted, color.accent.orange, color.accent.orange.dim, color.accent.orange.glow, color[0m
[2;3m.success, color.warning, color.error, color.chart.orange, color.chart.neutral, color.chart[0m
[2;3m.green, color.chart.red.[0m
[2;3m[0m
[2;3mPlus radius (sm/md/lg/xl), spacing (4/8/12/16/20/24/32), shadow (sm/md/glow_1|2 or[0m
[2;3m glow), typography (display/h1/h2/h3/body/caption), icon (sm/md/lg).[0m
[2;3m[0m
[2;3mLet me define values.[0m
[2;3m[0m
[2;3mcolor:[0m
[2;3m  bg:[0m
[2;3m    app: #0A0908  (near-black warm)[0m
[2;3m    panel: #141210[0m
[2;3m    hero: #0D0B09 (overlay base; hero uses image + scrim)[0m
[2;3m    card: #1C1916[0m
[2;3m    card_hover: #262220[0m
[2;3m    inset: #100E0C[0m
[2;3m  border:[0m
[2;3m    soft: #2E2A25[0m
[2;3m    active: #FF7A1A[0m
[2;3m  text:[0m
[2;3m    primary: #F4EFE7[0m
[2;3m    secondary: #B6AEA2[0m
[2;3m    muted: #6F685E[0m
[2;3m  accent:[0m
[2;3m    orange: #FF7A1A[0m
[2;3m    orange_dim: #C25C12[0m
[2;3m    orange_glow: rgba(255,122,26,0.30)[0m
[2;3m    cyan_secondary: #38BDF8  (only for sandbox/authorization secondary details, never dominant[0m
[2;3m)[0m
[2;3m  success: #2BD47B[0m
[2;3m  warning: #F5A623[0m
[2;3m  error: #FF4D4D[0m
[2;3m  chart:[0m
[2;3m    orange: #FF7A1A[0m
[2;3m    neutral: #5A534A[0m
[2;3m    green: #2BD47B[0m
[2;3m    red: #FF4D4D[0m
[2;3m[0m
[2;3mgradient:[0m
[2;3m  brand: ["#FF7A1A", "#FFB066"]  (orange logo/hero)[0m
[2;3m  cta: ["#FF7A1A", "#C25C12"]  (primary buttons)[0m
[2;3m  forge: ["#FF7A1A", "#FF4D4D"]  (alert/critical accent)[0m
[2;3m[0m
[2;3mradius sm 6, md 10, lg 14, xl 20[0m
[2;3mspacing 4/8/12/16/20/24/32[0m
[2;3mshadow sm "0 1px 3px rgba(0,0,0,0.5)", md "0 4px 16px rgba(0,0,0,0.6)", glow_1 blur[0m
[2;3m 12 color rgba(255,122,26,0.30), glow_2 blur 24 color rgba(255,77,77,0.38) (critical[0m
[2;3m) ÔÇö actually for blackforge the only max-glow element... task says hero is dominant[0m
[2;3m. I'll define glow levels: glow_1 orange subtle (active/hover), glow_2 orange strong[0m
[2;3m (hero/active forge) ÔÇö but keep 2 levels max. Let me define glow_1 (elemento activ[0m
[2;3mo/hover) and glow_2 (hero/resaltado principal). The CRIBA one reserved glow_2 for[0m
[2;3m the gauge only. For Blackforge, the hero is the dominant element, so glow_2 = hero.[0m
[2;3m I'll document that.[0m
[2;3m[0m
[2;3mtypography same as CRIBA (Inter family, sizes). Keep consistent.[0m
[2;3m[0m
[2;3micon sm 16, md 20, lg 28.[0m
[2;3m[0m
[2;3mlayout: sidebar 232 (min 208), topbar 72, right col 340 (min 300), footer 36, gut[0m
[2;3mter 16, outer margin 20, nav_button 54, table_row 44. Plus hero height maybe. resolutions[0m
[2;3m 1360x768, 1680x1050.[0m
[2;3m[0m
[2;3mAlso asset.hero_image path.[0m
[2;3m[0m
[2;3mNow the docs. Let me write them carefully and consistently. They'll be long but that's[0m
[2;3m expected for a normative contract.[0m
[2;3m[0m
[2;3mLet me start writing. I'll batch the writes. But write_file is one file per call. I[0m
[2;3m can issue multiple write_file calls in one turn (parallel). Let me do that. But the[0m
[2;3m content is large; I'll write them sequentially to keep clarity, but I can parallel[0m
[2;3mize independent writes. Let me write theme json + copy image first, then the 4 docs[0m
[2;3m, then verify script.[0m
[2;3m[0m
[2;3mActually I can issue several write_file calls in a single assistant turn (they're[0m
[2;3m independent). Let me do theme json, style guide, ui contract, widget tree, state[0m
[2;3m matrix, verify script ÔÇö but these are big. To be safe and avoid one giant turn, I[0m
[2;3m'll group: first turn write theme json + copy image. Second turn write the 4 docs.[0m
[2;3m Third turn write verify script + run. But the instructions say batch independent calls[0m
[2;3m. Writing 5 large files in one turn is fine technically. However, for readability[0m
[2;3m and to manage, I'll do theme first (since docs reference it), then docs, then verify.[0m
[2;3m Let me just go.[0m
[2;3m[0m
[2;3mLet me create the todo list.[0m
[2;3m[0m
[2;3mActually, let me just proceed efficiently. I'll set up todos, copy image, write theme[0m
[2;3m json, then write the 4 docs in one parallel batch, then write verify script and run[0m
[2;3m gate.[0m
[2;3m[0m
[2;3mLet me write everything now. I'll be thorough.[0m
[2;3m[0m
[2;3mFor STYLE_GUIDE_BLACKFORGE, mirror CRIBA's structure: palette tokens, radius/spacing/sh[0m
[2;3madow/icon, typography, componentes can├│nicos, reglas de composici├│n, no permitido.[0m
[2;3m Replace blue/cyan/violet with orange. [0m
[2;3m[0m
[2;3mFor UI_CONTRACT: visi├│n, macro structure (8 zones A-H), sidebar, top bar, hero, right[0m
[2;3m panels D/E/F, bottom central G, footer H, navigation 8 items with states, responsive.[0m
[2;3m Note relationship with CRIBA.[0m
[2;3m[0m
[2;3mFor WIDGET_TREE: full widget tree with objectNames, custom widgets, layout behavior[0m
[2;3m, future files. Map hero as QLabel#heroImage with QPixmap + scrim QLabel. QStacked[0m
[2;3mWidget for internal sections.[0m
[2;3m[0m
[2;3mFor STATE_MATRIX: the 11 states from section 13, each defining changes/blocked buttons[0m
[2;3m/messages. Plus matrix summary.[0m
[2;3m[0m
[2;3mFor verify script: analogous checks.[0m
[2;3m[0m
[2;3mLet me write. I'll keep them detailed but not absurdly long. Let me produce solid[0m
[2;3m documents.[0m
[2;3m[0m
[2;3mOne more consideration: consistency between docs and theme json is cross-checked by the[0m
[2;3m verify script. So I must ensure the hex values in STYLE_GUIDE match theme json exactly.[0m
[2;3m I'll keep a canonical list.[0m
[2;3m[0m
[2;3mCross-check tokens for Blackforge verify (I'll define in script):[0m
[2;3m- color.bg.app: #0A0908[0m
[2;3m- color.bg.panel: #141210[0m
[2;3m- color.accent.orange: #FF7A1A[0m
[2;3m- color.chart.orange: #FF7A1A[0m
[2;3m- color.success: #2BD47B[0m
[2;3m- color.error: #FF4D4D[0m
[2;3m[0m
[2;3mRequired theme tokens (must all be present):[0m
[2;3mcolor.bg.app, color.bg.panel, color.bg.hero, color.bg.card, color.bg.card.hover, color[0m
[2;3m.border.soft, color.border.active, color.text.primary, color.text.secondary, color.text[0m
[2;3m.muted, color.accent.orange, color.accent.orange.dim, color.accent.orange.glow, color.success[0m
[2;3m, color.warning, color.error, color.chart.orange, color.chart.neutral, color.chart.g[0m
[2;3mreen, color.chart.red, radius.sm..xl, spacing 4..32, shadow.sm, shadow.md, shadow[0m
[2;3m.glow (or glow_1+glow_2), typography display..caption, icon sm/md/lg.[0m
[2;3m[0m
[2;3mRequired navigation (8): Resumen, Reconocimiento, Vectores, Simulaci├│n, Contramedidas[0m
[2;3m, Laboratorio, Historial, Volver a CRIBA.[0m
[2;3m[0m
[2;3mRequired functional blocks (9.1-9.6): I'll check key strings: "ESTADO DE LA SESI├ôN[0m
[2;3m" / "SESION BLACKFORGE", "M├ëTRICA PRINCIPAL", "DISTRIBUCI├ôN", "ALERTAS", "M├ôDULOS[0m
[2;3m PRINCIPALES", "FOOTER". Let me define block names:[0m
[2;3m- "ESTADO DE SESION BLACKFORGE" [0m
[2;3m- "METRICA PRINCIPAL"[0m
[2;3m- "DISTRIBUCION" / "COMPOSICION"[0m
[2;3m- "ALERTAS" / "GUARDRAILS"[0m
[2;3m- "MODULOS PRINCIPALES"[0m
[2;3m- "FOOTER TECNICO"[0m
[2;3mI'll require: "RESUMEN"?, no. Let me require these block headers exactly as I write them[0m
[2;3m:[0m
[2;3m["ESTADO DE LA SESION BLACKFORGE","METRICA PRINCIPAL","DISTRIBUCION","ALERTAS","MOD[0m
[2;3mULOS PRINCIPALES","FOOTER TECNICO"]. But the verify reads UI_CONTRACT text. I must[0m
[2;3m make sure these strings appear. I'll use them.[0m
[2;3m[0m
[2;3mRequired widgets (PySide6 mapping): QMainWindow, QHBoxLayout, QVBoxLayout, QFrame[0m
[2;3m, QScrollArea, QPushButton, QLabel, QPixmap, QTableView (or QTableWidget), QTabBar[0m
[2;3m, QStackedWidget, QProgressBar, footerStrip. Plus "hero" and "sidebar".[0m
[2;3m[0m
[2;3mRequired states (section 13, 11 states): [0m
[2;3m- "MODO RESUMEN"[0m
[2;3m- "SIN SESION ACTIVA"[0m
[2;3m- "SESION OPERATIVA"[0m
[2;3m- "SIMULACION EJECUTANDOSE"[0m
[2;3m- "LABORATORIO LISTO"[0m
[2;3m- "REVISION MANUAL REQUERIDA"[0m
[2;3m- "AUTORIZACION FALTANTE"[0m
[2;3m- "SANDBOX NO DISPONIBLE"[0m
[2;3m- "SIN ALERTAS"[0m
[2;3m- "ALERTA CRITICA"[0m
[2;3m- "VUELTA A CRIBA"[0m
[2;3m[0m
[2;3mThe verify script checks these strings appear in STATE_MATRIX (folded). Good.[0m
[2;3m[0m
[2;3mNow write. Let me do it.[0m
[2;3m[0m
[2;3mI'll write the theme json first.[0m
[2;3mÔööÔöÇÔöÇÔöÇÔöÇÔöÇÔöÇÔöÇÔöÇÔöÇÔöÇÔöÇÔöÇÔöÇÔöÇÔöÇÔöÇÔöÇÔöÇÔöÇÔöÇÔöÇÔöÇÔöÇÔöÇÔöÇÔöÇÔöÇÔöÇÔöÇÔöÇÔöÇÔöÇÔöÇÔöÇÔöÇÔöÇÔöÇÔöÇÔöÇÔöÇÔöÇÔöÇÔöÇÔöÇÔöÇÔöÇÔöÇÔöÇÔöÇÔöÇÔöÇÔöÇÔöÇÔöÇÔöÇÔöÇÔöÇÔöÇÔöÇÔöÇÔöÇÔöÇÔöÇÔöÇÔöÇÔöÇÔöÇÔöÇÔöÇÔöÇÔöÇÔöÇÔöÇÔöÇÔöÇÔöÇÔöÇÔöÇÔöÿ[0m

[1;38;2;255;215;0mÔò¡ÔöÇ ÔÜò Hermes ÔöÇÔöÇÔöÇÔöÇÔöÇÔöÇÔöÇÔöÇÔöÇÔöÇÔöÇÔöÇÔöÇÔöÇÔöÇÔöÇÔöÇÔöÇÔöÇÔöÇÔöÇÔöÇÔöÇÔöÇÔöÇÔöÇÔöÇÔöÇÔöÇÔöÇÔöÇÔöÇÔöÇÔöÇÔöÇÔöÇÔöÇÔöÇÔöÇÔöÇÔöÇÔöÇÔöÇÔöÇÔöÇÔöÇÔöÇÔöÇÔöÇÔöÇÔöÇÔöÇÔöÇÔöÇÔöÇÔöÇÔöÇÔöÇÔöÇÔöÇÔöÇÔöÇÔöÇÔöÇÔöÇÔöÇÔöÇÔò«[0m
    [38;2;255;248;220mContexto completo. La imagen de referencia es el dashboard industrial "CRIBA BLACKFORCE BF-516": fondo negro/carb├│n, naranja vibrante (#FF6B00/#FF7A00), verde ne├│n para OK, hero = render 3D de la criba con chasis naranja. BLACKFORGE debe ser su hermano: misma fuerza visual, pero crom├íticamente negro+naranja (no el azul/cian/violeta de CRIBA) y sem├ínticamente ciberseguridad/devtools.[0m
    [38;2;255;248;220m[0m
    [38;2;255;248;220mDetecto la estructura: docs/, data/, scripts/ existen; hay un patr├│n de verificaci├│n reproducible (verify_ui_contract.py) que debo imitar para este gate. Python 3.11 disponible.[0m
    [38;2;255;248;220m[0m
    [38;2;255;248;220mMonto el plan de trabajo y empiezo a producir los entregables[0m
  Ôöè ­ƒÉì preparing execute_codeÔÇª
    [38;2;255;248;220mobligatorios + el gate reproducible.[0m
[1;38;2;255;215;0mÔò░ÔöÇÔöÇÔöÇÔöÇÔöÇÔöÇÔöÇÔöÇÔöÇÔöÇÔöÇÔöÇÔöÇÔöÇÔöÇÔöÇÔöÇÔöÇÔöÇÔöÇÔöÇÔöÇÔöÇÔöÇÔöÇÔöÇÔöÇÔöÇÔöÇÔöÇÔöÇÔöÇÔöÇÔöÇÔöÇÔöÇÔöÇÔöÇÔöÇÔöÇÔöÇÔöÇÔöÇÔöÇÔöÇÔöÇÔöÇÔöÇÔöÇÔöÇÔöÇÔöÇÔöÇÔöÇÔöÇÔöÇÔöÇÔöÇÔöÇÔöÇÔöÇÔöÇÔöÇÔöÇÔöÇÔöÇÔöÇÔöÇÔöÇÔöÇÔöÇÔöÇÔöÇÔöÇÔöÇÔöÇÔöÇÔöÇÔò»[0m
  Ôöè ­ƒÉì exec      import os, shutil  0.2s

[1;38;2;255;215;0mÔò¡ÔöÇ ÔÜò Hermes ÔöÇÔöÇÔöÇÔöÇÔöÇÔöÇÔöÇÔöÇÔöÇÔöÇÔöÇÔöÇÔöÇÔöÇÔöÇÔöÇÔöÇÔöÇÔöÇÔöÇÔöÇÔöÇÔöÇÔöÇÔöÇÔöÇÔöÇÔöÇÔöÇÔöÇÔöÇÔöÇÔöÇÔöÇÔöÇÔöÇÔöÇÔöÇÔöÇÔöÇÔöÇÔöÇÔöÇÔöÇÔöÇÔöÇÔöÇÔöÇÔöÇÔöÇÔöÇÔöÇÔöÇÔöÇÔöÇÔöÇÔöÇÔöÇÔöÇÔöÇÔöÇÔöÇÔöÇÔöÇÔöÇÔöÇÔöÇÔò«[0m
    [38;2;255;248;220mImagen hero anclada en data/assets/blackforge_hero.png. Ahora creo el[0m
    [38;2;255;248;220mcheckpoint de arranque y produzco los 5 entregables. Empiezo por el theme[0m
    [38;2;255;248;220mJSON (fuente ├║nica de tokens) y el UI_CONTRACT.[0m
[1;38;2;255;215;0mÔò░ÔöÇÔöÇÔöÇÔöÇÔöÇÔöÇÔöÇÔöÇÔöÇÔöÇÔöÇÔöÇÔöÇÔöÇÔöÇÔöÇÔöÇÔöÇÔöÇÔöÇÔöÇÔöÇÔöÇÔöÇÔöÇÔöÇÔöÇÔöÇÔöÇÔöÇÔöÇÔöÇÔöÇÔöÇÔöÇÔöÇÔöÇÔöÇÔöÇÔöÇÔöÇÔöÇÔöÇÔöÇÔöÇÔöÇÔöÇÔöÇÔöÇÔöÇÔöÇÔöÇÔöÇÔöÇÔöÇÔöÇÔöÇÔöÇÔöÇÔöÇÔöÇÔöÇÔöÇÔöÇÔöÇÔöÇÔöÇÔöÇÔöÇÔöÇÔöÇÔöÇÔöÇÔöÇÔöÇÔöÇÔöÇÔöÇÔò»[0m
  Ôöè Ô£ì´©Å preparing write_fileÔÇª
  Ôöè Ô£ì´©Å  write     E:\PROYECTS\CRIBA\data\theme_blackforge.json  1.7s
  Ôöè review diff
[38;2;218;165;32ma/data\theme_blackforge.json ÔåÆ b/data\theme_blackforge.json[0m
[38;2;139;134;130m@@ -0,0 +1,111 @@[0m
[38;2;255;255;255;48;2;19;87;20m+{[0m
[38;2;255;255;255;48;2;19;87;20m+  "$schema_note": "BLACKFORGE visual contract tokens v1.0.0 (2026-07-24). Fuente unica de verdad para colores, radios, espaciado, sombras, tipografia e iconos de BLACKFORGE. Hermanado con CRIBA (theme_criba.json) pero firma cromatica propia: negro carb├│n + naranja intenso. Los docs en docs/*_BLACKFORGE.md explican el uso. Si divergen, manda este JSON.",[0m
[38;2;255;255;255;48;2;19;87;20m+  "version": "1.0.0",[0m
[38;2;255;255;255;48;2;19;87;20m+  "sibling_of": "theme_criba.json",[0m
[38;2;255;255;255;48;2;19;87;20m+  "relationship": "Mismo nivel de calidad visual y sistemas de tokens que CRIBA; distinta firma cromatica (naranja en vez de cian/violeta) y distinto tono emocional (especializacion dura, tecnica, controlada, exclusiva). No rompe CRIBA.",[0m
[38;2;255;255;255;48;2;19;87;20m+  "color": {[0m
[38;2;255;255;255;48;2;19;87;20m+    "bg": {[0m
[38;2;255;255;255;48;2;19;87;20m+      "app": "#0C0A08",[0m
[38;2;255;255;255;48;2;19;87;20m+      "panel": "#15110D",[0m
[38;2;255;255;255;48;2;19;87;20m+      "card": "#1D1712",[0m
[38;2;255;255;255;48;2;19;87;20m+      "card_hover": "#271F17",[0m
[38;2;255;255;255;48;2;19;87;20m+      "hero": "#0A0806",[0m
[38;2;255;255;255;48;2;19;87;20m+      "inset": "#120E0A"[0m
[38;2;255;255;255;48;2;19;87;20m+    },[0m
[38;2;255;255;255;48;2;19;87;20m+    "border": {[0m
[38;2;255;255;255;48;2;19;87;20m+      "soft": "#3A2E22",[0m
[38;2;255;255;255;48;2;19;87;20m+      "active": "#FF7A1A"[0m
[38;2;255;255;255;48;2;19;87;20m+    },[0m
[38;2;255;255;255;48;2;19;87;20m+    "text": {[0m
[38;2;255;255;255;48;2;19;87;20m+      "primary": "#FBF3EA",[0m
[38;2;255;255;255;48;2;19;87;20m+      "secondary": "#C9B8A6",[0m
[38;2;255;255;255;48;2;19;87;20m+      "muted": "#8A7866"[0m
[38;2;255;255;255;48;2;19;87;20m+    },[0m
[38;2;255;255;255;48;2;19;87;20m+    "accent": {[0m
[38;2;255;255;255;48;2;19;87;20m+      "orange": "#FF7A1A",[0m
[38;2;255;255;255;48;2;19;87;20m+      "orange_dim": "#C2410C",[0m
[38;2;255;255;255;48;2;19;87;20m+      "orange_glow": "#FF9A3D"[0m
[38;2;255;255;255;48;2;19;87;20m+    },[0m
[38;2;255;255;255;48;2;19;87;20m+    "success": "#3DDC84",[0m
[38;2;255;255;255;48;2;19;87;20m+    "warning": "#F5A623",[0m
[38;2;255;255;255;48;2;19;87;20m+    "error": "#FF4D4D",[0m
[38;2;255;255;255;48;2;19;87;20m+    "chart": {[0m
[38;2;255;255;255;48;2;19;87;20m+      "orange": "#FF7A1A",[0m
[38;2;255;255;255;48;2;19;87;20m+      "neutral": "#5C4B39",[0m
[38;2;255;255;255;48;2;19;87;20m+      "green": "#3DDC84",[0m
[38;2;255;255;255;48;2;19;87;20m+      "red": "#FF4D4D"[0m
[38;2;255;255;255;48;2;19;87;20m+    }[0m
[38;2;255;255;255;48;2;19;87;20m+  },[0m
[38;2;255;255;255;48;2;19;87;20m+  "gradient": {[0m
[38;2;255;255;255;48;2;19;87;20m+    "brand": ["#FF7A1A", "#FFB15C"],[0m
[38;2;255;255;255;48;2;19;87;20m+    "cta": ["#FF7A1A", "#FF5A1A"],[0m
[38;2;255;255;255;48;2;19;87;20m+    "herald": ["#FF9A3D", "#FFE0B0"][0m
[38;2;255;255;255;48;2;19;87;20m+  },[0m
[38;2;255;255;255;48;2;19;87;20m+  "radius": {[0m
[38;2;255;255;255;48;2;19;87;20m+    "sm": 6,[0m
[38;2;255;255;255;48;2;19;87;20m+    "md": 10,[0m
[38;2;255;255;255;48;2;19;87;20m+    "lg": 14,[0m
[38;2;255;255;255;48;2;19;87;20m+    "xl": 20[0m
[38;2;255;255;255;48;2;19;87;20m+  },[0m
[38;2;255;255;255;48;2;19;87;20m+  "spacing": {[0m
[38;2;255;255;255;48;2;19;87;20m+    "4": 4,[0m
[38;2;255;255;255;48;2;19;87;20m+    "8": 8,[0m
[38;2;255;255;255;48;2;19;87;20m+    "12": 12,[0m
[38;2;255;255;255;48;2;19;87;20m+    "16": 16,[0m
[38;2;255;255;255;48;2;19;87;20m+    "20": 20,[0m
[38;2;255;255;255;48;2;19;87;20m+    "24": 24,[0m
[38;2;255;255;255;48;2;19;87;20m+    "32": 32[0m
[38;2;255;255;255;48;2;19;87;20m+  },[0m
[38;2;255;255;255;48;2;19;87;20m+  "shadow": {[0m
[38;2;255;255;255;48;2;19;87;20m+    "sm": "0 1px 3px rgba(0,0,0,0.55)",[0m
[38;2;255;255;255;48;2;19;87;20m+    "md": "0 4px 16px rgba(0,0,0,0.65)",[0m
[38;2;255;255;255;48;2;19;87;20m+    "glow_1": {[0m
[38;2;255;255;255;48;2;19;87;20m+      "blur": 14,[0m
[38;2;255;255;255;48;2;19;87;20m+      "color": "rgba(255,122,26,0.32)",[0m
[38;2;255;255;255;48;2;19;87;20m+      "note": "elemento activo/hover destacado; via QGraphicsDropShadowEffect"[0m
[38;2;255;255;255;48;2;19;87;20m+    },[0m
[38;2;255;255;255;48;2;19;87;20m+    "glow_2": {[0m
[38;2;255;255;255;48;2;19;87;20m+      "blur": 26,[0m
[38;2;255;255;255;48;2;19;87;20m+      "color": "rgba(255,154,61,0.40)",[0m
[38;2;255;255;255;48;2;19;87;20m+      "note": "SOLO el gauge central 'FORGE_INTEGRITY' / hero activo"[0m
[38;2;255;255;255;48;2;19;87;20m+    }[0m
[38;2;255;255;255;48;2;19;87;20m+  },[0m
[38;2;255;255;255;48;2;19;87;20m+  "typography": {[0m
[38;2;255;255;255;48;2;19;87;20m+    "family": "\"Inter\", \"Segoe UI Variable\", \"Segoe UI\", sans-serif",[0m
[38;2;255;255;255;48;2;19;87;20m+    "display": { "size_px": 28, "weight": 800 },[0m
[38;2;255;255;255;48;2;19;87;20m+    "h1": { "size_px": 22, "weight": 700 },[0m
[38;2;255;255;255;48;2;19;87;20m+    "h2": { "size_px": 17, "weight": 700 },[0m
[38;2;255;255;255;48;2;19;87;20m+    "h3": { "size_px": 14, "weight": 600 },[0m
[38;2;139;134;130mÔÇª omitted 33 diff line(s) across 1 additional file(s)/section(s)[0m

[1;38;2;255;215;0mÔò¡ÔöÇ ÔÜò Hermes ÔöÇÔöÇÔöÇÔöÇÔöÇÔöÇÔöÇÔöÇÔöÇÔöÇÔöÇÔöÇÔöÇÔöÇÔöÇÔöÇÔöÇÔöÇÔöÇÔöÇÔöÇÔöÇÔöÇÔöÇÔöÇÔöÇÔöÇÔöÇÔöÇÔöÇÔöÇÔöÇÔöÇÔöÇÔöÇÔöÇÔöÇÔöÇÔöÇÔöÇÔöÇÔöÇÔöÇÔöÇÔöÇÔöÇÔöÇÔöÇÔöÇÔöÇÔöÇÔöÇÔöÇÔöÇÔöÇÔöÇÔöÇÔöÇÔöÇÔöÇÔöÇÔöÇÔöÇÔöÇÔöÇÔöÇÔöÇÔò«[0m
    [38;2;255;248;220mTheme JSON creado. Ahora el UI_CONTRACT de BLACKFORGE (el documento[0m
    [38;2;255;248;220mnormativo principal).[0m
[1;38;2;255;215;0mÔò░ÔöÇÔöÇÔöÇÔöÇÔöÇÔöÇÔöÇÔöÇÔöÇÔöÇÔöÇÔöÇÔöÇÔöÇÔöÇÔöÇÔöÇÔöÇÔöÇÔöÇÔöÇÔöÇÔöÇÔöÇÔöÇÔöÇÔöÇÔöÇÔöÇÔöÇÔöÇÔöÇÔöÇÔöÇÔöÇÔöÇÔöÇÔöÇÔöÇÔöÇÔöÇÔöÇÔöÇÔöÇÔöÇÔöÇÔöÇÔöÇÔöÇÔöÇÔöÇÔöÇÔöÇÔöÇÔöÇÔöÇÔöÇÔöÇÔöÇÔöÇÔöÇÔöÇÔöÇÔöÇÔöÇÔöÇÔöÇÔöÇÔöÇÔöÇÔöÇÔöÇÔöÇÔöÇÔöÇÔöÇÔöÇÔöÇÔò»[0m
  Ôöè Ô£ì´©Å preparing write_fileÔÇª
  Ôöè Ô£ì´©Å  write     E:\PROYECTS\CRIBA\docs\UI_CONTRACT_BLACKFORGE.md  1.0s
  Ôöè review diff
[38;2;218;165;32ma/docs\UI_CONTRACT_BLACKFORGE.md ÔåÆ b/docs\UI_CONTRACT_BLACKFORGE.md[0m
[38;2;139;134;130m@@ -0,0 +1,268 @@[0m
[38;2;255;255;255;48;2;19;87;20m+# UI_CONTRACT_BLACKFORGE.md[0m
[38;2;255;255;255;48;2;19;87;20m+Contrato visual y estructural de BLACKFORGE ÔÇö M├│dulo especializado de ciberseguridad / hacking / innovaci├│n t├®cnica[0m
[38;2;255;255;255;48;2;19;87;20m+Versi├│n: 1.0.0 ┬À Fecha: 2026-07-24 ┬À Estado: CONTRATO (no implementado a├║n)[0m
[38;2;255;255;255;48;2;19;87;20m+[0m
[38;2;255;255;255;48;2;19;87;20m+Este documento es NORMATIVO. Cualquier implementaci├│n futura de la pantalla[0m
[38;2;255;255;255;48;2;19;87;20m+principal de BLACKFORGE debe cumplirlo sin desviaci├│n relevante. Complementos:[0m
[38;2;255;255;255;48;2;19;87;20m+- STYLE_GUIDE_BLACKFORGE.md  -> tokens y reglas est├®ticas[0m
[38;2;255;255;255;48;2;19;87;20m+- WIDGET_TREE_BLACKFORGE.md  -> mapeo PySide6 exacto[0m
[38;2;255;255;255;48;2;19;87;20m+- STATE_MATRIX_BLACKFORGE.md -> estados visuales[0m
[38;2;255;255;255;48;2;19;87;20m+- ../data/theme_blackforge.json -> tokens machine-readable (fuente ├║nica)[0m
[38;2;255;255;255;48;2;19;87;20m+[0m
[38;2;255;255;255;48;2;19;87;20m+Es hermano de CRIBA (UI_CONTRACT_CRIBA.md) pero con firma crom├ítica propia:[0m
[38;2;255;255;255;48;2;19;87;20m+negro carb├│n + naranja intenso. Mantiene misma calidad visual, distinto tono.[0m
[38;2;255;255;255;48;2;19;87;20m+[0m
[38;2;255;255;255;48;2;19;87;20m+======================================================================[0m
[38;2;255;255;255;48;2;19;87;20m+1. VISI├ôN DE DISE├æO[0m
[38;2;255;255;255;48;2;19;87;20m+======================================================================[0m
[38;2;255;255;255;48;2;19;87;20m+[0m
[38;2;255;255;255;48;2;19;87;20m+BLACKFORGE es el submodo m├ís poderoso y especializado de CRIBA. Debe percibirse[0m
[38;2;255;255;255;48;2;19;87;20m+como:[0m
[38;2;255;255;255;48;2;19;87;20m+* una "forja" de ideas t├®cnicas;[0m
[38;2;255;255;255;48;2;19;87;20m+* un laboratorio de seguridad;[0m
[38;2;255;255;255;48;2;19;87;20m+* una capa de an├ílisis serio;[0m
[38;2;255;255;255;48;2;19;87;20m+* un m├│dulo premium y exclusivo;[0m
[38;2;255;255;255;48;2;19;87;20m+* "entrar en un submodo avanzado" de CRIBA.[0m
[38;2;255;255;255;48;2;19;87;20m+[0m
[38;2;255;255;255;48;2;19;87;20m+Lenguaje visual obligatorio:[0m
[38;2;255;255;255;48;2;19;87;20m+- dark industrial-premium: fondo negro carb├│n con tinte c├ílido (no azul);[0m
[38;2;255;255;255;48;2;19;87;20m+- acento naranja intenso (#FF7A1A) como color de marca y fuego de la forja;[0m
[38;2;255;255;255;48;2;19;87;20m+- glassmorphism oscuro ligero (cards con borde suave + glow naranja sutil);[0m
[38;2;255;255;255;48;2;19;87;20m+- texto blanco c├ílido / gris arena;[0m
[38;2;255;255;255;48;2;19;87;20m+- bordes redondeados coherentes (una sola escala de radios);[0m
[38;2;255;255;255;48;2;19;87;20m+- iconograf├¡a lineal unificada, coherente con CRIBA;[0m
[38;2;255;255;255;48;2;19;87;20m+- m├íximo 2 niveles de glow en toda la pantalla (naranja, no cian);[0m
[38;2;255;255;255;48;2;19;87;20m+- densidad alta pero controlada: mucha informaci├│n, cero desbordamiento;[0m
[38;2;255;255;255;48;2;19;87;20m+- hero central: el render de la criba se conserva como elemento ic├│nico, pero[0m
[38;2;255;255;255;48;2;19;87;20m+  sus overlays hablan de BLACKFORGE (laboratorio, sandbox, superficie de[0m
[38;2;255;255;255;48;2;19;87;20m+  ataque simulada), no de producci├│n fabril.[0m
[38;2;255;255;255;48;2;19;87;20m+[0m
[38;2;255;255;255;48;2;19;87;20m+Prohibido:[0m
[38;2;255;255;255;48;2;19;87;20m+- paleta azul/cian/violeta dominante (eso es CRIBA, no BLACKFORGE);[0m
[38;2;255;255;255;48;2;19;87;20m+- est├®tica industrial literal (SCADA, ERP fabril, panel IoT);[0m
[38;2;255;255;255;48;2;19;87;20m+- look ciberpunk ca├│tico o videojuego;[0m
[38;2;255;255;255;48;2;19;87;20m+- software de mantenimiento gen├®rico;[0m
[38;2;255;255;255;48;2;19;87;20m+- ciberseguridad ofensiva no autorizada / malware operativo / instrucciones de[0m
[38;2;255;255;255;48;2;19;87;20m+  explotaci├│n real / targets externos reales: la interfaz es innovaci├│n,[0m
[38;2;255;255;255;48;2;19;87;20m+  simulaci├│n y an├ílisis controlado (sandbox + guardrails + autorizaci├│n).[0m
[38;2;255;255;255;48;2;19;87;20m+[0m
[38;2;255;255;255;48;2;19;87;20m+======================================================================[0m
[38;2;255;255;255;48;2;19;87;20m+2. ESTRUCTURA MACRO DE LA PANTALLA (8 ZONAS)[0m
[38;2;255;255;255;48;2;19;87;20m+======================================================================[0m
[38;2;255;255;255;48;2;19;87;20m+[0m
[38;2;255;255;255;48;2;19;87;20m++--------------------------------------------------------------------------+[0m
[38;2;255;255;255;48;2;19;87;20m+| A SIDEBAR |  B TOP BAR                                                    |[0m
[38;2;255;255;255;48;2;19;87;20m+| (fijo     |---------------------------------------------------------------|[0m
[38;2;255;255;255;48;2;19;87;20m+|  240 px)  |  C HERO CENTRAL (flexible, dominante) | D PANEL DER. SUP 300px |[0m
[38;2;255;255;255;48;2;19;87;20m+|           |                                     |------------------------|[0m
[38;2;255;255;255;48;2;19;87;20m+|           |                                     | E PANEL DER. MEDIO      |[0m
[38;2;255;255;255;48;2;19;87;20m+|           |---------------------------------------------------------------|[0m
[38;2;255;255;255;48;2;19;87;20m+|           |  G PANEL INFERIOR CENTRAL (m├│dulos/acciones) | F PANEL DER. INF |[0m
[38;2;255;255;255;48;2;19;87;20m+|           |---------------------------------------------------------------|[0m
[38;2;255;255;255;48;2;19;87;20m+|           |  H FOOTER STRIP (alto 36 px)                                   |[0m
[38;2;255;255;255;48;2;19;87;20m++--------------------------------------------------------------------------+[0m
[38;2;255;255;255;48;2;19;87;20m+[0m
[38;2;255;255;255;48;2;19;87;20m+Proporciones y l├¡mites (coherentes con CRIBA, mismo ancho de sidebar/base):[0m
[38;2;255;255;255;48;2;19;87;20m+- A: ancho fijo 240 px (min 216 en 1360x768). Nunca colapsa ni scroll horizontal.[0m
[38;2;255;255;255;48;2;19;87;20m+- B: alto fijo 72 px, ocupa todo el ancho a la derecha del sidebar.[0m
[38;2;255;255;255;48;2;19;87;20m+- C: flexible; contiene el hero dominante + overlays. Scroll vertical propio si hace falta.[0m
[38;2;255;255;255;48;2;19;87;20m+- D/E/F: columna derecha 300-340 px; en 1360x768 se fija a 300. Cada bloque[0m
[38;2;255;255;255;48;2;19;87;20m+  scroll vertical propio (QScrollArea por bloque o columna).[0m
[38;2;255;255;255;48;2;19;87;20m+- G: panel inferior central, alineado bajo el hero, mismo ancho que C.[0m
[38;2;255;255;255;48;2;19;87;20m+- H: alto fijo 36 px, ancho completo bajo C+D+E+F+G.[0m
[38;2;255;255;255;48;2;19;87;20m+- Prohibido scroll horizontal global en cualquier resoluci├│n objetivo.[0m
[38;2;255;255;255;48;2;19;87;20m+[0m
[38;2;255;255;255;48;2;19;87;20m+Grid interno: gutter spacing.16 entre bloques; m├írgenes exteriores[0m
[38;2;255;255;255;48;2;19;87;20m+spacing.20; separaci├│n entre zonas C y D: spacing.20.[0m
[38;2;255;255;255;48;2;19;87;20m+[0m
[38;2;255;255;255;48;2;19;87;20m+======================================================================[0m
[38;2;139;134;130mÔÇª omitted 190 diff line(s) across 1 additional file(s)/section(s)[0m

[1;38;2;255;215;0mÔò¡ÔöÇ ÔÜò Hermes ÔöÇÔöÇÔöÇÔöÇÔöÇÔöÇÔöÇÔöÇÔöÇÔöÇÔöÇÔöÇÔöÇÔöÇÔöÇÔöÇÔöÇÔöÇÔöÇÔöÇÔöÇÔöÇÔöÇÔöÇÔöÇÔöÇÔöÇÔöÇÔöÇÔöÇÔöÇÔöÇÔöÇÔöÇÔöÇÔöÇÔöÇÔöÇÔöÇÔöÇÔöÇÔöÇÔöÇÔöÇÔöÇÔöÇÔöÇÔöÇÔöÇÔöÇÔöÇÔöÇÔöÇÔöÇÔöÇÔöÇÔöÇÔöÇÔöÇÔöÇÔöÇÔöÇÔöÇÔöÇÔöÇÔöÇÔöÇÔò«[0m
    [38;2;255;248;220mUI_CONTRACT listo. Ahora el STYLE_GUIDE de BLACKFORGE.[0m
[1;38;2;255;215;0mÔò░ÔöÇÔöÇÔöÇÔöÇÔöÇÔöÇÔöÇÔöÇÔöÇÔöÇÔöÇÔöÇÔöÇÔöÇÔöÇÔöÇÔöÇÔöÇÔöÇÔöÇÔöÇÔöÇÔöÇÔöÇÔöÇÔöÇÔöÇÔöÇÔöÇÔöÇÔöÇÔöÇÔöÇÔöÇÔöÇÔöÇÔöÇÔöÇÔöÇÔöÇÔöÇÔöÇÔöÇÔöÇÔöÇÔöÇÔöÇÔöÇÔöÇÔöÇÔöÇÔöÇÔöÇÔöÇÔöÇÔöÇÔöÇÔöÇÔöÇÔöÇÔöÇÔöÇÔöÇÔöÇÔöÇÔöÇÔöÇÔöÇÔöÇÔöÇÔöÇÔöÇÔöÇÔöÇÔöÇÔöÇÔöÇÔöÇÔò»[0m
  Ôöè Ô£ì´©Å preparing write_fileÔÇª
  Ôöè Ô£ì´©Å  write     E:\PROYECTS\CRIBA\docs\STYLE_GUIDE_BLACKFORGE.md  1.5s
  Ôöè review diff
[38;2;218;165;32ma/docs\STYLE_GUIDE_BLACKFORGE.md ÔåÆ b/docs\STYLE_GUIDE_BLACKFORGE.md[0m
[38;2;139;134;130m@@ -0,0 +1,209 @@[0m
[38;2;255;255;255;48;2;19;87;20m+# STYLE_GUIDE_BLACKFORGE.md[0m
[38;2;255;255;255;48;2;19;87;20m+Gu├¡a de estilo visual de BLACKFORGE ÔÇö tokens, tipograf├¡a, componentes y QSS[0m
[38;2;255;255;255;48;2;19;87;20m+Versi├│n: 1.0.0 ┬À Fecha: 2026-07-24 ┬À Estado: CONTRATO (no implementado a├║n)[0m
[38;2;255;255;255;48;2;19;87;20m+[0m
[38;2;255;255;255;48;2;19;87;20m+Fuente ├║nica machine-readable: ../data/theme_blackforge.json[0m
[38;2;255;255;255;48;2;19;87;20m+Este documento explica y norma el uso de esos tokens. Si divergen, manda el JSON.[0m
[38;2;255;255;255;48;2;19;87;20m+Hermano de STYLE_GUIDE_CRIBA.md: mismos sistemas, firma cromatica naranja.[0m
[38;2;255;255;255;48;2;19;87;20m+[0m
[38;2;255;255;255;48;2;19;87;20m+======================================================================[0m
[38;2;255;255;255;48;2;19;87;20m+1. PALETA ÔÇö TOKENS DE COLOR[0m
[38;2;255;255;255;48;2;19;87;20m+======================================================================[0m
[38;2;255;255;255;48;2;19;87;20m+[0m
[38;2;255;255;255;48;2;19;87;20m+Fondos[0m
[38;2;255;255;255;48;2;19;87;20m+| Token                | Valor    | Uso |[0m
[38;2;255;255;255;48;2;19;87;20m+|----------------------|----------|-----|[0m
[38;2;255;255;255;48;2;19;87;20m+| color.bg.app         | #0C0A08  | fondo global de la ventana (negro carb├│n c├ílido) |[0m
[38;2;255;255;255;48;2;19;87;20m+| color.bg.panel       | #15110D  | sidebar, top bar, footer strip |[0m
[38;2;255;255;255;48;2;19;87;20m+| color.bg.card        | #1D1712  | cards est├índar |[0m
[38;2;255;255;255;48;2;19;87;20m+| color.bg.card.hover  | #271F17  | hover de cards, filas y botones de nav |[0m
[38;2;255;255;255;48;2;19;87;20m+| color.bg.hero        | #0A0806  | base del hero / pozo de la imagen |[0m
[38;2;255;255;255;48;2;19;87;20m+| color.bg.inset       | #120E0A  | pozos internos: pistas de barras, inputs, code/json |[0m
[38;2;255;255;255;48;2;19;87;20m+[0m
[38;2;255;255;255;48;2;19;87;20m+Bordes[0m
[38;2;255;255;255;48;2;19;87;20m+| color.border.soft    | #3A2E22  | borde por defecto de cards y divisores |[0m
[38;2;255;255;255;48;2;19;87;20m+| color.border.active  | #FF7A1A  | borde de elemento activo/foco (naranja) |[0m
[38;2;255;255;255;48;2;19;87;20m+[0m
[38;2;255;255;255;48;2;19;87;20m+Texto[0m
[38;2;255;255;255;48;2;19;87;20m+| color.text.primary   | #FBF3EA  | t├¡tulos, valores, texto principal (blanco c├ílido) |[0m
[38;2;255;255;255;48;2;19;87;20m+| color.text.secondary | #C9B8A6  | descripciones, subtextos (gris arena) |[0m
[38;2;255;255;255;48;2;19;87;20m+| color.text.muted     | #8A7866  | captions, etiquetas, metadatos |[0m
[38;2;255;255;255;48;2;19;87;20m+[0m
[38;2;255;255;255;48;2;19;87;20m+Acentos (firma crom├ítica BF)[0m
[38;2;255;255;255;48;2;19;87;20m+| color.accent.orange      | #FF7A1A  | elemento activo, enlaces, highlights, marca |[0m
[38;2;255;255;255;48;2;19;87;20m+| color.accent.orange.dim  | #C2410C  | variantes, bordes destacados al 40% |[0m
[38;2;255;255;255;48;2;19;87;20m+| color.accent.orange.glow | #FF9A3D  | glow naranja, bordes de glow |[0m
[38;2;255;255;255;48;2;19;87;20m+[0m
[38;2;255;255;255;48;2;19;87;20m+Sem├ínticos[0m
[38;2;255;255;255;48;2;19;87;20m+| color.success | #3DDC84  | sesi├│n activa, sandbox OK, guardado |[0m
[38;2;255;255;255;48;2;19;87;20m+| color.warning | #F5A623  | revisi├│n requerida, degradaci├│n |[0m
[38;2;255;255;255;48;2;19;87;20m+| color.error   | #FF4D4D  | fallos, riesgo alto, autorizaci├│n faltante |[0m
[38;2;255;255;255;48;2;19;87;20m+[0m
[38;2;255;255;255;48;2;19;87;20m+Charts (orden fijo; no improvisar colores en gr├íficos)[0m
[38;2;255;255;255;48;2;19;87;20m+| color.chart.orange | #FF7A1A | naranja ÔÇö superficie de ataque, vectores |[0m
[38;2;255;255;255;48;2;19;87;20m+| color.chart.neutral| #5C4B39 | gris carb├│n ÔÇö residual, "Otros" |[0m
[38;2;255;255;255;48;2;19;87;20m+| color.chart.green | #3DDC84 | verde ÔÇö contramedidas OK, estados sanos |[0m
[38;2;255;255;255;48;2;19;87;20m+| color.chart.red   | #FF4D4D | rojo ÔÇö riesgo alto, alertas |[0m
[38;2;255;255;255;48;2;19;87;20m+[0m
[38;2;255;255;255;48;2;19;87;20m+Degradados can├│nicos (solo estos 3):[0m
[38;2;255;255;255;48;2;19;87;20m+- grad.brand:  naranja #FF7A1A ÔåÆ ├ímbar #FFB15C (logo BF, gauge hero, activos)[0m
[38;2;255;255;255;48;2;19;87;20m+- grad.cta:    naranja #FF7A1A ÔåÆ rojo #FF5A1A (botones primarios)[0m
[38;2;255;255;255;48;2;19;87;20m+- grad.herald: naranja #FF9A3D ÔåÆ hueso #FFE0B0 (overlays del hero)[0m
[38;2;255;255;255;48;2;19;87;20m+[0m
[38;2;255;255;255;48;2;19;87;20m+======================================================================[0m
[38;2;255;255;255;48;2;19;87;20m+2. RADIOS, ESPACIADO, SOMBRAS, ICONOS[0m
[38;2;255;255;255;48;2;19;87;20m+======================================================================[0m
[38;2;255;255;255;48;2;19;87;20m+[0m
[38;2;255;255;255;48;2;19;87;20m+Radios (id├®nticos a CRIBA para coherencia de hermanos)[0m
[38;2;255;255;255;48;2;19;87;20m+| radio.sm | 6 px  | chips, badges, microbarras |[0m
[38;2;255;255;255;48;2;19;87;20m+| radio.md | 10 px | botones, inputs, filas destacadas |[0m
[38;2;255;255;255;48;2;19;87;20m+| radio.lg | 14 px | cards |[0m
[38;2;255;255;255;48;2;19;87;20m+| radio.xl | 20 px | hero panel, gauge container, m├│dulos |[0m
[38;2;255;255;255;48;2;19;87;20m+[0m
[38;2;255;255;255;48;2;19;87;20m+Espaciado (escala ├║nica; prohibidos valores fuera de escala)[0m
[38;2;255;255;255;48;2;19;87;20m+spacing.4 / 8 / 12 / 16 / 20 / 24 / 32[0m
[38;2;255;255;255;48;2;19;87;20m+[0m
[38;2;255;255;255;48;2;19;87;20m+Sombras y glow (m├íximo 2 niveles de glow en pantalla)[0m
[38;2;255;255;255;48;2;19;87;20m+| shadow.sm   | 0 1px 3px rgba(0,0,0,0.55)                    | cards en reposo |[0m
[38;2;255;255;255;48;2;19;87;20m+| shadow.md   | 0 4px 16px rgba(0,0,0,0.65)                   | popovers, di├ílogos |[0m
[38;2;255;255;255;48;2;19;87;20m+| shadow.glow | 0 0 14px rgba(255,122,26,0.32) (nivel 1)      | elemento activo/hover destacado |[0m
[38;2;255;255;255;48;2;19;87;20m+|             | 0 0 26px rgba(255,154,61,0.40) (nivel 2)      | SOLO gauge FORGE_INTEGRITY / hero activo |[0m
[38;2;255;255;255;48;2;19;87;20m+[0m
[38;2;255;255;255;48;2;19;87;20m+Nota Qt: QSS no soporta box-shadow. El glow se implementa con[0m
[38;2;255;255;255;48;2;19;87;20m+QGraphicsDropShadowEffect (blurRadius 14/26, color con alpha) o con bordes[0m
[38;2;255;255;255;48;2;19;87;20m+de 1px en color acento + fondo ligeramente iluminado. Contrato: el efecto[0m
[38;2;255;255;255;48;2;19;87;20m+percibido debe respetar los 2 niveles; el mecanismo es libre.[0m
[38;2;255;255;255;48;2;19;87;20m+[0m
[38;2;255;255;255;48;2;19;87;20m+Iconos[0m
[38;2;255;255;255;48;2;19;87;20m+| icon.size.sm | 16 px | chips, footer, actividad |[0m
[38;2;139;134;130mÔÇª omitted 131 diff line(s) across 1 additional file(s)/section(s)[0m

[1;38;2;255;215;0mÔò¡ÔöÇ ÔÜò Hermes ÔöÇÔöÇÔöÇÔöÇÔöÇÔöÇÔöÇÔöÇÔöÇÔöÇÔöÇÔöÇÔöÇÔöÇÔöÇÔöÇÔöÇÔöÇÔöÇÔöÇÔöÇÔöÇÔöÇÔöÇÔöÇÔöÇÔöÇÔöÇÔöÇÔöÇÔöÇÔöÇÔöÇÔöÇÔöÇÔöÇÔöÇÔöÇÔöÇÔöÇÔöÇÔöÇÔöÇÔöÇÔöÇÔöÇÔöÇÔöÇÔöÇÔöÇÔöÇÔöÇÔöÇÔöÇÔöÇÔöÇÔöÇÔöÇÔöÇÔöÇÔöÇÔöÇÔöÇÔöÇÔöÇÔöÇÔöÇÔò«[0m
    [38;2;255;248;220mSTYLE_GUIDE listo. Ahora el WIDGET_TREE (mapeo PySide6 exacto) y la[0m
    [38;2;255;248;220mSTATE_MATRIX.[0m
[1;38;2;255;215;0mÔò░ÔöÇÔöÇÔöÇÔöÇÔöÇÔöÇÔöÇÔöÇÔöÇÔöÇÔöÇÔöÇÔöÇÔöÇÔöÇÔöÇÔöÇÔöÇÔöÇÔöÇÔöÇÔöÇÔöÇÔöÇÔöÇÔöÇÔöÇÔöÇÔöÇÔöÇÔöÇÔöÇÔöÇÔöÇÔöÇÔöÇÔöÇÔöÇÔöÇÔöÇÔöÇÔöÇÔöÇÔöÇÔöÇÔöÇÔöÇÔöÇÔöÇÔöÇÔöÇÔöÇÔöÇÔöÇÔöÇÔöÇÔöÇÔöÇÔöÇÔöÇÔöÇÔöÇÔöÇÔöÇÔöÇÔöÇÔöÇÔöÇÔöÇÔöÇÔöÇÔöÇÔöÇÔöÇÔöÇÔöÇÔöÇÔöÇÔò»[0m
  Ôöè Ô£ì´©Å preparing write_fileÔÇª
  Ôöè Ô£ì´©Å  write     E:\PROYECTS\CRIBA\docs\WIDGET_TREE_BLACKFORGE.md  1.4s
  Ôöè review diff
[38;2;218;165;32ma/docs\WIDGET_TREE_BLACKFORGE.md ÔåÆ b/docs\WIDGET_TREE_BLACKFORGE.md[0m
[38;2;139;134;130m@@ -0,0 +1,173 @@[0m
[38;2;255;255;255;48;2;19;87;20m+# WIDGET_TREE_BLACKFORGE.md[0m
[38;2;255;255;255;48;2;19;87;20m+├ürbol de widgets PySide6 de la pantalla principal BLACKFORGE[0m
[38;2;255;255;255;48;2;19;87;20m+Versi├│n: 1.0.0 ┬À Fecha: 2026-07-24 ┬À Estado: CONTRATO (no implementado a├║n)[0m
[38;2;255;255;255;48;2;19;87;20m+[0m
[38;2;255;255;255;48;2;19;87;20m+Objetivo: que dos sesiones distintas implementen la misma pantalla con m├¡nima[0m
[38;2;255;255;255;48;2;19;87;20m+desviaci├│n. Los objectName son NORMATIVOS (el QSS global depende de ellos).[0m
[38;2;255;255;255;48;2;19;87;20m+Hermano de WIDGET_TREE_CRIBA.md: misma estructura de ├írbol y convenciones.[0m
[38;2;255;255;255;48;2;19;87;20m+[0m
[38;2;255;255;255;48;2;19;87;20m+======================================================================[0m
[38;2;255;255;255;48;2;19;87;20m+1. ├üRBOL COMPLETO[0m
[38;2;255;255;255;48;2;19;87;20m+======================================================================[0m
[38;2;255;255;255;48;2;19;87;20m+[0m
[38;2;255;255;255;48;2;19;87;20m+QMainWindow "BlackforgeMainWindow"  (min 1360x768, t├¡tulo "BLACKFORGE ÔÇö Fuerza t├®cnica")[0m
[38;2;255;255;255;48;2;19;87;20m+ÔööÔöÇÔöÇ QWidget central  #appRoot        [QHBoxLayout, margins 0, spacing 0][0m
[38;2;255;255;255;48;2;19;87;20m+    Ôö£ÔöÇÔöÇ QFrame #sidebar              (ancho fijo 240) [QVBoxLayout, margins 16, spacing 8][0m
[38;2;255;255;255;48;2;19;87;20m+    Ôöé   Ôö£ÔöÇÔöÇ QWidget #brandBlock      [QVBoxLayout][0m
[38;2;255;255;255;48;2;19;87;20m+    Ôöé   Ôöé   Ôö£ÔöÇÔöÇ QLabel #brandCriba       ("CRIBA", caption muted)[0m
[38;2;255;255;255;48;2;19;87;20m+    Ôöé   Ôöé   Ôö£ÔöÇÔöÇ QLabel #brandLogo        ("BLACKFORGE", display, degradado naranja via QPainter/rich)[0m
[38;2;255;255;255;48;2;19;87;20m+    Ôöé   Ôöé   ÔööÔöÇÔöÇ QLabel #brandTagline     ("FUERZA T├ëCNICA", caption muted)[0m
[38;2;255;255;255;48;2;19;87;20m+    Ôöé   Ôö£ÔöÇÔöÇ (spacing 24)[0m
[38;2;255;255;255;48;2;19;87;20m+    Ôöé   Ôö£ÔöÇÔöÇ QPushButton #navbtn  navResumen         (checkable, grupo exclusivo)[0m
[38;2;255;255;255;48;2;19;87;20m+    Ôöé   Ôö£ÔöÇÔöÇ QPushButton #navbtn  navReconocimiento[0m
[38;2;255;255;255;48;2;19;87;20m+    Ôöé   Ôö£ÔöÇÔöÇ QPushButton #navbtn  navVectores[0m
[38;2;255;255;255;48;2;19;87;20m+    Ôöé   Ôö£ÔöÇÔöÇ QPushButton #navbtn  navSimulacion[0m
[38;2;255;255;255;48;2;19;87;20m+    Ôöé   Ôö£ÔöÇÔöÇ QPushButton #navbtn  navContramedidas[0m
[38;2;255;255;255;48;2;19;87;20m+    Ôöé   Ôö£ÔöÇÔöÇ QPushButton #navbtn  navLaboratorio[0m
[38;2;255;255;255;48;2;19;87;20m+    Ôöé   Ôö£ÔöÇÔöÇ QPushButton #navbtn  navHistorial[0m
[38;2;255;255;255;48;2;19;87;20m+    Ôöé   Ôö£ÔöÇÔöÇ QPushButton #navbtnReturn navVolverCriba   (contenedor destacado naranja)[0m
[38;2;255;255;255;48;2;19;87;20m+    Ôöé   Ôö£ÔöÇÔöÇ stretch[0m
[38;2;255;255;255;48;2;19;87;20m+    Ôöé   ÔööÔöÇÔöÇ QFrame #bfMarkMini   [QVBoxLayout]  (logo "BF" + "PODER SIN L├ìMITES", clicable)[0m
[38;2;255;255;255;48;2;19;87;20m+    Ôöé[0m
[38;2;255;255;255;48;2;19;87;20m+    ÔööÔöÇÔöÇ QWidget #mainColumn          [QVBoxLayout, margins 0, spacing 0][0m
[38;2;255;255;255;48;2;19;87;20m+        Ôö£ÔöÇÔöÇ QFrame #topbar           (alto fijo 72) [QHBoxLayout, margins 20/12, spacing 16][0m
[38;2;255;255;255;48;2;19;87;20m+        Ôöé   Ôö£ÔöÇÔöÇ QWidget #greetingBlock   [QVBoxLayout][0m
[38;2;255;255;255;48;2;19;87;20m+        Ôöé   Ôöé   Ôö£ÔöÇÔöÇ QLabel #greetingTitle    ("Blackforge ┬À <modo>", h2)[0m
[38;2;255;255;255;48;2;19;87;20m+        Ôöé   Ôöé   ÔööÔöÇÔöÇ QLabel #greetingSub      (caption secondary, estado de sesi├│n)[0m
[38;2;255;255;255;48;2;19;87;20m+        Ôöé   Ôö£ÔöÇÔöÇ stretch[0m
[38;2;255;255;255;48;2;19;87;20m+        Ôöé   Ôö£ÔöÇÔöÇ QWidget #sandboxBadge   [QHBoxLayout]  (punto success/warning + texto)[0m
[38;2;255;255;255;48;2;19;87;20m+        Ôöé   Ôö£ÔöÇÔöÇ QLabel  #modeBadge       ("MODO: BLACKFORGE", chip naranja)[0m
[38;2;255;255;255;48;2;19;87;20m+        Ôöé   Ôö£ÔöÇÔöÇ QWidget #clockBlock      [QVBoxLayout][0m
[38;2;255;255;255;48;2;19;87;20m+        Ôöé   Ôöé   Ôö£ÔöÇÔöÇ QLabel #dateLabel        (caption uppercase muted)[0m
[38;2;255;255;255;48;2;19;87;20m+        Ôöé   Ôöé   ÔööÔöÇÔöÇ QLabel #timeLabel        (h3 tabular; QTimer 1 s)[0m
[38;2;255;255;255;48;2;19;87;20m+        Ôöé   ÔööÔöÇÔöÇ QToolButton #notifBtn    (icono campana, icon.md)[0m
[38;2;255;255;255;48;2;19;87;20m+        Ôöé[0m
[38;2;255;255;255;48;2;19;87;20m+        Ôö£ÔöÇÔöÇ QWidget #contentRow      [QHBoxLayout, margins 20, spacing 20, stretch central][0m
[38;2;255;255;255;48;2;19;87;20m+        Ôöé   Ôö£ÔöÇÔöÇ QScrollArea #centerScroll  (frameless, solo vertical, widgetResizable)[0m
[38;2;255;255;255;48;2;19;87;20m+        Ôöé   Ôöé   ÔööÔöÇÔöÇ QWidget #centerColumn  [QVBoxLayout, spacing 16][0m
[38;2;255;255;255;48;2;19;87;20m+        Ôöé   Ôöé       Ôö£ÔöÇÔöÇ QFrame #cardAccent  heroPanel   [QVBoxLayout/overlay][0m
[38;2;255;255;255;48;2;19;87;20m+        Ôöé   Ôöé       Ôöé   Ôö£ÔöÇÔöÇ QLabel #heroImage   (QPixmap data/assets/blackforge_hero.png,[0m
[38;2;255;255;255;48;2;19;87;20m+        Ôöé   Ôöé       Ôöé   Ôöé                         scaled KeepAspectRatioByExpanding)[0m
[38;2;255;255;255;48;2;19;87;20m+        Ôöé   Ôöé       Ôöé   Ôö£ÔöÇÔöÇ QWidget #heroOverlay [QVBoxLayout][0m
[38;2;255;255;255;48;2;19;87;20m+        Ôöé   Ôöé       Ôöé   Ôöé   Ôö£ÔöÇÔöÇ QLabel #heroTitle   ("BLACKFORGE ENGINE", display)[0m
[38;2;255;255;255;48;2;19;87;20m+        Ôöé   Ôöé       Ôöé   Ôöé   Ôö£ÔöÇÔöÇ QLabel #heroSub     (caption)[0m
[38;2;255;255;255;48;2;19;87;20m+        Ôöé   Ôöé       Ôöé   Ôöé   Ôö£ÔöÇÔöÇ QWidget [QHBoxLayout]: QLabel #heroStatus (chip estado forja)[0m
[38;2;255;255;255;48;2;19;87;20m+        Ôöé   Ôöé       Ôöé   Ôöé   ÔööÔöÇÔöÇ ForgeIntegrityGauge #forgeGauge  (custom QPainter, ~170)[0m
[38;2;255;255;255;48;2;19;87;20m+        Ôöé   Ôöé       Ôöé   ÔööÔöÇÔöÇ QWidget #heroPipelineRow [QHBoxLayout, 4x HeroStageWidget][0m
[38;2;255;255;255;48;2;19;87;20m+        Ôöé   Ôöé       Ôöé       (Reconocer ┬À Vectorizar ┬À Simular ┬À Contrarrestar)[0m
[38;2;255;255;255;48;2;19;87;20m+        Ôöé   Ôöé       Ôöé[0m
[38;2;255;255;255;48;2;19;87;20m+        Ôöé   Ôöé       ÔööÔöÇÔöÇ QFrame #card  modulesCard [QVBoxLayout][0m
[38;2;255;255;255;48;2;19;87;20m+        Ôöé   Ôöé           Ôö£ÔöÇÔöÇ QLabel #sectionTitle ("M├ôDULOS PRINCIPALES")[0m
[38;2;255;255;255;48;2;19;87;20m+        Ôöé   Ôöé           ÔööÔöÇÔöÇ QWidget #modulesRow [QHBoxLayout, 5x ModuleWidget][0m
[38;2;255;255;255;48;2;19;87;20m+        Ôöé   Ôöé               (Reconocimiento ┬À Vectores ┬À Simulaci├│n ┬À[0m
[38;2;255;255;255;48;2;19;87;20m+        Ôöé   Ôöé                Contramedidas ┬À Laboratorio)[0m
[38;2;255;255;255;48;2;19;87;20m+        Ôöé   Ôöé[0m
[38;2;255;255;255;48;2;19;87;20m+        Ôöé   ÔööÔöÇÔöÇ QScrollArea #rightScroll  (ancho fijo 300-340, frameless, vertical)[0m
[38;2;255;255;255;48;2;19;87;20m+        Ôöé       ÔööÔöÇÔöÇ QWidget #rightColumn [QVBoxLayout, spacing 16][0m
[38;2;255;255;255;48;2;19;87;20m+        Ôöé           Ôö£ÔöÇÔöÇ QFrame #card metricCard[0m
[38;2;255;255;255;48;2;19;87;20m+        Ôöé           Ôöé   Ôö£ÔöÇÔöÇ QLabel #sectionTitle ("ESTADO DE SESI├ôN BLACKFORGE")[0m
[38;2;255;255;255;48;2;19;87;20m+        Ôöé           Ôöé   Ôö£ÔöÇÔöÇ QWidget #sessionMetricRow [QHBoxLayout|QGridLayout][0m
[38;2;255;255;255;48;2;19;87;20m+        Ôöé           Ôöé   Ôöé   Ôö£ÔöÇÔöÇ MetricWidget mIdeas     ("Ideas t├®cnicas activas", N)[0m
[38;2;255;255;255;48;2;19;87;20m+        Ôöé           Ôöé   Ôöé   Ôö£ÔöÇÔöÇ MetricWidget mCandidatos("Candidatos v├ílidos", N)[0m
[38;2;255;255;255;48;2;19;87;20m+        Ôöé           Ôöé   Ôöé   Ôö£ÔöÇÔöÇ MetricWidget mCoverage  ("Coverage simulaci├│n", NN%)[0m
[38;2;255;255;255;48;2;19;87;20m+        Ôöé           Ôöé   Ôöé   ÔööÔöÇÔöÇ MetricWidget mScore     ("Score medio", 0.NN)[0m
[38;2;255;255;255;48;2;19;87;20m+        Ôöé           Ôöé   ÔööÔöÇÔöÇ QLabel #chip sessionStatusChip[0m
[38;2;255;255;255;48;2;19;87;20m+        Ôöé           Ôö£ÔöÇÔöÇ QFrame #card compositionCard[0m
[38;2;255;255;255;48;2;19;87;20m+        Ôöé           Ôöé   Ôö£ÔöÇÔöÇ QLabel #sectionTitle ("SUPERFICIE / COBERTURA")[0m
[38;2;255;255;255;48;2;19;87;20m+        Ôöé           Ôöé   ÔööÔöÇÔöÇ CompositionWidget #compoDonut (custom QPainter donut/barras)[0m
[38;2;255;255;255;48;2;19;87;20m+        Ôöé           ÔööÔöÇÔöÇ QFrame #card alertsCard[0m
[38;2;139;134;130mÔÇª omitted 95 diff line(s) across 1 additional file(s)/section(s)[0m

[1;38;2;255;215;0mÔò¡ÔöÇ ÔÜò Hermes ÔöÇÔöÇÔöÇÔöÇÔöÇÔöÇÔöÇÔöÇÔöÇÔöÇÔöÇÔöÇÔöÇÔöÇÔöÇÔöÇÔöÇÔöÇÔöÇÔöÇÔöÇÔöÇÔöÇÔöÇÔöÇÔöÇÔöÇÔöÇÔöÇÔöÇÔöÇÔöÇÔöÇÔöÇÔöÇÔöÇÔöÇÔöÇÔöÇÔöÇÔöÇÔöÇÔöÇÔöÇÔöÇÔöÇÔöÇÔöÇÔöÇÔöÇÔöÇÔöÇÔöÇÔöÇÔöÇÔöÇÔöÇÔöÇÔöÇÔöÇÔöÇÔöÇÔöÇÔöÇÔöÇÔöÇÔöÇÔò«[0m
    [38;2;255;248;220mWIDGET_TREE listo. Ahora la STATE_MATRIX con los 11 estados obligatorios[0m
    [38;2;255;248;220mde la secci├│n 13 de la tarea.[0m
[1;38;2;255;215;0mÔò░ÔöÇÔöÇÔöÇÔöÇÔöÇÔöÇÔöÇÔöÇÔöÇÔöÇÔöÇÔöÇÔöÇÔöÇÔöÇÔöÇÔöÇÔöÇÔöÇÔöÇÔöÇÔöÇÔöÇÔöÇÔöÇÔöÇÔöÇÔöÇÔöÇÔöÇÔöÇÔöÇÔöÇÔöÇÔöÇÔöÇÔöÇÔöÇÔöÇÔöÇÔöÇÔöÇÔöÇÔöÇÔöÇÔöÇÔöÇÔöÇÔöÇÔöÇÔöÇÔöÇÔöÇÔöÇÔöÇÔöÇÔöÇÔöÇÔöÇÔöÇÔöÇÔöÇÔöÇÔöÇÔöÇÔöÇÔöÇÔöÇÔöÇÔöÇÔöÇÔöÇÔöÇÔöÇÔöÇÔöÇÔöÇÔöÇÔò»[0m
  Ôöè Ô£ì´©Å preparing write_fileÔÇª
  Ôöè Ô£ì´©Å  write     E:\PROYECTS\CRIBA\docs\STATE_MATRIX_BLACKFORGE.md  1.3s
  Ôöè review diff
[38;2;218;165;32ma/docs\STATE_MATRIX_BLACKFORGE.md ÔåÆ b/docs\STATE_MATRIX_BLACKFORGE.md[0m
[38;2;139;134;130m@@ -0,0 +1,194 @@[0m
[38;2;255;255;255;48;2;19;87;20m+# STATE_MATRIX_BLACKFORGE.md[0m
[38;2;255;255;255;48;2;19;87;20m+Matriz de estados visuales de BLACKFORGE ÔÇö pantalla principal[0m
[38;2;255;255;255;48;2;19;87;20m+Versi├│n: 1.0.0 ┬À Fecha: 2026-07-24 ┬À Estado: CONTRATO (no implementado a├║n)[0m
[38;2;255;255;255;48;2;19;87;20m+[0m
[38;2;255;255;255;48;2;19;87;20m+Convenciones:[0m
[38;2;255;255;255;48;2;19;87;20m+- "Bloques" = los definidos en UI_CONTRACT ┬º2-9 y WIDGET_TREE.[0m
[38;2;255;255;255;48;2;19;87;20m+- Cada estado define: qu├® bloque cambia, qu├® texto aparece, qu├® botones se[0m
[38;2;255;255;255;48;2;19;87;20m+  bloquean, qu├® se resalta. Nada de "mostrar spinner" a secas.[0m
[38;2;255;255;255;48;2;19;87;20m+- Los NavButton usan NavButton.set_state() (WIDGET_TREE ┬º2.9).[0m
[38;2;255;255;255;48;2;19;87;20m+[0m
[38;2;255;255;255;48;2;19;87;20m+Estados obligatorios (tarea ┬º13): modo resumen ┬À sin sesi├│n activa ┬À sesi├│n[0m
[38;2;255;255;255;48;2;19;87;20m+operativa ┬À simulaci├│n ejecut├índose ┬À laboratorio listo ┬À revisi├│n manual[0m
[38;2;255;255;255;48;2;19;87;20m+requerida ┬À autorizaci├│n faltante ┬À sandbox no disponible ┬À sin alertas ┬À[0m
[38;2;255;255;255;48;2;19;87;20m+alerta cr├¡tica ┬À vuelta a CRIBA.[0m
[38;2;255;255;255;48;2;19;87;20m+[0m
[38;2;255;255;255;48;2;19;87;20m+======================================================================[0m
[38;2;255;255;255;48;2;19;87;20m+S1. MODO RESUMEN (estado base al entrar a BLACKFORGE)[0m
[38;2;255;255;255;48;2;19;87;20m+======================================================================[0m
[38;2;255;255;255;48;2;19;87;20m+Cambia:[0m
[38;2;255;255;255;48;2;19;87;20m+- Top bar: greetingSub = "Resumen del laboratorio Blackforge".[0m
[38;2;255;255;255;48;2;19;87;20m+- heroPanel: heroStatus chip kind=operativa "Operativa"; forgeGauge con[0m
[38;2;255;255;255;48;2;19;87;20m+  ├║ltimo score conocido (o 0.00 si nunca).[0m
[38;2;255;255;255;48;2;19;87;20m+- metricCard: m├®tricas con datos reales del engine (o "ÔÇö" si no hay).[0m
[38;2;255;255;255;48;2;19;87;20m+- compositionCard/alertsCard: contenido real o estados vac├¡os.[0m
[38;2;255;255;255;48;2;19;87;20m+- Footer: fsModelo "BLACKFORGE-X", fsSandbox "OK", fsRiesgo "Bajo".[0m
[38;2;255;255;255;48;2;19;87;20m+Botones: todos habilitados; navResumen activo (barra naranja).[0m
[38;2;255;255;255;48;2;19;87;20m+Resalta: heroPanel (glow 2 solo en gauge). Sin llamadas a la acci├│n forzadas.[0m
[38;2;255;255;255;48;2;19;87;20m+[0m
[38;2;255;255;255;48;2;19;87;20m+======================================================================[0m
[38;2;255;255;255;48;2;19;87;20m+S2. SIN SESI├ôN ACTIVA (arranque fr├¡o, sin laboratorio cargado)[0m
[38;2;255;255;255;48;2;19;87;20m+======================================================================[0m
[38;2;255;255;255;48;2;19;87;20m+Cambia:[0m
[38;2;255;255;255;48;2;19;87;20m+- Top bar: sandboxBadge punto muted + "Sin sesi├│n"; greetingSub =[0m
[38;2;255;255;255;48;2;19;87;20m+  "Inicia una sesi├│n de laboratorio para empezar".[0m
[38;2;255;255;255;48;2;19;87;20m+- heroPanel: estado vac├¡o ÔÇö icono muted (icon.lg) + texto "Sin sesi├│n de[0m
[38;2;255;255;255;48;2;19;87;20m+  forja" (h3) + "Pulsa Resumen o un m├│dulo para iniciar" (caption); gauge[0m
[38;2;255;255;255;48;2;19;87;20m+  oculto o en 0.00 con etiqueta "Pendiente".[0m
[38;2;255;255;255;48;2;19;87;20m+- heroPipeline: las 4 etapas en state=pending.[0m
[38;2;255;255;255;48;2;19;87;20m+- metricCard: "ÔÇö" en todas las m├®tricas; sessionStatusChip oculto.[0m
[38;2;255;255;255;48;2;19;87;20m+- compositionCard/alertsCard: placeholder muted; alertsCard "Sin alarmas".[0m
[38;2;255;255;255;48;2;19;87;20m+- Footer: fsSesion "ÔÇö", fsSandbox "Requerido", fsRiesgo "ÔÇö".[0m
[38;2;255;255;255;48;2;19;87;20m+Botones: Reconocimiento, Vectores, Simulaci├│n, Contramedidas, Laboratorio,[0m
[38;2;255;255;255;48;2;19;87;20m+  Historial, Volver a CRIBA ÔåÆ habilitados. (No hay sesi├│n que mutar.)[0m
[38;2;255;255;255;48;2;19;87;20m+Resalta: navResumen con pulso de glow nivel 1 (├║nica llamada a la acci├│n).[0m
[38;2;255;255;255;48;2;19;87;20m+[0m
[38;2;255;255;255;48;2;19;87;20m+======================================================================[0m
[38;2;255;255;255;48;2;19;87;20m+S3. SESI├ôN OPERATIVA (laboratorio activo y estable)[0m
[38;2;255;255;255;48;2;19;87;20m+======================================================================[0m
[38;2;255;255;255;48;2;19;87;20m+Cambia:[0m
[38;2;255;255;255;48;2;19;87;20m+- Top bar: sandboxBadge punto success + "Sandbox OK".[0m
[38;2;255;255;255;48;2;19;87;20m+- heroPanel: heroStatus chip kind=operativa "Operativa"; forgeGauge con[0m
[38;2;255;255;255;48;2;19;87;20m+  score real; heroPipeline etapa "Reconocer" state=done, resto pending.[0m
[38;2;255;255;255;48;2;19;87;20m+- metricCard: sessionStatusChip kind=operativa "Operativa"; m├®tricas reales.[0m
[38;2;255;255;255;48;2;19;87;20m+- alertsCard: "Sin alarmas ┬À sandbox estable".[0m
[38;2;255;255;255;48;2;19;87;20m+- Footer: fsSandbox "OK", fsRiesgo "Bajo".[0m
[38;2;255;255;255;48;2;19;87;20m+Botones: todos habilitados. Resalta: gauge (glow 2, siempre) + heroPipeline.[0m
[38;2;255;255;255;48;2;19;87;20m+[0m
[38;2;255;255;255;48;2;19;87;20m+======================================================================[0m
[38;2;255;255;255;48;2;19;87;20m+S4. SIMULACI├ôN EJECUT├üNDOSE (motor de simulaci├│n en curso)[0m
[38;2;255;255;255;48;2;19;87;20m+======================================================================[0m
[38;2;255;255;255;48;2;19;87;20m+Cambia:[0m
[38;2;255;255;255;48;2;19;87;20m+- navSimulacion: state=running, subt├¡tulo ÔåÆ "Simulando vectores N/16..."[0m
[38;2;255;255;255;48;2;19;87;20m+  (actualizado por se├▒al de progreso).[0m
[38;2;255;255;255;48;2;19;87;20m+- heroPanel: etapa "Simular" state=active con spinner en el medall├│n;[0m
[38;2;255;255;255;48;2;19;87;20m+  heroStatus chip kind=simulacion "En simulaci├│n".[0m
[38;2;255;255;255;48;2;19;87;20m+- metricCard: m├®trica Coverage se actualiza en vivo "NN%"; candidatos[0m
[38;2;255;255;255;48;2;19;87;20m+  incrementa si el engine emite parciales.[0m
[38;2;255;255;255;48;2;19;87;20m+- Top bar: sandboxBadge sin cambio (sandbox sigue OK).[0m
[38;2;255;255;255;48;2;19;87;20m+- alertsCard: entrada "Simulaci├│n en curso (sandbox)" con punto orange.[0m
[38;2;255;255;255;48;2;19;87;20m+Botones bloqueados: Reconocimiento, Vectores, Simulaci├│n, Contramedidas,[0m
[38;2;255;255;255;48;2;19;87;20m+  Laboratorio (los que mutan estado). Historial y Volver a CRIBA permitidos.[0m
[38;2;255;255;255;48;2;19;87;20m+Resalta: solo etapa "Simular". GUI nunca congelada (QThread).[0m
[38;2;255;255;255;48;2;19;87;20m+Al terminar: navSimulacion state=done (flash success <1.2 s), etapa[0m
[38;2;255;255;255;48;2;19;87;20m+"Simular" state=done, transici├│n a S3/S5 con coverage actualizado.[0m
[38;2;255;255;255;48;2;19;87;20m+[0m
[38;2;255;255;255;48;2;19;87;20m+======================================================================[0m
[38;2;255;255;255;48;2;19;87;20m+S5. LABORATORIO LISTO (experimentos preparados, listos para ejecutar)[0m
[38;2;255;255;255;48;2;19;87;20m+======================================================================[0m
[38;2;139;134;130mÔÇª omitted 116 diff line(s) across 1 additional file(s)/section(s)[0m

[1;38;2;255;215;0mÔò¡ÔöÇ ÔÜò Hermes ÔöÇÔöÇÔöÇÔöÇÔöÇÔöÇÔöÇÔöÇÔöÇÔöÇÔöÇÔöÇÔöÇÔöÇÔöÇÔöÇÔöÇÔöÇÔöÇÔöÇÔöÇÔöÇÔöÇÔöÇÔöÇÔöÇÔöÇÔöÇÔöÇÔöÇÔöÇÔöÇÔöÇÔöÇÔöÇÔöÇÔöÇÔöÇÔöÇÔöÇÔöÇÔöÇÔöÇÔöÇÔöÇÔöÇÔöÇÔöÇÔöÇÔöÇÔöÇÔöÇÔöÇÔöÇÔöÇÔöÇÔöÇÔöÇÔöÇÔöÇÔöÇÔöÇÔöÇÔöÇÔöÇÔöÇÔöÇÔò«[0m
    [38;2;255;248;220mLos 4 docs + theme JSON est├ín creados. Ahora escribo el GATE reproducible[0m
    [38;2;255;248;220m(verify_ui_contract_blackforge.py) que valida los entregables contra[0m
    [38;2;255;248;220mlos requisitos normativos de la tarea (secciones 4, 7, 11, 13) y el[0m
    [38;2;255;248;220mcross-check con el theme JSON. Luego lo ejecuto.[0m
[1;38;2;255;215;0mÔò░ÔöÇÔöÇÔöÇÔöÇÔöÇÔöÇÔöÇÔöÇÔöÇÔöÇÔöÇÔöÇÔöÇÔöÇÔöÇÔöÇÔöÇÔöÇÔöÇÔöÇÔöÇÔöÇÔöÇÔöÇÔöÇÔöÇÔöÇÔöÇÔöÇÔöÇÔöÇÔöÇÔöÇÔöÇÔöÇÔöÇÔöÇÔöÇÔöÇÔöÇÔöÇÔöÇÔöÇÔöÇÔöÇÔöÇÔöÇÔöÇÔöÇÔöÇÔöÇÔöÇÔöÇÔöÇÔöÇÔöÇÔöÇÔöÇÔöÇÔöÇÔöÇÔöÇÔöÇÔöÇÔöÇÔöÇÔöÇÔöÇÔöÇÔöÇÔöÇÔöÇÔöÇÔöÇÔöÇÔöÇÔöÇÔöÇÔò»[0m
  Ôöè Ô£ì´©Å preparing write_fileÔÇª
  Ôöè Ô£ì´©Å  write     E:\PROYECTS\CRIBA\scripts\verify_ui_contract_blackforge.py  1.7s
  Ôöè review diff
[38;2;218;165;32ma/scripts\verify_ui_contract_blackforge.py ÔåÆ b/scripts\verify_ui_contract_blackforge.py[0m
[38;2;139;134;130m@@ -0,0 +1,244 @@[0m
[38;2;255;255;255;48;2;19;87;20m+#!/usr/bin/env python3[0m
[38;2;255;255;255;48;2;19;87;20m+"""[0m
[38;2;255;255;255;48;2;19;87;20m+GATE reproducible: verifica que los entregables de la fase de CONTRATO VISUAL[0m
[38;2;255;255;255;48;2;19;87;20m+de BLACKFORGE (01_TAREA_ACTUAL.txt, secciones 4, 7, 11, 12-14, 13) cumplen la[0m
[38;2;255;255;255;48;2;19;87;20m+especificacion.[0m
[38;2;255;255;255;48;2;19;87;20m+[0m
[38;2;255;255;255;48;2;19;87;20m+No implementa la GUI. Valida que los contratos existen, no estan vacios y[0m
[38;2;255;255;255;48;2;19;87;20m+cubren los requisitos normativos de la tarea:[0m
[38;2;255;255;255;48;2;19;87;20m+  - S4: tokens de diseno (color bg/panel/hero/card/card_hover, border soft/active,[0m
[38;2;255;255;255;48;2;19;87;20m+        text primary/secondary/muted, accent orange/orange.dim/orange.glow,[0m
[38;2;255;255;255;48;2;19;87;20m+        success/warning/error, chart orange/neutral/green/red; radios; spacing;[0m
[38;2;255;255;255;48;2;19;87;20m+        shadow/glow; typography; icon).[0m
[38;2;255;255;255;48;2;19;87;20m+  - S7: 8 botones de navegacion documentados.[0m
[38;2;255;255;255;48;2;19;87;20m+  - S11: mapeo PySide6 (widgets obligatorios incl. QTableView/QStackedWidget).[0m
[38;2;255;255;255;48;2;19;87;20m+  - S13: 11 estados visuales cubiertos.[0m
[38;2;255;255;255;48;2;19;87;20m+  - Conservacion de la imagen hero de la criba + paleta negro+naranja.[0m
[38;2;255;255;255;48;2;19;87;20m+[0m
[38;2;255;255;255;48;2;19;87;20m+Normaliza acentos para comparar sin falsos positivos. Cross-check de[0m
[38;2;255;255;255;48;2;19;87;20m+coherencia entre docs y theme_blackforge.json (fuente unica).[0m
[38;2;255;255;255;48;2;19;87;20m+[0m
[38;2;255;255;255;48;2;19;87;20m+Salida: rc=0 si todo pasa; rc!=0 si hay fallos.[0m
[38;2;255;255;255;48;2;19;87;20m+"""[0m
[38;2;255;255;255;48;2;19;87;20m+import json[0m
[38;2;255;255;255;48;2;19;87;20m+import os[0m
[38;2;255;255;255;48;2;19;87;20m+import sys[0m
[38;2;255;255;255;48;2;19;87;20m+import unicodedata[0m
[38;2;255;255;255;48;2;19;87;20m+[0m
[38;2;255;255;255;48;2;19;87;20m+ROOT = os.path.dirname(os.path.dirname(os.path.abspath(__file__)))[0m
[38;2;255;255;255;48;2;19;87;20m+DOCS = os.path.join(ROOT, "docs")[0m
[38;2;255;255;255;48;2;19;87;20m+DATA = os.path.join(ROOT, "data")[0m
[38;2;255;255;255;48;2;19;87;20m+ASSETS = os.path.join(DATA, "assets")[0m
[38;2;255;255;255;48;2;19;87;20m+[0m
[38;2;255;255;255;48;2;19;87;20m+REQUIRED_FILES = [[0m
[38;2;255;255;255;48;2;19;87;20m+    os.path.join(DOCS, "UI_CONTRACT_BLACKFORGE.md"),[0m
[38;2;255;255;255;48;2;19;87;20m+    os.path.join(DOCS, "STYLE_GUIDE_BLACKFORGE.md"),[0m
[38;2;255;255;255;48;2;19;87;20m+    os.path.join(DOCS, "WIDGET_TREE_BLACKFORGE.md"),[0m
[38;2;255;255;255;48;2;19;87;20m+    os.path.join(DOCS, "STATE_MATRIX_BLACKFORGE.md"),[0m
[38;2;255;255;255;48;2;19;87;20m+    os.path.join(DATA, "theme_blackforge.json"),[0m
[38;2;255;255;255;48;2;19;87;20m+][0m
[38;2;255;255;255;48;2;19;87;20m+[0m
[38;2;255;255;255;48;2;19;87;20m+# Tokens minimos exigidos por 01_TAREA seccion 4.[0m
[38;2;255;255;255;48;2;19;87;20m+REQUIRED_THEME_TOKENS = [[0m
[38;2;255;255;255;48;2;19;87;20m+    "color.bg.app", "color.bg.panel", "color.bg.hero", "color.bg.card",[0m
[38;2;255;255;255;48;2;19;87;20m+    "color.bg.card.hover",[0m
[38;2;255;255;255;48;2;19;87;20m+    "color.border.soft", "color.border.active",[0m
[38;2;255;255;255;48;2;19;87;20m+    "color.text.primary", "color.text.secondary", "color.text.muted",[0m
[38;2;255;255;255;48;2;19;87;20m+    "color.accent.orange", "color.accent.orange.dim", "color.accent.orange.glow",[0m
[38;2;255;255;255;48;2;19;87;20m+    "color.success", "color.warning", "color.error",[0m
[38;2;255;255;255;48;2;19;87;20m+    "color.chart.orange", "color.chart.neutral", "color.chart.green", "color.chart.red",[0m
[38;2;255;255;255;48;2;19;87;20m+    "radius.sm", "radius.md", "radius.lg", "radius.xl",[0m
[38;2;255;255;255;48;2;19;87;20m+    "spacing.4", "spacing.8", "spacing.12", "spacing.16", "spacing.20", "spacing.24", "spacing.32",[0m
[38;2;255;255;255;48;2;19;87;20m+    "shadow.sm", "shadow.md", "shadow.glow",[0m
[38;2;255;255;255;48;2;19;87;20m+    "typography.display", "typography.h1", "typography.h2", "typography.h3",[0m
[38;2;255;255;255;48;2;19;87;20m+    "typography.body", "typography.caption",[0m
[38;2;255;255;255;48;2;19;87;20m+    "icon.size.sm", "icon.size.md", "icon.size.lg",[0m
[38;2;255;255;255;48;2;19;87;20m+][0m
[38;2;255;255;255;48;2;19;87;20m+[0m
[38;2;255;255;255;48;2;19;87;20m+REQUIRED_BUTTONS = [[0m
[38;2;255;255;255;48;2;19;87;20m+    "Resumen", "Reconocimiento", "Vectores", "Simulacion",[0m
[38;2;255;255;255;48;2;19;87;20m+    "Contramedidas", "Laboratorio", "Historial", "Volver a CRIBA",[0m
[38;2;255;255;255;48;2;19;87;20m+][0m
[38;2;255;255;255;48;2;19;87;20m+[0m
[38;2;255;255;255;48;2;19;87;20m+# Bloques funcionales recomendados (tarea 9.1..9.6) deben aparecer en el contrato.[0m
[38;2;255;255;255;48;2;19;87;20m+REQUIRED_BLOCKS = [[0m
[38;2;255;255;255;48;2;19;87;20m+    "ESTADO DE SESION", "METICA PRINCIPAL", "DISTRIBUCION",[0m
[38;2;255;255;255;48;2;19;87;20m+    "ALERTAS", "MODULOS PRINCIPALES", "FOOTER",[0m
[38;2;255;255;255;48;2;19;87;20m+][0m
[38;2;255;255;255;48;2;19;87;20m+[0m
[38;2;255;255;255;48;2;19;87;20m+# Seccion 11: lista explicita; QTableWidget se satisface con QTableView.[0m
[38;2;255;255;255;48;2;19;87;20m+REQUIRED_WIDGETS = [[0m
[38;2;255;255;255;48;2;19;87;20m+    "QMainWindow", "QHBoxLayout", "QVBoxLayout", "QFrame", "QScrollArea",[0m
[38;2;255;255;255;48;2;19;87;20m+    "QPushButton", "QTableView", "QTabBar", "QStackedWidget", "QProgressBar",[0m
[38;2;255;255;255;48;2;19;87;20m+    "footerStrip",[0m
[38;2;255;255;255;48;2;19;87;20m+][0m
[38;2;255;255;255;48;2;19;87;20m+TABLE_WIDGET_ALIASES = ["QTableWidget", "QTableView"][0m
[38;2;255;255;255;48;2;19;87;20m+[0m
[38;2;255;255;255;48;2;19;87;20m+# Seccion 13: 11 estados obligatorios.[0m
[38;2;255;255;255;48;2;19;87;20m+REQUIRED_STATES = [[0m
[38;2;139;134;130mÔÇª omitted 166 diff line(s) across 1 additional file(s)/section(s)[0m

[1;38;2;255;215;0mÔò¡ÔöÇ ÔÜò Hermes ÔöÇÔöÇÔöÇÔöÇÔöÇÔöÇÔöÇÔöÇÔöÇÔöÇÔöÇÔöÇÔöÇÔöÇÔöÇÔöÇÔöÇÔöÇÔöÇÔöÇÔöÇÔöÇÔöÇÔöÇÔöÇÔöÇÔöÇÔöÇÔöÇÔöÇÔöÇÔöÇÔöÇÔöÇÔöÇÔöÇÔöÇÔöÇÔöÇÔöÇÔöÇÔöÇÔöÇÔöÇÔöÇÔöÇÔöÇÔöÇÔöÇÔöÇÔöÇÔöÇÔöÇÔöÇÔöÇÔöÇÔöÇÔöÇÔöÇÔöÇÔöÇÔöÇÔöÇÔöÇÔöÇÔöÇÔöÇÔò«[0m
    [38;2;255;248;220mAhora ejecuto el gate reproducible para verificar los entregables.[0m
[1;38;2;255;215;0mÔò░ÔöÇÔöÇÔöÇÔöÇÔöÇÔöÇÔöÇÔöÇÔöÇÔöÇÔöÇÔöÇÔöÇÔöÇÔöÇÔöÇÔöÇÔöÇÔöÇÔöÇÔöÇÔöÇÔöÇÔöÇÔöÇÔöÇÔöÇÔöÇÔöÇÔöÇÔöÇÔöÇÔöÇÔöÇÔöÇÔöÇÔöÇÔöÇÔöÇÔöÇÔöÇÔöÇÔöÇÔöÇÔöÇÔöÇÔöÇÔöÇÔöÇÔöÇÔöÇÔöÇÔöÇÔöÇÔöÇÔöÇÔöÇÔöÇÔöÇÔöÇÔöÇÔöÇÔöÇÔöÇÔöÇÔöÇÔöÇÔöÇÔöÇÔöÇÔöÇÔöÇÔöÇÔöÇÔöÇÔöÇÔöÇÔöÇÔò»[0m
  Ôöè ­ƒÉì preparing execute_codeÔÇª
  Ôöè ­ƒÉì exec      import subprocess, os  0.3s

[2;3mÔöîÔöÇ Reasoning ÔöÇÔöÇÔöÇÔöÇÔöÇÔöÇÔöÇÔöÇÔöÇÔöÇÔöÇÔöÇÔöÇÔöÇÔöÇÔöÇÔöÇÔöÇÔöÇÔöÇÔöÇÔöÇÔöÇÔöÇÔöÇÔöÇÔöÇÔöÇÔöÇÔöÇÔöÇÔöÇÔöÇÔöÇÔöÇÔöÇÔöÇÔöÇÔöÇÔöÇÔöÇÔöÇÔöÇÔöÇÔöÇÔöÇÔöÇÔöÇÔöÇÔöÇÔöÇÔöÇÔöÇÔöÇÔöÇÔöÇÔöÇÔöÇÔöÇÔöÇÔöÇÔöÇÔöÇÔöÇÔöÇÔöÇÔöÉ[0m
[2;3mThere are failures to fix. Let me analyze:[0m
[2;3m[0m
[2;3m1. `color.accent.orange.dim` token missing in theme. In my JSON I used `color.accent[0m
[2;3m.orange_dim` (underscore). The required token is `color.accent.orange.dim` (dot). The[0m
[2;3m `theme_has_token` function tries dot notation `color.accent.orange.dim` and underscore[0m
[2;3m `color.accent.orange_dim`. My JSON has `color.accent.orange_dim` (accent.orange_dim[0m
[2;3m). So `dot_get(theme, "color.accent.orange.dim")` fails because `color.accent.orange`[0m
[2;3m is a dict, not `color.accent` with key `orange.dim`. And `dot_get(theme, "color.ac[0m
[2;3mcent.orange_dim")` ÔÇö theme has `color.accent` dict with `orange`, `orange_dim`, `orange[0m
[2;3m_glow`. So `color.accent.orange_dim` would look for key `orange_dim` under `color[0m
[2;3m.accent`? No: path `color.accent.orange_dim` splits into color, accent, orange_dim ÔåÆ[0m
[2;3m looks for `color.accent.orange_dim` which doesn't exist (it's `color.accent.orange_dim[0m
[2;3m`? wait the dict is `color: {accent: {orange, orange_dim, orange_glow}}`). So dot[0m
[2;3m_get(theme, "color.accent.orange_dim") ÔåÆ colorÔåÆaccentÔåÆorange_dim ÔåÆ that DOES exist[0m
[2;3m! Let me re-check. path parts: ["color","accent","orange_dim"]. cur=theme, color exists[0m
[2;3mÔåÆdict, accent existsÔåÆdict, orange_dim existsÔåÆ"#C2410C". So it returns "#C2410C". So[0m
[2;3m why did it fail?[0m
[2;3m[0m
[2;3mThe token checked is `color.accent.orange.dim`. theme_has_token tries:[0m
[2;3m- `dot_get(theme, "color.accent.orange.dim")` ÔåÆ parts [color,accent,orange,dim] ÔåÆ[0m
[2;3m color.accent.orange is a string "#FF7A1A", then .dim fails ÔåÆ None.[0m
[2;3m- `dot_get(theme, "color.accent.orange_dim")` ÔåÆ parts [color,accent,orange_dim] ÔåÆ[0m
[2;3m color.accent.orange_dim exists ÔåÆ "#C2410C" ÔåÆ returns True![0m
[2;3m[0m
[2;3mSo it should pass. But the error says it's in missing list. Hmm. Wait ÔÇö the check[0m
[2;3m for glow: `color.accent.orange.glow` ÔåÆ theme_has_token: dot_get "color.accent.orange.g[0m
[2;3mlow" ÔåÆ color.accent.orange is string, .glow fails ÔåÆ None. alt = "color.accent.orange[0m
[2;3m_glow" ÔåÆ parts [color,accent,orange_glow] ÔåÆ exists "#FF9A3D" ÔåÆ True. So should pass[0m
[2;3m too.[0m
[2;3m[0m
[2;3mBut error shows `color.accent.orange.glow: theme=None != #FF9A3D` ÔÇö wait that's the[0m
[2;3m CROSSCHECK, not the token check. The crosscheck: `dot_get(theme, "color.accent.orange[0m
[2;3m.glow")` ÔåÆ None (because orange is a string). And alt `dot_get(theme, "color.accent[0m
[2;3m.orange.glow".replace(".","_"))` = `dot_get(theme,"color.accent.orange_glow")` ÔåÆ [[0m
[2;3mcolor,accent,orange_glow] ÔåÆ "#FF9A3D". So actual = "#FF9A3D". Then `actual != val[0m
[2;3m`? val="#FF9A3D". actual="#FF9A3D". Equal. So should not error. But error shows `[0m
[2;3mtheme=None`. [0m
[2;3m[0m
[2;3mWait, the crosscheck loop: `actual = dot_get(theme, tok) or dot_get(theme, tok.replace(".[0m
[2;3m", "_"))`. For `color.accent.orange.glow`: dot_get returns None (fails), then `dot_get[0m
[2;3m(theme, "color.accent.orange_glow")` ÔåÆ [color,accent,orange_glow] ÔåÆ "#FF9A3D". So[0m
[2;3m actual = "#FF9A3D". Hmm but error says theme=None. [0m
[2;3m[0m
[2;3mOh wait ÔÇö the token check `color.accent.orange.dim` failing means it was added to[0m
[2;3m `missing`, and the theme token loop ran BEFORE the crosscheck? No. Order: theme tokens[0m
[2;3m check first (missing), then crosscheck. The missing list gets appended. But `theme`[0m
[2;3m is not None (it loaded). So why "theme=None"? [0m
[2;3m[0m
[2;3mActually look: the error message format is `f"{tok}: theme={actual} != {val}"`. It[0m
[2;3m says `color.accent.orange.glow: theme=None`. So `actual` is None. That means `dot[0m
[2;3m_get(theme, "color.accent.orange.glow")` = None AND `dot_get(theme, "color.accent[0m
[2;3m.orange_glow")` = None. [0m
[2;3m[0m
[2;3mWhy would `dot_get(theme, "color.accent.orange_glow")` be None? Let me re-examine[0m
[2;3m my JSON. accent block:[0m
[2;3m```[0m
[2;3m"accent": {[0m
[2;3m  "orange": "#FF7A1A",[0m
[2;3m  "orange_dim": "#C2410C",[0m
[2;3m  "orange_glow": "#FF9A3D"[0m
[2;3m},[0m
[2;3m```[0m
[2;3mSo `color.accent.orange_glow` ÔåÆ colorÔåÆaccentÔåÆorange_glow ÔåÆ "#FF9A3D". Should work[0m
[2;3m...[0m
[2;3m[0m
[2;3mUnless the JSON file got written differently. Let me re-read. Actually the lint said[0m
[2;3m ok. Hmm. Wait ÔÇö maybe issue: in `theme_has_token`, for `color.accent.orange.glow`,[0m
[2;3m `tok.replace(".", "_")` = "color_accent_orange_glow"! Because replace replaces ALL[0m
[2;3m dots. So alt = "color_accent_orange_glow" which doesn't exist. That's the bug in theme[0m
[2;3m_has_token for glow. But that's only for the token check, and glow check has special handling[0m
[2;3m: `if token == "shadow.glow"`. For `color.accent.orange.glow`, no special case, so[0m
[2;3m it tries dot and alt="color_accent_orange_glow" ÔåÆ None. So it's reported missing.[0m
[2;3m That's the first fail.[0m
[2;3m[0m
[2;3mFor the crosscheck, `tok.replace(".", "_")` on "color.accent.orange.glow" = "color[0m
[2;3m_accent_orange_glow" too! So both fail. That's the second fail (theme=None).[0m
[2;3m[0m
[2;3mSo the root cause: my JSON uses `orange_dim` / `orange_glow` as keys nested under `[0m
[2;3maccent` (so path is color.accent.orange_dim), but the required token uses dot `color.ac[0m
[2;3mcent.orange.dim`. And the verify script's dot_get works on dot paths only, with replace making[0m
[2;3m it fully-underscored.[0m
[2;3m[0m
[2;3mI have two options:[0m
[2;3mA) Fix the theme JSON to match the exact dot token paths: `color.accent.orange`, `color[0m
[2;3m.accent.orange.dim`, `color.accent.orange.glow` ÔÇö i.e., make orange a nested dict[0m
[2;3m with dim/glow. That matches the tarea ┬º4 exactly: `color.accent.orange`, `color.accent[0m
[2;3m.orange.dim`, `color.accent.orange.glow`.[0m
[2;3m[0m
[2;3mThat's the cleaner fix ÔÇö the tarea literally lists `color.accent.orange.dim` and `[0m
[2;3mcolor.accent.orange.glow`. So I should nest them under orange.[0m
[2;3m[0m
[2;3mLet me restructure accent:[0m
[2;3m```[0m
[2;3m"accent": {[0m
[2;3m  "orange": "#FF7A1A",[0m
[2;3m  "orange": { ... } -- can't duplicate[0m
[2;3m}[0m
[2;3m```[0m
[2;3mSo:[0m
[2;3m```[0m
[2;3m"accent": {[0m
[2;3m  "orange": {[0m
[2;3m     "base": "#FF7A1A",[0m
[2;3m     "dim": "#C2410C",[0m
[2;3m     "glow": "#FF9A3D"[0m
[2;3m  }[0m
[2;3m}[0m
[2;3m```[0m
[2;3mBut then `color.accent.orange` (base) would need to resolve. The tarea lists `color[0m
[2;3m.accent.orange` separately from `.dim`/`.glow`. So I should keep `color.accent.orange[0m
[2;3m` = "#FF7A1A" AND `color.accent.orange.dim` and `color.accent.orange.glow`. But JSON can[0m
[2;3m't have both `orange` as string and `orange` as object.[0m
[2;3m[0m
[2;3mOption: use `color.accent.orange` (string) for base, and put dim/glow under a different[0m
[2;3m path. But tarea explicitly says `color.accent.orange.dim` and `color.accent.orange.g[0m
[2;3mlow`. Hmm. The CRIBA theme used `color.accent.blue`, `color.accent.cyan`, `color.ac[0m
[2;3mcent.violet` as separate keys and the verify accepted dot OR underscore. For orange[0m
[2;3m.dim, the natural JSON is nested object:[0m
[2;3m```[0m
[2;3m"accent": {[0m
[2;3m  "orange": {[0m
[2;3m     "": "#FF7A1A",  # no[0m
[2;3m  }[0m
[2;3m}[0m
[2;3m```[0m
[2;3mBetter: keep `color.accent.orange` as string AND have `color.accent.orange_dim`? No[0m
[2;3m, tarea says `.dim`.[0m
[2;3m[0m
[2;3mActually the simplest: make orange an object with keys but name base differently,[0m
[2;3m OR make the verify script flexible. But the rule from AUTOREGEN is "produce verifiable artifacts[0m
[2;3m". The cleanest is to make the theme match the EXACT required token paths. Since `[0m
[2;3mcolor.accent.orange` and `color.accent.orange.dim` can't both be the literal `orange`[0m
[2;3m key, I can do:[0m
[2;3m[0m
[2;3m```[0m
[2;3m"accent": {[0m
[2;3m  "orange": "#FF7A1A",[0m
[2;3m  "orange_dim": "#C2410C",[0m
[2;3m  "orange_glow": "#FF9A3D"[0m
[2;3m}[0m
[2;3m```[0m
[2;3mand rely on the verify's underscore fallback. But the verify's `tok.replace(".","[0m
[2;3m_")` converts the WHOLE path to underscores, breaking it. That's a bug in MY verify script[0m
[2;3m. I should fix the verify script's `theme_has_token` and crosscheck to handle nested[0m
[2;3m dot keys properly (replace only the LAST meaningful part, or better: try the dot path[0m
[2;3m, and also try a partial conversion where only the leaf uses underscore).[0m
[2;3m[0m
[2;3mActually the robust approach: the verify should treat `color.accent.orange.dim` by[0m
[2;3m trying:[0m
[2;3m- dot path exactly: colorÔåÆaccentÔåÆorangeÔåÆdim. But orange is a string "#FF7A1A", so orange[0m
[2;3m.dim fails. Unless orange is an object containing dim.[0m
[2;3m- underscore full: color_accent_orange_dim ÔÇö not present.[0m
[2;3m[0m
[2;3mThe real fix that matches tarea semantics: restructure JSON so `orange` is an object:[0m
[2;3m `{ "base": "#FF7A1A", "dim": "#C2410C", "glow": "#FF9A3D" }` and add a separate `"[0m
[2;3morange_base"`? But then `color.accent.orange` alone won't resolve.[0m
[2;3m[0m
[2;3mHmm, let me reconsider. The CRIBA verify handled `color.accent.cyan` as a flat key[0m
[2;3m. For BLACKFORGE, tarea wants orange.dim and orange.glow as nested. The most faithful[0m
[2;3m JSON:[0m
[2;3m[0m
[2;3m```[0m
[2;3m"accent": {[0m
[2;3m  "orange": "#FF7A1A",[0m
[2;3m  "orange_dim": "#C2410C",[0m
[2;3m  "orange_glow": "#FF9A3D"[0m
[2;3m}[0m
[2;3m```[0m
[2;3mand fix the verify script's token resolver to ALSO try: replace dots with underscores only[0m
[2;3m for the trailing token after the last dot, i.e., try `color.accent.orange_dim` ([0m
[2;3mwhich does exist) when looking for `color.accent.orange.dim`. [0m
[2;3m[0m
[2;3mActually the generic rule: when a dot-path lookup fails, also try converting dots[0m
[2;3m to underscores one segment at a time. Simplest robust: try these candidate paths[0m
[2;3m:[0m
[2;3m1. original dot path[0m
[2;3m2. full underscore[0m
[2;3m3. for each dot, replace just that dot with underscore, e.g. "color.accent.orange[0m
[2;3m_dim", "color_accent.orange.dim", etc.[0m
[2;3m[0m
[2;3mThat's overkill. Let me just fix verify to handle the known patterns AND make the[0m
[2;3m JSON keys use dots where the tarea uses dots by nesting. But the conflict between[0m
[2;3m `orange` (string) and `orange.dim`.[0m
[2;3m[0m
[2;3mCleanest decision: In theme_blackforge.json, represent the accent orange family as a[0m
[2;3m NESTED object and also keep flat keys for backward searchability. Actually I'll just[0m
[2;3m make the verify script's resolver correct and keep JSON with underscore keys `orange_dim[0m
[2;3m`/`orange_glow`. Fix:[0m
[2;3m[0m
[2;3m```[0m
[2;3mdef theme_has_token(theme, token):[0m
[2;3m    candidates = [token, token.replace(".", "_")][0m
[2;3m    # also try converting only the last dot segment to underscore[0m
[2;3m    if "." in token:[0m
[2;3m        parts = token.split(".")[0m
[2;3m        candidates.append(".".join(parts[:-1]) + "_" + parts[-1])[0m
[2;3m    for key in candidates:[0m
[2;3m        if dot_get(theme, key) is not None:[0m
[2;3m            return True[0m
[2;3m    ... special cases[0m
[2;3m```[0m
[2;3m[0m
[2;3mFor `color.accent.orange.dim`: candidates = ["color.accent.orange.dim", "color_ac[0m
[2;3mcent_orange_dim", "color.accent.orange_dim"]. The third: dot_get(theme, "color.accent[0m
[2;3m.orange_dim") ÔåÆ exists! [0m
[2;3m[0m
[2;3mFor `color.accent.orange.glow`: candidates includes "color.accent.orange_glow" ÔåÆ exists.[0m
[2;3m [0m
[2;3m[0m
[2;3mFor `color.bg.card.hover`: candidates include "color.bg.card_hover" ÔåÆ exists in my JSON[0m
[2;3m (yes I used card_hover). Good, special case also handles it but fine.[0m
[2;3m[0m
[2;3mAnd crosscheck fix: same resolver. Let me make a helper `theme_get(theme, token)` that[0m
[2;3m returns value via candidates, used in crosscheck too.[0m
[2;3m[0m
[2;3mNow the other failures:[0m
[2;3m- "UI_CONTRACT falta bloque: METICA PRINCIPAL" ÔÇö typo: I wrote "METICA" in REQUIRED_BLOCK[0m
[2;3mS but the doc says "M├ëTRICA PRINCIPAL". The fold of "METICA PRINCIPAL" vs doc "M├ë[0m
[2;3mTRICA PRINCIPAL" ÔåÆ doc normalized: "METICA PRINCIPAL" (accents removed). Wait fold[0m
[2;3m removes accents: "M├ëTRICA" ÔåÆ "METRICA". My required is "METICA PRINCIPAL" (no accent).[0m
[2;3m The doc has "M├ëTRICA PRINCIPAL" ÔåÆ fold ÔåÆ "METRICA PRINCIPAL". So they SHOULD match[0m
[2;3m! But it failed. Let me check: in UI_CONTRACT I wrote section 6.1 "D ÔÇö PANEL SUPERI[0m
[2;3mOR: M├ëTRICA PRINCIPAL / ESTADO DE SESI├ôN". fold ÔåÆ "METRICA PRINCIPAL". Required "MET[0m
[2;3mICA PRINCIPAL". "METRICA" vs "METICA" ÔÇö TYPO in my REQUIRED_BLOCKS (METICA vs METR[0m
[2;3mICA). I wrote "METICA PRINCIPAL". Fix the required list to "METRICA PRINCIPAL".[0m
[2;3m[0m
[2;3m- "falta widget PySide6: QTableView", "QTabBar", "QProgressBar". These ARE in WIDGET[0m
[2;3m_TREE_BLACKFORGE.md (I included QTableView, QTabBar, QProgressBar in the REQUIRED_W[0m
[2;3mIDGETS list but are they in the docs text? Let me check: my WIDGET_TREE mentions QMainWindow[0m
[2;3m, QHBoxLayout, QVBoxLayout, QFrame, QScrollArea, QPushButton, QTableView (in ┬º4 future[0m
[2;3m files? no). Let me check what I actually wrote in WIDGET_TREE. I used QMainWindow[0m
[2;3m, QHBoxLayout, QVBoxLayout, QFrame, QScrollArea, QPushButton, QStackedWidget, QTimer[0m
[2;3m, QGraphicsDropShadowEffect, QPropertyAnimation, QThread, QThreadPool, QConicalGradient[0m
[2;3m, QPainter. Did I write QTableView? In footer I wrote "QTableView estilizado, si se[0m
[2;3m usa en Historial" ÔÇö yes "QTableView" appears. QTabBar? I don't think I wrote QTab[0m
[2;3mBar in BLACKFORGE widget tree. QProgressBar? I wrote "QProgressBar delgada" in ST[0m
[2;3mYLE_GUIDE ┬º4.7, and in WIDGET_TREE? Let me check ÔÇö in WIDGET_TREE I referenced Metric[0m
[2;3mWidget, CompositionWidget... I don't think QProgressBar literal appears in WIDGET_T[0m
[2;3mREE_BLACKFORGE.md. The verify searches all_docs = uc + wt + sm. QTableView appears[0m
[2;3m in wt (Historial section) Ô£ô. QTabBar ÔÇö appears? In CRIBA widget tree yes, but in BL[0m
[2;3mACKFORGE I didn't include a tabbar. The tarea ┬º11 lists "small charts or placeholders chart[0m
[2;3m, summary cards, badges, footer t├®cnico, stacked pages internas por secci├│n" ÔÇö doesn[0m
[2;3m't strictly require QTabBar. But my REQUIRED_WIDGETS includes QTabBar (copied from[0m
[2;3m CRIBA verify). Since BLACKFORGE uses stacked pages (QStackedWidget) not necessarily[0m
[2;3m QTabBar, I should remove QTabBar from required, OR add it. The tarea's mapping ┬º[0m
[2;3m11 requires: QMainWindow, QWidget central, QHBoxLayout/QVBoxLayout, Sidebar QFrame,[0m
[2;3m Hero QFrame, Cards, QScrollArea, nav buttons, charts/placeholders, summary cards,[0m
[2;3m status badges, footer, stacked pages. Doesn't explicitly require QTabBar or QProgressBar.[0m
[2;3m[0m
[2;3mBut to be safe and faithful, I'll adjust REQUIRED_WIDGETS to match what's actually[0m
[2;3m in the docs and the tarea. The fails: QTableView (present in docs, so why fail?),[0m
[2;3m QTabBar, QProgressBar.[0m
[2;3m[0m
[2;3mWait, QTableView: all_docs includes wt which has "QTableView". Let me verify the string[0m
[2;3m. In WIDGET_TREE I wrote "QTableView estilizado, si se usa en Historial" ÔÇö yes. So `[0m
[2;3mpresent = w in all_docs` for "QTableView" ÔåÆ True. So it shouldn't fail. But it's listed[0m
[2;3m as fail. Hmm, maybe I didn't actually include that text. Let me check ÔÇö I wrote in W[0m
[2;3mIDGET_TREE ┬º4.11: "4.11 Tabla/ranking (QTableView estilizado, si se usa en Historial[0m
[2;3m)". Yes. So QTableView present. Unless the verify's `w in all_docs` ÔÇö all_docs is[0m
[2;3m uc + wt + sm concatenated as strings; "QTableView" substring exists. So why FAIL[0m
[2;3m?[0m
[2;3m[0m
[2;3mOh! Look at verify logic:[0m
[2;3m```[0m
[2;3mfor w in REQUIRED_WIDGETS:[0m
[2;3m    present = w in all_docs[0m
[2;3m    if w == "QTableView":[0m
[2;3m        present = any(a in all_docs for a in TABLE_WIDGET_ALIASES)[0m
[2;3m    if not present:[0m
[2;3m        errors.append(f"falta widget PySide6: {w}")[0m
[2;3m```[0m
[2;3mFor QTableView, present = "QTableView" in all_docs ÔåÆ should be True. Unless "QTableView[0m
[2;3m" isn't actually in the files. Let me double check my WIDGET_TREE content for "QTableView".[0m
[2;3m Searching memory of what I wrote... In ┬º4.11 yes. But maybe the verify reads the[0m
[2;3m file and it IS there. Let me just verify by reading. Actually the gate said QTableView missing[0m
[2;3m, so it's NOT in the concatenated docs. That means my WIDGET_TREE doesn't contain[0m
[2;3m "QTableView" literally? Let me re-read what I wrote. ┬º4.11: "(QTableView estilizado,[0m
[2;3m si se usa en Historial)". Hmm that contains QTableView. [0m
[2;3m[0m
[2;3mWait, maybe the issue: `all_docs = uc + wt + sm` where these are read via read_text[0m
[2;3m. The wt is WIDGET_TREE_BLACKFORGE.md content. It should contain QTableView. Unless[0m
[2;3m I'm misremembering and the pie/composition uses donut not QTableView. Let me actually[0m
[2;3m grep the file. I'll just read the relevant lines.[0m
[2;3m[0m
[2;3mActually, simpler: let me fix the verify to be correct AND ensure docs contain the[0m
[2;3m widgets. But QTableView genuinely should be there. Let me check by grepping. I'll do[0m
[2;3m a quick search.[0m
[2;3m[0m
[2;3mLet me also reconsider QTabBar and QProgressBar ÔÇö I'll add QProgressBar to the docs[0m
[2;3m (it's referenced in STYLE_GUIDE ┬º4.7 actually as "QProgressBar delgada" ÔÇö that IS[0m
[2;3m in STYLE_GUIDE which is part of all_docs). So QProgressBar should be found in sg[0m
[2;3m... wait all_docs = uc + wt + sm, NOT sg. STYLE_GUIDE is not in all_docs! So QProgressBar ([0m
[2;3monly in STYLE_GUIDE ┬º4.7) is not found. And QTabBar is only in CRIBA docs, not BLACK[0m
[2;3mFORGE. So I need to either include STYLE_GUIDE in all_docs, or add QProgressBar/Q[0m
[2;3mTabBar to the widget tree doc.[0m
[2;3m[0m
[2;3mThe cleanest: make the widget search cover all 4 docs (uc, sg, wt, sm) since widgets[0m
[2;3m are mapped across them. And for QTabBar ÔÇö BLACKFORGE uses QStackedWidget for stacked pages[0m
[2;3m, not necessarily QTabBar. The tarea doesn't require QTabBar. I'll remove QTabBar[0m
[2;3m from REQUIRED_WIDGETS (it's a CRIBA-specific thing). Similarly keep QProgressBar[0m
[2;3m (I'll ensure it appears in WIDGET_TREE too, and it's in STYLE_GUIDE). And add QTableView[0m
[2;3m explicitly in WIDGET_TREE (Historial) ÔÇö it's there but let me confirm, and also expand[0m
[2;3m widget search to include sg.[0m
[2;3m[0m
[2;3mLet me just be rigorous: [0m
[2;3m- Fix verify `theme_has_token` / crosscheck resolver (orange.dim/.glow, card.hover[0m
[2;3m).[0m
[2;3m- Fix REQUIRED_BLOCKS typo METICAÔåÆMETRICA.[0m
[2;3m- Expand `all_docs` to include STYLE_GUIDE (sg) so QProgressBar found.[0m
[2;3m- Remove QTabBar from REQUIRED_WIDGETS (not required by tarea ┬º11; BLACKFORGE uses[0m
[2;3m QStackedWidget). Keep QTableView (ensure present in docs).[0m
[2;3m[0m
[2;3mLet me verify QTableView presence first and QProgressBar, QTabBar in files, then fix[0m
[2;3m.[0m
[2;3m[0m
[2;3mLet me grep.[0m
[2;3mÔööÔöÇÔöÇÔöÇÔöÇÔöÇÔöÇÔöÇÔöÇÔöÇÔöÇÔöÇÔöÇÔöÇÔöÇÔöÇÔöÇÔöÇÔöÇÔöÇÔöÇÔöÇÔöÇÔöÇÔöÇÔöÇÔöÇÔöÇÔöÇÔöÇÔöÇÔöÇÔöÇÔöÇÔöÇÔöÇÔöÇÔöÇÔöÇÔöÇÔöÇÔöÇÔöÇÔöÇÔöÇÔöÇÔöÇÔöÇÔöÇÔöÇÔöÇÔöÇÔöÇÔöÇÔöÇÔöÇÔöÇÔöÇÔöÇÔöÇÔöÇÔöÇÔöÇÔöÇÔöÇÔöÇÔöÇÔöÇÔöÇÔöÇÔöÇÔöÇÔöÇÔöÇÔöÇÔöÇÔöÇÔöÇÔöÇÔöÿ[0m

[1;38;2;255;215;0mÔò¡ÔöÇ ÔÜò Hermes ÔöÇÔöÇÔöÇÔöÇÔöÇÔöÇÔöÇÔöÇÔöÇÔöÇÔöÇÔöÇÔöÇÔöÇÔöÇÔöÇÔöÇÔöÇÔöÇÔöÇÔöÇÔöÇÔöÇÔöÇÔöÇÔöÇÔöÇÔöÇÔöÇÔöÇÔöÇÔöÇÔöÇÔöÇÔöÇÔöÇÔöÇÔöÇÔöÇÔöÇÔöÇÔöÇÔöÇÔöÇÔöÇÔöÇÔöÇÔöÇÔöÇÔöÇÔöÇÔöÇÔöÇÔöÇÔöÇÔöÇÔöÇÔöÇÔöÇÔöÇÔöÇÔöÇÔöÇÔöÇÔöÇÔöÇÔöÇÔò«[0m
    [38;2;255;248;220mEl gate falla en 6 puntos. Analizo cada uno y los corrijo en su ra├¡z:[0m
    [38;2;255;248;220m[0m
    [38;2;255;248;220m1. color.accent.orange.dim / .glow: mi JSON usa orange_dim/orange_glow anidados; el resolver del verify convierte todos los puntos a guion bajo y rompe. Lo arreglo en el verify (resolver segmento a segmento) y confirmo.[0m
    [38;2;255;248;220m2. METICA PRINCIPAL: typo en mi lista (debe ser M├ëTRICAÔåÆMETRICA).[0m
    [38;2;255;248;220m3. QTableView/QTabBar/QProgressBar: el search de widgets solo mira 3 docs (no STYLE_GUIDE donde est├í QProgressBar) y QTabBar no aplica a BLACKFORGE (usa QStackedWidget).[0m
    [38;2;255;248;220m[0m
  Ôöè ­ƒöÄ preparing search_filesÔÇª
    [38;2;255;248;220mVerifico presencia real de esos widgets en los docs antes de ajustar.[0m
[1;38;2;255;215;0mÔò░ÔöÇÔöÇÔöÇÔöÇÔöÇÔöÇÔöÇÔöÇÔöÇÔöÇÔöÇÔöÇÔöÇÔöÇÔöÇÔöÇÔöÇÔöÇÔöÇÔöÇÔöÇÔöÇÔöÇÔöÇÔöÇÔöÇÔöÇÔöÇÔöÇÔöÇÔöÇÔöÇÔöÇÔöÇÔöÇÔöÇÔöÇÔöÇÔöÇÔöÇÔöÇÔöÇÔöÇÔöÇÔöÇÔöÇÔöÇÔöÇÔöÇÔöÇÔöÇÔöÇÔöÇÔöÇÔöÇÔöÇÔöÇÔöÇÔöÇÔöÇÔöÇÔöÇÔöÇÔöÇÔöÇÔöÇÔöÇÔöÇÔöÇÔöÇÔöÇÔöÇÔöÇÔöÇÔöÇÔöÇÔöÇÔöÇÔò»[0m
  Ôöè ­ƒöÄ preparing search_filesÔÇª
  Ôöè ­ƒöÄ grep      QTableView|QTabBar|QProgressBar|QStackedWidget|QScrollArea|QMainWindow|QFrame  0.5s
  Ôöè ­ƒöÄ grep      QProgressBar|QTableView  0.5s

[2;3mÔöîÔöÇ Reasoning ÔöÇÔöÇÔöÇÔöÇÔöÇÔöÇÔöÇÔöÇÔöÇÔöÇÔöÇÔöÇÔöÇÔöÇÔöÇÔöÇÔöÇÔöÇÔöÇÔöÇÔöÇÔöÇÔöÇÔöÇÔöÇÔöÇÔöÇÔöÇÔöÇÔöÇÔöÇÔöÇÔöÇÔöÇÔöÇÔöÇÔöÇÔöÇÔöÇÔöÇÔöÇÔöÇÔöÇÔöÇÔöÇÔöÇÔöÇÔöÇÔöÇÔöÇÔöÇÔöÇÔöÇÔöÇÔöÇÔöÇÔöÇÔöÇÔöÇÔöÇÔöÇÔöÇÔöÇÔöÇÔöÇÔöÇÔöÉ[0m
[2;3mConfirmado: el problema es que el verify busca en `all_docs = uc + wt + sm` (3 docs)[0m
[2;3m pero NO incluye STYLE_GUIDE. Por eso QProgressBar (en STYLE_GUIDE) no aparece. Y[0m
[2;3m QTabBar no aplica a BLACKFORGE (es un QStackedWidget de 2 p├íginas CRIBA/BF, no tabs[0m
[2;3m). [0m
[2;3m[0m
[2;3mCorrect fixes:[0m
[2;3m1. theme_blackforge.json: realmente tiene orange_dim y orange_glow anidados bajo accent[0m
[2;3m.orange. The token path `color.accent.orange.dim` maps to `color.accent.orange.dim[0m
[2;3m` ÔåÆ under dict theme, dot_get("color.accent.orange.dim") ÔåÆ colorÔåÆaccentÔåÆorangeÔåÆdim.[0m
[2;3m In my JSON, orange has `orange` (string), `orange_dim` (string), `orange_glow` (string[0m
[2;3m) as flat siblings. So `color.accent.orange.dim` does NOT exist; `color.accent.orange.[0m
[2;3morange_dim` would. The convention in theme_criba.json uses underscores: `accent.blue`,[0m
[2;3m `accent.cyan`, `accent.violet`. So for blackforge, I should follow the SAME convention[0m
[2;3m as CRIBA: `color.accent.orange`, `color.accent.orange_dim`, `color.accent.orange_g[0m
[2;3mlow` ÔÇö i.e., flat under accent, using underscores. That matches how REQUIRED_THEME[0m
[2;3m_TOKENS and the verify's dot_get+underscore handling work.[0m
[2;3m[0m
[2;3mActually my REQUIRED_THEME_TOKENS uses `color.accent.orange.dim` and `color.accent.[0m
[2;3morange.glow`. But CRIBA's theme uses `color.accent.blue` (flat). The cleanest, self[0m
[2;3m-consistent fix: change theme_blackforge.json to use flat underscore keys matching[0m
[2;3m the token list, AND fix the verify to handle the underscore correctly. [0m
[2;3m[0m
[2;3mLet me make theme_blackforge.json use:[0m
[2;3m- color.accent.orange: "#FF7A1A"[0m
[2;3m- color.accent.orange_dim: "#C2410C"[0m
[2;3m- color.accent.orange_glow: "#FF9A3D"[0m
[2;3m[0m
[2;3mAnd REQUIRED_THEME_TOKENS stays `color.accent.orange.dim` / `color.accent.orange.g[0m
[2;3mlow`. The verify `theme_has_token` does `dot_get(theme, token)` (dot) and `dot_get(the[0m
[2;3mme, token.replace(".","_"))` (underscore). With theme key `color.accent.orange_dim`,[0m
[2;3m token `color.accent.orange.dim` ÔåÆ dot path fails (no .dim child), underscore path `[0m
[2;3mcolor_accent_orange_dim` ÔåÆ dot_get walks colorÔåÆaccentÔåÆorange_dim ÔåÆ exists. [0m
[2;3m[0m
[2;3mSo fix #1: edit theme JSON to flat underscore keys. Also CROSSCHECK `color.accent.[0m
[2;3morange.glow` ÔåÆ value #FF9A3D: dot_get(theme, "color.accent.orange.glow") fails, then[0m
[2;3m `dot_get(theme, "color.accent.orange.glow".replace(".","_"))` = `color_accent_or[0m
[2;3mange_glow` ÔåÆ exists = #FF9A3D. Good, matches.[0m
[2;3m[0m
[2;3m2. Fix REQUIRED_BLOCKS typo: "METICA PRINCIPAL" ÔåÆ "METRICA PRINCIPAL". And confirm[0m
[2;3m UI_CONTRACT contains "M├ëTRICA PRINCIPAL" ÔåÆ fold ÔåÆ "METRICA PRINCIPAL". Yes my UI_CON[0m
[2;3mTRACT ┬º6.1 has "M├ëTRICA PRINCIPAL". Good.[0m
[2;3m[0m
[2;3m3. Widget checks: include STYLE_GUIDE in all_docs, and drop QTabBar (not applicable[0m
[2;3m to BF; CRIBA had it for ranking tabs; BF uses stacked pages). Replace QTabBar with Q[0m
[2;3mStackedWidget already present. So REQUIRED_WIDGETS = ["QMainWindow","QHBoxLayout","[0m
[2;3mQVBoxLayout","QFrame","QScrollArea","QPushButton","QTableView","QStackedWidget","[0m
[2;3mQProgressBar","footerStrip"]. And all_docs should include STYLE_GUIDE so QProgressBar and[0m
[2;3m QTableView are found.[0m
[2;3m[0m
[2;3mLet me also verify QTableView appears: STYLE_GUIDE ┬º4.11 "QTableView estilizado, si se[0m
[2;3m usa en Historial". Yes. QProgressBar in STYLE_GUIDE ┬º4.7. Yes. So including STYLE[0m
[2;3m_GUIDE fixes both.[0m
[2;3m[0m
[2;3mLet me apply the three fixes: edit theme JSON, edit verify (blocks typo + widgets[0m
[2;3m list + all_docs inclusion).[0m
[2;3m[0m
[2;3mLet me edit the theme JSON first.[0m
[2;3mÔööÔöÇÔöÇÔöÇÔöÇÔöÇÔöÇÔöÇÔöÇÔöÇÔöÇÔöÇÔöÇÔöÇÔöÇÔöÇÔöÇÔöÇÔöÇÔöÇÔöÇÔöÇÔöÇÔöÇÔöÇÔöÇÔöÇÔöÇÔöÇÔöÇÔöÇÔöÇÔöÇÔöÇÔöÇÔöÇÔöÇÔöÇÔöÇÔöÇÔöÇÔöÇÔöÇÔöÇÔöÇÔöÇÔöÇÔöÇÔöÇÔöÇÔöÇÔöÇÔöÇÔöÇÔöÇÔöÇÔöÇÔöÇÔöÇÔöÇÔöÇÔöÇÔöÇÔöÇÔöÇÔöÇÔöÇÔöÇÔöÇÔöÇÔöÇÔöÇÔöÇÔöÇÔöÇÔöÇÔöÇÔöÇÔöÇÔöÿ[0m

[1;38;2;255;215;0mÔò¡ÔöÇ ÔÜò Hermes ÔöÇÔöÇÔöÇÔöÇÔöÇÔöÇÔöÇÔöÇÔöÇÔöÇÔöÇÔöÇÔöÇÔöÇÔöÇÔöÇÔöÇÔöÇÔöÇÔöÇÔöÇÔöÇÔöÇÔöÇÔöÇÔöÇÔöÇÔöÇÔöÇÔöÇÔöÇÔöÇÔöÇÔöÇÔöÇÔöÇÔöÇÔöÇÔöÇÔöÇÔöÇÔöÇÔöÇÔöÇÔöÇÔöÇÔöÇÔöÇÔöÇÔöÇÔöÇÔöÇÔöÇÔöÇÔöÇÔöÇÔöÇÔöÇÔöÇÔöÇÔöÇÔöÇÔöÇÔöÇÔöÇÔöÇÔöÇÔò«[0m
    [38;2;255;248;220mConfirmado: las 3 carencias son del verificador, no del contenido. Corrijo en la ra├¡z:[0m
    [38;2;255;248;220m[0m
    [38;2;255;248;220m- theme JSON: uso claves planas con guion bajo (mismo convenio que CRIBA: accent.orange_dim), para que el resolver punto/guion_bajo funcione.[0m
    [38;2;255;248;220m- verify: incluir STYLE_GUIDE en la b├║squeda de widgets; quitar QTabBar[0m
    [38;2;255;248;220m(BLACKFORGE usa QStackedWidget de 2 p├íginas, no pesta├▒as); corregir typo[0m
  Ôöè ­ƒöº preparing patchÔÇª
    [38;2;255;248;220mMETICAÔåÆMETRICA.[0m
[1;38;2;255;215;0mÔò░ÔöÇÔöÇÔöÇÔöÇÔöÇÔöÇÔöÇÔöÇÔöÇÔöÇÔöÇÔöÇÔöÇÔöÇÔöÇÔöÇÔöÇÔöÇÔöÇÔöÇÔöÇÔöÇÔöÇÔöÇÔöÇÔöÇÔöÇÔöÇÔöÇÔöÇÔöÇÔöÇÔöÇÔöÇÔöÇÔöÇÔöÇÔöÇÔöÇÔöÇÔöÇÔöÇÔöÇÔöÇÔöÇÔöÇÔöÇÔöÇÔöÇÔöÇÔöÇÔöÇÔöÇÔöÇÔöÇÔöÇÔöÇÔöÇÔöÇÔöÇÔöÇÔöÇÔöÇÔöÇÔöÇÔöÇÔöÇÔöÇÔöÇÔöÇÔöÇÔöÇÔöÇÔöÇÔöÇÔöÇÔöÇÔöÇÔò»[0m
  Ôöè ­ƒöº preparing patchÔÇª
  Ôöè ­ƒöº patch     E:\PROYECTS\CRIBA\data\theme_blackforge.json  0.3s [old_string and new_string are identical]
  Ôöè ­ƒöº patch     E:\PROYECTS\CRIBA\scripts\verify_ui_contract_blackforge.py  1.6s
  Ôöè review diff
[38;2;218;165;32ma/E:\PROYECTS\CRIBA\scripts\verify_ui_contract_blackforge.py ÔåÆ b/E:\PROYECTS\CRIBA\scripts\verify_ui_contract_blackforge.py[0m
[38;2;139;134;130m@@ -62,14 +62,15 @@[0m
[38;2;184;134;11m [0m
[38;2;184;134;11m # Bloques funcionales recomendados (tarea 9.1..9.6) deben aparecer en el contrato.[0m
[38;2;184;134;11m REQUIRED_BLOCKS = [[0m
[38;2;255;255;255;48;2;119;20;20m-    "ESTADO DE SESION", "METICA PRINCIPAL", "DISTRIBUCION",[0m
[38;2;255;255;255;48;2;19;87;20m+    "ESTADO DE SESION", "METRICA PRINCIPAL", "DISTRIBUCION",[0m
[38;2;184;134;11m     "ALERTAS", "MODULOS PRINCIPALES", "FOOTER",[0m
[38;2;184;134;11m ][0m
[38;2;184;134;11m [0m
[38;2;184;134;11m # Seccion 11: lista explicita; QTableWidget se satisface con QTableView.[0m
[38;2;255;255;255;48;2;19;87;20m+# BLACKFORGE no usa QTabBar (usa QStackedWidget de 2 paginas CRIBA/BF).[0m
[38;2;184;134;11m REQUIRED_WIDGETS = [[0m
[38;2;184;134;11m     "QMainWindow", "QHBoxLayout", "QVBoxLayout", "QFrame", "QScrollArea",[0m
[38;2;255;255;255;48;2;119;20;20m-    "QPushButton", "QTableView", "QTabBar", "QStackedWidget", "QProgressBar",[0m
[38;2;255;255;255;48;2;19;87;20m+    "QPushButton", "QTableView", "QStackedWidget", "QProgressBar",[0m
[38;2;184;134;11m     "footerStrip",[0m
[38;2;184;134;11m ][0m
[38;2;184;134;11m TABLE_WIDGET_ALIASES = ["QTableWidget", "QTableView"][0m

[1;38;2;255;215;0mÔò¡ÔöÇ ÔÜò Hermes ÔöÇÔöÇÔöÇÔöÇÔöÇÔöÇÔöÇÔöÇÔöÇÔöÇÔöÇÔöÇÔöÇÔöÇÔöÇÔöÇÔöÇÔöÇÔöÇÔöÇÔöÇÔöÇÔöÇÔöÇÔöÇÔöÇÔöÇÔöÇÔöÇÔöÇÔöÇÔöÇÔöÇÔöÇÔöÇÔöÇÔöÇÔöÇÔöÇÔöÇÔöÇÔöÇÔöÇÔöÇÔöÇÔöÇÔöÇÔöÇÔöÇÔöÇÔöÇÔöÇÔöÇÔöÇÔöÇÔöÇÔöÇÔöÇÔöÇÔöÇÔöÇÔöÇÔöÇÔöÇÔöÇÔöÇÔöÇÔò«[0m
    [38;2;255;248;220mEl patch del theme JSON fall├│ porque el old/new eran id├®nticos (ya tiene[0m
    [38;2;255;248;220morange_dim/orange_glow anidados, no orange.dim). El problema real[0m
    [38;2;255;248;220mes el resolver del verify: convierte accent.orange.dim ÔåÆ[0m
    [38;2;255;248;220maccent_orange_dim pero mi JSON tiene accent.orange_dim (no anidado).[0m
    [38;2;255;248;220mLo corrijo en el resolver del verify para que pruebe ambas formas[0m
    [38;2;255;248;220m(anidado y aplanado con guion bajo en el ├║ltimo segmento). Tambi├®n[0m
    [38;2;255;248;220mincluyo STYLE_GUIDE en la b├║squeda de widgets.[0m
[1;38;2;255;215;0mÔò░ÔöÇÔöÇÔöÇÔöÇÔöÇÔöÇÔöÇÔöÇÔöÇÔöÇÔöÇÔöÇÔöÇÔöÇÔöÇÔöÇÔöÇÔöÇÔöÇÔöÇÔöÇÔöÇÔöÇÔöÇÔöÇÔöÇÔöÇÔöÇÔöÇÔöÇÔöÇÔöÇÔöÇÔöÇÔöÇÔöÇÔöÇÔöÇÔöÇÔöÇÔöÇÔöÇÔöÇÔöÇÔöÇÔöÇÔöÇÔöÇÔöÇÔöÇÔöÇÔöÇÔöÇÔöÇÔöÇÔöÇÔöÇÔöÇÔöÇÔöÇÔöÇÔöÇÔöÇÔöÇÔöÇÔöÇÔöÇÔöÇÔöÇÔöÇÔöÇÔöÇÔöÇÔöÇÔöÇÔöÇÔöÇÔöÇÔò»[0m
  Ôöè ­ƒöº preparing patchÔÇª
  Ôöè ­ƒöº patch     E:\PROYECTS\CRIBA\scripts\verify_ui_contract_blackforge.py  1.7s
  Ôöè review diff
[38;2;218;165;32ma/E:\PROYECTS\CRIBA\scripts\verify_ui_contract_blackforge.py ÔåÆ b/E:\PROYECTS\CRIBA\scripts\verify_ui_contract_blackforge.py[0m
[38;2;139;134;130m@@ -112,16 +112,25 @@[0m
[38;2;184;134;11m [0m
[38;2;184;134;11m [0m
[38;2;184;134;11m def theme_has_token(theme, token):[0m
[38;2;255;255;255;48;2;119;20;20m-    alt = token.replace(".", "_")[0m
[38;2;255;255;255;48;2;119;20;20m-    for key in (token, alt):[0m
[38;2;255;255;255;48;2;19;87;20m+    # Prueba notacion punto anidada y notacion aplanada con guion bajo, en[0m
[38;2;255;255;255;48;2;19;87;20m+    # ambas variantes: todo-con-guion-bajo y solo-ultimo-segmento-con-guion-bajo[0m
[38;2;255;255;255;48;2;19;87;20m+    # (p.ej. color.accent.orange.dim -> color.accent.orange_dim).[0m
[38;2;255;255;255;48;2;19;87;20m+    parts = token.split(".")[0m
[38;2;255;255;255;48;2;19;87;20m+    base = ".".join(parts[:-1])[0m
[38;2;255;255;255;48;2;19;87;20m+    last = parts[-1][0m
[38;2;255;255;255;48;2;19;87;20m+    candidates = [[0m
[38;2;255;255;255;48;2;19;87;20m+        token,                          # color.accent.orange.dim[0m
[38;2;255;255;255;48;2;19;87;20m+        token.replace(".", "_"),       # color_accent_orange_dim[0m
[38;2;255;255;255;48;2;19;87;20m+        f"{base}_{last}",              # color.accent.orange_dim[0m
[38;2;255;255;255;48;2;19;87;20m+        f"{base}_{last}".replace(".", "_"),  # color_accent_orange_dim (redundante, safe)[0m
[38;2;255;255;255;48;2;19;87;20m+    ][0m
[38;2;255;255;255;48;2;19;87;20m+    for key in candidates:[0m
[38;2;184;134;11m         if dot_get(theme, key) is not None:[0m
[38;2;184;134;11m             return True[0m
[38;2;184;134;11m     if token == "shadow.glow":[0m
[38;2;184;134;11m         return dot_get(theme, "shadow.glow_1") is not None and dot_get(theme, "shadow.glow_2") is not None[0m
[38;2;184;134;11m     if token == "color.bg.card.hover":[0m
[38;2;184;134;11m         return dot_get(theme, "color.bg.card_hover") is not None[0m
[38;2;255;255;255;48;2;119;20;20m-    if token == "color.accent.orange.glow":[0m
[38;2;255;255;255;48;2;119;20;20m-        return dot_get(theme, "color.accent.orange_glow") is not None[0m
[38;2;184;134;11m     return False[0m
[38;2;184;134;11m [0m
[38;2;184;134;11m [0m

[1;38;2;255;215;0mÔò¡ÔöÇ ÔÜò Hermes ÔöÇÔöÇÔöÇÔöÇÔöÇÔöÇÔöÇÔöÇÔöÇÔöÇÔöÇÔöÇÔöÇÔöÇÔöÇÔöÇÔöÇÔöÇÔöÇÔöÇÔöÇÔöÇÔöÇÔöÇÔöÇÔöÇÔöÇÔöÇÔöÇÔöÇÔöÇÔöÇÔöÇÔöÇÔöÇÔöÇÔöÇÔöÇÔöÇÔöÇÔöÇÔöÇÔöÇÔöÇÔöÇÔöÇÔöÇÔöÇÔöÇÔöÇÔöÇÔöÇÔöÇÔöÇÔöÇÔöÇÔöÇÔöÇÔöÇÔöÇÔöÇÔöÇÔöÇÔöÇÔöÇÔöÇÔöÇÔò«[0m
    [38;2;255;248;220mAhora incluyo STYLE_GUIDE en la b├║squeda de widgets y el crosscheck de[0m
    [38;2;255;248;220morange.glow.[0m
[1;38;2;255;215;0mÔò░ÔöÇÔöÇÔöÇÔöÇÔöÇÔöÇÔöÇÔöÇÔöÇÔöÇÔöÇÔöÇÔöÇÔöÇÔöÇÔöÇÔöÇÔöÇÔöÇÔöÇÔöÇÔöÇÔöÇÔöÇÔöÇÔöÇÔöÇÔöÇÔöÇÔöÇÔöÇÔöÇÔöÇÔöÇÔöÇÔöÇÔöÇÔöÇÔöÇÔöÇÔöÇÔöÇÔöÇÔöÇÔöÇÔöÇÔöÇÔöÇÔöÇÔöÇÔöÇÔöÇÔöÇÔöÇÔöÇÔöÇÔöÇÔöÇÔöÇÔöÇÔöÇÔöÇÔöÇÔöÇÔöÇÔöÇÔöÇÔöÇÔöÇÔöÇÔöÇÔöÇÔöÇÔöÇÔöÇÔöÇÔöÇÔöÇÔò»[0m
  Ôöè ­ƒöº preparing patchÔÇª
  Ôöè ­ƒöº patch     E:\PROYECTS\CRIBA\scripts\verify_ui_contract_blackforge.py  1.5s
  Ôöè review diff
[38;2;218;165;32ma/E:\PROYECTS\CRIBA\scripts\verify_ui_contract_blackforge.py ÔåÆ b/E:\PROYECTS\CRIBA\scripts\verify_ui_contract_blackforge.py[0m
[38;2;139;134;130m@@ -214,7 +214,8 @@[0m
[38;2;184;134;11m     checks.append(f"ui_contract_bloques: {blk_ok}/{len(REQUIRED_BLOCKS)}")[0m
[38;2;184;134;11m [0m
[38;2;184;134;11m     wt = read_text(os.path.join(DOCS, "WIDGET_TREE_BLACKFORGE.md"))[0m
[38;2;255;255;255;48;2;119;20;20m-    all_docs = uc + wt + read_text(os.path.join(DOCS, "STATE_MATRIX_BLACKFORGE.md"))[0m
[38;2;255;255;255;48;2;19;87;20m+    sg_bf = read_text(os.path.join(DOCS, "STYLE_GUIDE_BLACKFORGE.md"))[0m
[38;2;255;255;255;48;2;19;87;20m+    all_docs = uc + wt + sg_bf + read_text(os.path.join(DOCS, "STATE_MATRIX_BLACKFORGE.md"))[0m
[38;2;184;134;11m     for w in REQUIRED_WIDGETS:[0m
[38;2;184;134;11m         present = w in all_docs[0m
[38;2;184;134;11m         if w == "QTableView":[0m

[1;38;2;255;215;0mÔò¡ÔöÇ ÔÜò Hermes ÔöÇÔöÇÔöÇÔöÇÔöÇÔöÇÔöÇÔöÇÔöÇÔöÇÔöÇÔöÇÔöÇÔöÇÔöÇÔöÇÔöÇÔöÇÔöÇÔöÇÔöÇÔöÇÔöÇÔöÇÔöÇÔöÇÔöÇÔöÇÔöÇÔöÇÔöÇÔöÇÔöÇÔöÇÔöÇÔöÇÔöÇÔöÇÔöÇÔöÇÔöÇÔöÇÔöÇÔöÇÔöÇÔöÇÔöÇÔöÇÔöÇÔöÇÔöÇÔöÇÔöÇÔöÇÔöÇÔöÇÔöÇÔöÇÔöÇÔöÇÔöÇÔöÇÔöÇÔöÇÔöÇÔöÇÔöÇÔò«[0m
    [38;2;255;248;220mVuelvo a ejecutar el gate.[0m
[1;38;2;255;215;0mÔò░ÔöÇÔöÇÔöÇÔöÇÔöÇÔöÇÔöÇÔöÇÔöÇÔöÇÔöÇÔöÇÔöÇÔöÇÔöÇÔöÇÔöÇÔöÇÔöÇÔöÇÔöÇÔöÇÔöÇÔöÇÔöÇÔöÇÔöÇÔöÇÔöÇÔöÇÔöÇÔöÇÔöÇÔöÇÔöÇÔöÇÔöÇÔöÇÔöÇÔöÇÔöÇÔöÇÔöÇÔöÇÔöÇÔöÇÔöÇÔöÇÔöÇÔöÇÔöÇÔöÇÔöÇÔöÇÔöÇÔöÇÔöÇÔöÇÔöÇÔöÇÔöÇÔöÇÔöÇÔöÇÔöÇÔöÇÔöÇÔöÇÔöÇÔöÇÔöÇÔöÇÔöÇÔöÇÔöÇÔöÇÔöÇÔöÇÔò»[0m
  Ôöè ­ƒÉì preparing execute_codeÔÇª
  Ôöè ­ƒÉì exec      import subprocess, os  0.3s

[1;38;2;255;215;0mÔò¡ÔöÇ ÔÜò Hermes ÔöÇÔöÇÔöÇÔöÇÔöÇÔöÇÔöÇÔöÇÔöÇÔöÇÔöÇÔöÇÔöÇÔöÇÔöÇÔöÇÔöÇÔöÇÔöÇÔöÇÔöÇÔöÇÔöÇÔöÇÔöÇÔöÇÔöÇÔöÇÔöÇÔöÇÔöÇÔöÇÔöÇÔöÇÔöÇÔöÇÔöÇÔöÇÔöÇÔöÇÔöÇÔöÇÔöÇÔöÇÔöÇÔöÇÔöÇÔöÇÔöÇÔöÇÔöÇÔöÇÔöÇÔöÇÔöÇÔöÇÔöÇÔöÇÔöÇÔöÇÔöÇÔöÇÔöÇÔöÇÔöÇÔöÇÔöÇÔò«[0m
    [38;2;255;248;220mQueda 1 fallo: el crosscheck de accent.orange.glow. Mi JSON lo tiene[0m
    [38;2;255;248;220mcomo accent.orange_glow (valor #FF9A3D), pero el crosscheck usa[0m
    [38;2;255;248;220mnotaci├│n punto color.accent.orange.glow. El resolver de dot_get no[0m
    [38;2;255;248;220mmaneja la mezcla punto/guion_bajo. Lo corrijo en el crosscheck para[0m
    [38;2;255;248;220mprobar ambas formas.[0m
[1;38;2;255;215;0mÔò░ÔöÇÔöÇÔöÇÔöÇÔöÇÔöÇÔöÇÔöÇÔöÇÔöÇÔöÇÔöÇÔöÇÔöÇÔöÇÔöÇÔöÇÔöÇÔöÇÔöÇÔöÇÔöÇÔöÇÔöÇÔöÇÔöÇÔöÇÔöÇÔöÇÔöÇÔöÇÔöÇÔöÇÔöÇÔöÇÔöÇÔöÇÔöÇÔöÇÔöÇÔöÇÔöÇÔöÇÔöÇÔöÇÔöÇÔöÇÔöÇÔöÇÔöÇÔöÇÔöÇÔöÇÔöÇÔöÇÔöÇÔöÇÔöÇÔöÇÔöÇÔöÇÔöÇÔöÇÔöÇÔöÇÔöÇÔöÇÔöÇÔöÇÔöÇÔöÇÔöÇÔöÇÔöÇÔöÇÔöÇÔöÇÔöÇÔò»[0m
  Ôöè ­ƒöº preparing patchÔÇª
  Ôöè ­ƒöº patch     E:\PROYECTS\CRIBA\scripts\verify_ui_contract_blackforge.py  1.4s
  Ôöè review diff
[38;2;218;165;32ma/E:\PROYECTS\CRIBA\scripts\verify_ui_contract_blackforge.py ÔåÆ b/E:\PROYECTS\CRIBA\scripts\verify_ui_contract_blackforge.py[0m
[38;2;139;134;130m@@ -168,7 +168,11 @@[0m
[38;2;184;134;11m         sg = read_text(os.path.join(DOCS, "STYLE_GUIDE_BLACKFORGE.md"))[0m
[38;2;184;134;11m         bad = [][0m
[38;2;184;134;11m         for tok, val in CROSSCHECK.items():[0m
[38;2;255;255;255;48;2;119;20;20m-            actual = dot_get(theme, tok) or dot_get(theme, tok.replace(".", "_"))[0m
[38;2;255;255;255;48;2;19;87;20m+            actual = None[0m
[38;2;255;255;255;48;2;19;87;20m+            for key in (tok, tok.replace(".", "_"), "_".join(tok.split(".")[:-1]) + "_" + tok.split(".")[-1]):[0m
[38;2;255;255;255;48;2;19;87;20m+                actual = dot_get(theme, key)[0m
[38;2;255;255;255;48;2;19;87;20m+                if actual is not None:[0m
[38;2;255;255;255;48;2;19;87;20m+                    break[0m
[38;2;184;134;11m             if actual != val:[0m
[38;2;184;134;11m                 bad.append(f"{tok}: theme={actual} != {val}")[0m
[38;2;184;134;11m             elif fold(val) not in fold(sg):[0m
  Ôöè ­ƒÉì preparing execute_codeÔÇª
  Ôöè ­ƒÉì exec      import subprocess, os  0.2s

[1;38;2;255;215;0mÔò¡ÔöÇ ÔÜò Hermes ÔöÇÔöÇÔöÇÔöÇÔöÇÔöÇÔöÇÔöÇÔöÇÔöÇÔöÇÔöÇÔöÇÔöÇÔöÇÔöÇÔöÇÔöÇÔöÇÔöÇÔöÇÔöÇÔöÇÔöÇÔöÇÔöÇÔöÇÔöÇÔöÇÔöÇÔöÇÔöÇÔöÇÔöÇÔöÇÔöÇÔöÇÔöÇÔöÇÔöÇÔöÇÔöÇÔöÇÔöÇÔöÇÔöÇÔöÇÔöÇÔöÇÔöÇÔöÇÔöÇÔöÇÔöÇÔöÇÔöÇÔöÇÔöÇÔöÇÔöÇÔöÇÔöÇÔöÇÔöÇÔöÇÔöÇÔöÇÔò«[0m
    [38;2;255;248;220mSigue fallando. El crosscheck color.accent.orange.glow deber├¡a resolver[0m
    [38;2;255;248;220ma accent.orange_glow. El tercer candidato genera[0m
    [38;2;255;248;220m"".join(["color","accent","orange"])+""+ "glow" =[0m
    [38;2;255;248;220mcolor_accent_orange_glow, no color.accent.orange_glow. El bug:[0m
    [38;2;255;248;220mtok.split(".")[:-1] son 3 partes, se unen con _ y dan[0m
    [38;2;255;248;220mcolor_accent_orange. Debo construir base conservando puntos:[0m
    [38;2;255;248;220mcolor.accent + _ + glow = color.accent_orange_glow... tampoco. El[0m
    [38;2;255;248;220mformato real del JSON es color.accent.orange_glow. As├¡ que la clave[0m
    [38;2;255;248;220mcorrecta es color.accent.orange_glow = base="color.accent.orange" +[0m
    [38;2;255;248;220m_ + glow. Mi generador anterior (en theme_has_token) s├¡ hac├¡a eso[0m
    [38;2;255;248;220mcon base = ".".join(parts[:-1]). Aqu├¡ lo reescrib├¡ mal. Lo corrijo.[0m
[1;38;2;255;215;0mÔò░ÔöÇÔöÇÔöÇÔöÇÔöÇÔöÇÔöÇÔöÇÔöÇÔöÇÔöÇÔöÇÔöÇÔöÇÔöÇÔöÇÔöÇÔöÇÔöÇÔöÇÔöÇÔöÇÔöÇÔöÇÔöÇÔöÇÔöÇÔöÇÔöÇÔöÇÔöÇÔöÇÔöÇÔöÇÔöÇÔöÇÔöÇÔöÇÔöÇÔöÇÔöÇÔöÇÔöÇÔöÇÔöÇÔöÇÔöÇÔöÇÔöÇÔöÇÔöÇÔöÇÔöÇÔöÇÔöÇÔöÇÔöÇÔöÇÔöÇÔöÇÔöÇÔöÇÔöÇÔöÇÔöÇÔöÇÔöÇÔöÇÔöÇÔöÇÔöÇÔöÇÔöÇÔöÇÔöÇÔöÇÔöÇÔöÇÔò»[0m
  Ôöè ­ƒöº preparing patchÔÇª
  Ôöè ­ƒöº patch     E:\PROYECTS\CRIBA\scripts\verify_ui_contract_blackforge.py  1.7s
  Ôöè review diff
[38;2;218;165;32ma/E:\PROYECTS\CRIBA\scripts\verify_ui_contract_blackforge.py ÔåÆ b/E:\PROYECTS\CRIBA\scripts\verify_ui_contract_blackforge.py[0m
[38;2;139;134;130m@@ -169,7 +169,10 @@[0m
[38;2;184;134;11m         bad = [][0m
[38;2;184;134;11m         for tok, val in CROSSCHECK.items():[0m
[38;2;184;134;11m             actual = None[0m
[38;2;255;255;255;48;2;119;20;20m-            for key in (tok, tok.replace(".", "_"), "_".join(tok.split(".")[:-1]) + "_" + tok.split(".")[-1]):[0m
[38;2;255;255;255;48;2;19;87;20m+            parts = tok.split(".")[0m
[38;2;255;255;255;48;2;19;87;20m+            base = ".".join(parts[:-1])[0m
[38;2;255;255;255;48;2;19;87;20m+            last = parts[-1][0m
[38;2;255;255;255;48;2;19;87;20m+            for key in (tok, tok.replace(".", "_"), f"{base}_{last}"):[0m
[38;2;184;134;11m                 actual = dot_get(theme, key)[0m
[38;2;184;134;11m                 if actual is not None:[0m
[38;2;184;134;11m                     break[0m
  Ôöè ­ƒÉì preparing execute_codeÔÇª
  Ôöè ­ƒÉì exec      import subprocess, os  0.3s

[1;38;2;255;215;0mÔò¡ÔöÇ ÔÜò Hermes ÔöÇÔöÇÔöÇÔöÇÔöÇÔöÇÔöÇÔöÇÔöÇÔöÇÔöÇÔöÇÔöÇÔöÇÔöÇÔöÇÔöÇÔöÇÔöÇÔöÇÔöÇÔöÇÔöÇÔöÇÔöÇÔöÇÔöÇÔöÇÔöÇÔöÇÔöÇÔöÇÔöÇÔöÇÔöÇÔöÇÔöÇÔöÇÔöÇÔöÇÔöÇÔöÇÔöÇÔöÇÔöÇÔöÇÔöÇÔöÇÔöÇÔöÇÔöÇÔöÇÔöÇÔöÇÔöÇÔöÇÔöÇÔöÇÔöÇÔöÇÔöÇÔöÇÔöÇÔöÇÔöÇÔöÇÔöÇÔò«[0m
    [38;2;255;248;220mGATE PASS reproducible (RC=0 en dos ejecuciones). Todos los entregables[0m
    [38;2;255;248;220mobligatorios verificados. La tarea de esta fase (secci├│n 14) est├í[0m
    [38;2;255;248;220mcompleta y verificada. Ahora escribo los checkpoints del protocolo de[0m
    [38;2;255;248;220mautorregeneraci├│n y el archivo de finalizaci├│n.[0m
    [38;2;255;248;220m[0m
    [38;2;255;248;220mRegistro el checkpoint en HANDOFF.md y los archivos de estado[0m
    [38;2;255;248;220mestructurado.[0m
[1;38;2;255;215;0mÔò░ÔöÇÔöÇÔöÇÔöÇÔöÇÔöÇÔöÇÔöÇÔöÇÔöÇÔöÇÔöÇÔöÇÔöÇÔöÇÔöÇÔöÇÔöÇÔöÇÔöÇÔöÇÔöÇÔöÇÔöÇÔöÇÔöÇÔöÇÔöÇÔöÇÔöÇÔöÇÔöÇÔöÇÔöÇÔöÇÔöÇÔöÇÔöÇÔöÇÔöÇÔöÇÔöÇÔöÇÔöÇÔöÇÔöÇÔöÇÔöÇÔöÇÔöÇÔöÇÔöÇÔöÇÔöÇÔöÇÔöÇÔöÇÔöÇÔöÇÔöÇÔöÇÔöÇÔöÇÔöÇÔöÇÔöÇÔöÇÔöÇÔöÇÔöÇÔöÇÔöÇÔöÇÔöÇÔöÇÔöÇÔöÇÔöÇÔò»[0m
  Ôöè Ô£ì´©Å preparing write_fileÔÇª
  Ôöè Ô£ì´©Å  write     E:\PROYECTS\CRIBA\HANDOFF.md  1.3s
  Ôöè review diff
[38;2;218;165;32ma/HANDOFF.md ÔåÆ b/HANDOFF.md[0m
[38;2;139;134;130m@@ -1,129 +1,51 @@[0m
[38;2;255;255;255;48;2;119;20;20m-# HANDOFF ÔÇö CRIBA MVP gate (condiciones 13-17 + verificaci├│n de mecanismo causal)[0m
[38;2;255;255;255;48;2;19;87;20m+# AUTOREGENERATION_CHECKPOINT[0m
[38;2;184;134;11m [0m
[38;2;255;255;255;48;2;119;20;20m-├Ültima actualizaci├│n: 2026-07-23. Estado del gate: VERDE (28 passed).[0m
[38;2;255;255;255;48;2;119;20;20m-[0m
[38;2;255;255;255;48;2;119;20;20m-## PASO 13  VERIFICADO[0m
[38;2;255;255;255;48;2;119;20;20m-Evidencia: tests/test_packet_ideas_invariant.py (4 tests passed).[0m
[38;2;255;255;255;48;2;119;20;20m-Pruebas: test_legacy_and_innovation_ideas_never_diverge, test_order_and_id_set_equal,[0m
[38;2;255;255;255;48;2;119;20;20m-test_content_per_id_equal, test_provoked_divergence_rejected.[0m
[38;2;255;255;255;48;2;119;20;20m-Resultado: packet["ideas"] es el MISMO objeto que packet["innovation"]["ideas"].[0m
[38;2;255;255;255;48;2;119;20;20m-Longitud, orden, IDs y contenido por ID nunca divergen. Una sola colecci├│n can├│nica.[0m
[38;2;255;255;255;48;2;119;20;20m-Pendiente: ninguno.[0m
[38;2;255;255;255;48;2;119;20;20m-[0m
[38;2;255;255;255;48;2;119;20;20m-## PASO 14  VERIFICADO[0m
[38;2;255;255;255;48;2;119;20;20m-Evidencia: tests/test_genome_similarity_unknown.py (8 tests passed).[0m
[38;2;255;255;255;48;2;119;20;20m-Pruebas: all-unknown -> similitud 0.0; empty-vs-complete baja; single-known low coverage;[0m
[38;2;255;255;255;48;2;119;20;20m-nearly-empty nunca probable_duplicate; {"unknown"} no Jaccard 1; unknown ignorado en Jaccard;[0m
[38;2;255;255;255;48;2;119;20;20m-low coverage bloquea duplicado; cobertura en salida.[0m
[38;2;255;255;255;48;2;119;20;20m-Resultado: similarity.py elimina 'unknown' antes de Jaccard; pesos normalizados a las 5 dims[0m
[38;2;255;255;255;48;2;119;20;20m-del genoma MVP (suman 1.0); si todos los campos son unknown -> similitud 0.0; dos genomas[0m
[38;2;255;255;255;48;2;119;20;20m-incompletos NUNCA son duplicado por ausencia. Salida incluye similarity, coverage,[0m
[38;2;255;255;255;48;2;119;20;20m-comparable_weight, matching_fields, different_fields, unknown_fields.[0m
[38;2;255;255;255;48;2;119;20;20m-Pendiente: ninguno.[0m
[38;2;255;255;255;48;2;119;20;20m-[0m
[38;2;255;255;255;48;2;119;20;20m-## PASO 15  VERIFICADO[0m
[38;2;255;255;255;48;2;119;20;20m-Fixture v1 utilizada: tests/fixtures/mandatory_model_packet_v1.json (real, generado por[0m
[38;2;255;255;255;48;2;119;20;20m-engine_v1_audit_intent.py, 4 ideas, schema sin versi├│n).[0m
[38;2;255;255;255;48;2;119;20;20m-Pruebas: test_fixture_is_real_v1, test_migration_no_exception_and_schema,[0m
[38;2;255;255;255;48;2;119;20;20m-test_legacy_fields_preserved, test_innovation_block_added, test_no_fabricated_content,[0m
[38;2;255;255;255;48;2;119;20;20m-test_legacy_alias_same_object, test_reopen_and_prompt_and_serialize.[0m
[38;2;255;255;255;48;2;119;20;20m-Resultado: migraci├│n v1->v2 sin excepci├│n; schema_version="2.0.0"; campos legacy conservados[0m
[38;2;255;255;255;48;2;119;20;20m-(selected_current, supporting_methods, contextualization, rupture, experiment, decision,[0m
[38;2;255;255;255;48;2;119;20;20m-model_instruction, response_contract); bloque innovation a├▒adido (known_space, saturated_mechanisms,[0m
[38;2;255;255;255;48;2;119;20;20m-assumptions, ruptures, idea_families, ideas, duplicate_report, unclassified_properties, migration);[0m
[38;2;255;255;255;48;2;119;20;20m-sin ideas fabricadas (conteo conservado, genomes incomplete=unknown, status migrated_incomplete).[0m
[38;2;255;255;255;48;2;119;20;20m-Pendiente: ninguno.[0m
[38;2;255;255;255;48;2;119;20;20m-[0m
[38;2;255;255;255;48;2;119;20;20m-## PASO 16  VERIFICADO[0m
[38;2;255;255;255;48;2;119;20;20m-Artefacto generado: verification/mvp_output_sample.json + verification/mvp_output_sample.normalized.json[0m
[38;2;255;255;255;48;2;119;20;20m-(golden master, headless, sin PySide6, query estable, determinista salvo UUID/timestamp excluidos).[0m
[38;2;255;255;255;48;2;119;20;20m-Hash: (verificar con certutil si se requiere en ejecuci├│n)[0m
[38;2;255;255;255;48;2;119;20;20m-Pruebas: tests/test_mvp_golden_output.py (7 tests passed): contrato can├│nico, schema, innovation[0m
[38;2;255;255;255;48;2;119;20;20m-presente, legacy fields, idea-view equality, genomes v├ílidos, duplicate report, determinismo,[0m
[38;2;255;255;255;48;2;119;20;20m-golden master match.[0m
[38;2;255;255;255;48;2;119;20;20m-Resultado: golden master no se auto-actualiza; coincide con salida determinista.[0m
[38;2;255;255;255;48;2;119;20;20m-Pendiente: ninguno.[0m
[38;2;255;255;255;48;2;119;20;20m-[0m
[38;2;255;255;255;48;2;119;20;20m-## VERIFICACI├ôN EXTRA ÔÇö mecanismo causal (cuarta verificaci├│n)[0m
[38;2;255;255;255;48;2;119;20;20m-Evidencia: tests/test_causal_mechanism.py (3 tests passed).[0m
[38;2;255;255;255;48;2;119;20;20m-Pruebas: test_every_idea_has_structured_causal_variables,[0m
[38;2;255;255;255;48;2;119;20;20m-test_same_mechanism_distinct_family_differs_in_causal_vars,[0m
[38;2;255;255;255;48;2;119;20;20m-test_two_ideas_same_causal_vars_are_flagged_same.[0m
[38;2;255;255;255;48;2;119;20;20m-Resultado: cada idea declara causal_variables estructurado (quien_decide, cuando,[0m
[38;2;255;255;255;48;2;119;20;20m-evidencia_requerida, si_falla, topologia) + mechanism_causal. Dos ideas con mismo mechanism[0m
[38;2;255;255;255;48;2;119;20;20m-pero distinct cross tienen vectores causales distintos por construcci├│n. Dos ideas con mismo[0m
[38;2;255;255;255;48;2;119;20;20m-vector son detectadas como la misma idea (no se ocultan tras el t├¡tulo).[0m
[38;2;255;255;255;48;2;119;20;20m-[0m
[38;2;255;255;255;48;2;119;20;20m-## ├ÜLTIMO COMANDO EJECUTADO[0m
[38;2;255;255;255;48;2;119;20;20m-C:\Users\KLSX\AppData\Local\Programs\Python\Python312\python.exe -m pytest tests/test_packet_ideas_invariant.py tests/test_genome_similarity_unknown.py tests/test_packet_v1_regression.py tests/test_mvp_golden_output.py tests/test_causal_mechanism.py -q[0m
[38;2;255;255;255;48;2;119;20;20m-## ├ÜLTIMO RESULTADO[0m
[38;2;255;255;255;48;2;119;20;20m-RC=0, 28 passed.[0m
[38;2;255;255;255;48;2;119;20;20m-## ARCHIVOS CREADOS[0m
[38;2;255;255;255;48;2;119;20;20m-- src/criba/genome.py (ontolog├¡a cerrada + UnclassifiedProperty)[0m
[38;2;255;255;255;48;2;119;20;20m-- src/criba/similarity.py (Jaccard + unknown handling + coverage)[0m
[38;2;255;255;255;48;2;119;20;20m-- src/criba/migration.py (v1->v2)[0m
[38;2;255;255;255;48;2;119;20;20m-- src/criba/agentic.py (AgenticLayer stub LOCAL_MVP, hook futuro AGENTIC)[0m
[38;2;255;255;255;48;2;119;20;20m-- src/criba/engine_v1_audit_intent.py (copia recuperable del motor anterior)[0m
[38;2;255;255;255;48;2;119;20;20m-- tests/test_packet_ideas_invariant.py[0m
[38;2;255;255;255;48;2;119;20;20m-- tests/test_genome_similarity_unknown.py[0m
[38;2;255;255;255;48;2;119;20;20m-- tests/test_packet_v1_regression.py[0m
[38;2;255;255;255;48;2;119;20;20m-- tests/fixtures/mandatory_model_packet_v1.json[0m
[38;2;255;255;255;48;2;119;20;20m-- tests/test_mvp_golden_output.py[0m
[38;2;255;255;255;48;2;119;20;20m-- tests/test_causal_mechanism.py[0m
[38;2;255;255;255;48;2;119;20;20m-- scripts/verify-mvp.ps1[0m
[38;2;255;255;255;48;2;119;20;20m-- verification/mvp_output_sample.json[0m
[38;2;255;255;255;48;2;119;20;20m-- verification/mvp_output_sample.normalized.json[0m
[38;2;255;255;255;48;2;119;20;20m-- README_MVP.md[0m
[38;2;255;255;255;48;2;119;20;20m-## ARCHIVOS MODIFICADOS[0m
[38;2;139;134;130mÔÇª omitted 97 diff line(s) across 1 additional file(s)/section(s)[0m

[1;38;2;255;215;0mÔò¡ÔöÇ ÔÜò Hermes ÔöÇÔöÇÔöÇÔöÇÔöÇÔöÇÔöÇÔöÇÔöÇÔöÇÔöÇÔöÇÔöÇÔöÇÔöÇÔöÇÔöÇÔöÇÔöÇÔöÇÔöÇÔöÇÔöÇÔöÇÔöÇÔöÇÔöÇÔöÇÔöÇÔöÇÔöÇÔöÇÔöÇÔöÇÔöÇÔöÇÔöÇÔöÇÔöÇÔöÇÔöÇÔöÇÔöÇÔöÇÔöÇÔöÇÔöÇÔöÇÔöÇÔöÇÔöÇÔöÇÔöÇÔöÇÔöÇÔöÇÔöÇÔöÇÔöÇÔöÇÔöÇÔöÇÔöÇÔöÇÔöÇÔöÇÔöÇÔò«[0m
    [38;2;255;248;220mAhora escribo .autoregen/project_completed.json (la fase est├í 100%[0m
    [38;2;255;248;220mterminada y verificada por gate) y actualizo el estado de supervisor.[0m
[1;38;2;255;215;0mÔò░ÔöÇÔöÇÔöÇÔöÇÔöÇÔöÇÔöÇÔöÇÔöÇÔöÇÔöÇÔöÇÔöÇÔöÇÔöÇÔöÇÔöÇÔöÇÔöÇÔöÇÔöÇÔöÇÔöÇÔöÇÔöÇÔöÇÔöÇÔöÇÔöÇÔöÇÔöÇÔöÇÔöÇÔöÇÔöÇÔöÇÔöÇÔöÇÔöÇÔöÇÔöÇÔöÇÔöÇÔöÇÔöÇÔöÇÔöÇÔöÇÔöÇÔöÇÔöÇÔöÇÔöÇÔöÇÔöÇÔöÇÔöÇÔöÇÔöÇÔöÇÔöÇÔöÇÔöÇÔöÇÔöÇÔöÇÔöÇÔöÇÔöÇÔöÇÔöÇÔöÇÔöÇÔöÇÔöÇÔöÇÔöÇÔöÇÔò»[0m
  Ôöè Ô£ì´©Å preparing write_fileÔÇª
  Ôöè Ô£ì´©Å  write     E:\PROYECTS\CRIBA\.autoregen\project_completed.json  1.6s
  Ôöè review diff
[38;2;218;165;32ma/.autoregen\project_completed.json ÔåÆ b/.autoregen\project_completed.json[0m
[38;2;139;134;130m@@ -0,0 +1,19 @@[0m
[38;2;255;255;255;48;2;19;87;20m+{[0m
[38;2;255;255;255;48;2;19;87;20m+  "signal": "PROJECT_COMPLETED",[0m
[38;2;255;255;255;48;2;19;87;20m+  "final_gate": "PASS",[0m
[38;2;255;255;255;48;2;19;87;20m+  "phase": "CONTRATO_VISUAL_BLACKFORGE",[0m
[38;2;255;255;255;48;2;19;87;20m+  "generation": 1,[0m
[38;2;255;255;255;48;2;19;87;20m+  "gate_command": "python scripts/verify_ui_contract_blackforge.py",[0m
[38;2;255;255;255;48;2;19;87;20m+  "gate_result": "PASS (14 checks, RC=0, idempotente)",[0m
[38;2;255;255;255;48;2;19;87;20m+  "deliverables": [[0m
[38;2;255;255;255;48;2;19;87;20m+    "docs/UI_CONTRACT_BLACKFORGE.md",[0m
[38;2;255;255;255;48;2;19;87;20m+    "docs/STYLE_GUIDE_BLACKFORGE.md",[0m
[38;2;255;255;255;48;2;19;87;20m+    "docs/WIDGET_TREE_BLACKFORGE.md",[0m
[38;2;255;255;255;48;2;19;87;20m+    "docs/STATE_MATRIX_BLACKFORGE.md",[0m
[38;2;255;255;255;48;2;19;87;20m+    "data/theme_blackforge.json",[0m
[38;2;255;255;255;48;2;19;87;20m+    "data/assets/blackforge_hero.png",[0m
[38;2;255;255;255;48;2;19;87;20m+    "scripts/verify_ui_contract_blackforge.py"[0m
[38;2;255;255;255;48;2;19;87;20m+  ],[0m
[38;2;255;255;255;48;2;19;87;20m+  "notes": "Fase de contrato visual y estructural de BLACKFORGE completada y verificada. No se implemento la GUI final (prohibido en esta fase por 01_TAREA_ACTUAL.txt seccion 15). CRIBA (gui.py, theme_criba.json) intacto. BLACKFORGE es hermano: paleta negro+naranja, imagen de la criba conservada y reinterpretada, 8 zonas, 8 botones, 11 estados.",[0m
[38;2;255;255;255;48;2;19;87;20m+  "handoff": "HANDOFF.md"[0m
[38;2;255;255;255;48;2;19;87;20m+}[0m

[1;38;2;255;215;0mÔò¡ÔöÇ ÔÜò Hermes ÔöÇÔöÇÔöÇÔöÇÔöÇÔöÇÔöÇÔöÇÔöÇÔöÇÔöÇÔöÇÔöÇÔöÇÔöÇÔöÇÔöÇÔöÇÔöÇÔöÇÔöÇÔöÇÔöÇÔöÇÔöÇÔöÇÔöÇÔöÇÔöÇÔöÇÔöÇÔöÇÔöÇÔöÇÔöÇÔöÇÔöÇÔöÇÔöÇÔöÇÔöÇÔöÇÔöÇÔöÇÔöÇÔöÇÔöÇÔöÇÔöÇÔöÇÔöÇÔöÇÔöÇÔöÇÔöÇÔöÇÔöÇÔöÇÔöÇÔöÇÔöÇÔöÇÔöÇÔöÇÔöÇÔöÇÔöÇÔò«[0m
    [38;2;255;248;220mVerifico el estado final del supervisor y confirmo que no hay archivos[0m
    [38;2;255;248;220msueltos/en la ra├¡z fuera de los contratados. Luego cierro.[0m
[1;38;2;255;215;0mÔò░ÔöÇÔöÇÔöÇÔöÇÔöÇÔöÇÔöÇÔöÇÔöÇÔöÇÔöÇÔöÇÔöÇÔöÇÔöÇÔöÇÔöÇÔöÇÔöÇÔöÇÔöÇÔöÇÔöÇÔöÇÔöÇÔöÇÔöÇÔöÇÔöÇÔöÇÔöÇÔöÇÔöÇÔöÇÔöÇÔöÇÔöÇÔöÇÔöÇÔöÇÔöÇÔöÇÔöÇÔöÇÔöÇÔöÇÔöÇÔöÇÔöÇÔöÇÔöÇÔöÇÔöÇÔöÇÔöÇÔöÇÔöÇÔöÇÔöÇÔöÇÔöÇÔöÇÔöÇÔöÇÔöÇÔöÇÔöÇÔöÇÔöÇÔöÇÔöÇÔöÇÔöÇÔöÇÔöÇÔöÇÔöÇÔöÇÔò»[0m
  Ôöè ­ƒÉì preparing execute_codeÔÇª
  Ôöè ­ƒÉì exec      import os, json  0.2s

[1;38;2;255;215;0mÔò¡ÔöÇ ÔÜò Hermes ÔöÇÔöÇÔöÇÔöÇÔöÇÔöÇÔöÇÔöÇÔöÇÔöÇÔöÇÔöÇÔöÇÔöÇÔöÇÔöÇÔöÇÔöÇÔöÇÔöÇÔöÇÔöÇÔöÇÔöÇÔöÇÔöÇÔöÇÔöÇÔöÇÔöÇÔöÇÔöÇÔöÇÔöÇÔöÇÔöÇÔöÇÔöÇÔöÇÔöÇÔöÇÔöÇÔöÇÔöÇÔöÇÔöÇÔöÇÔöÇÔöÇÔöÇÔöÇÔöÇÔöÇÔöÇÔöÇÔöÇÔöÇÔöÇÔöÇÔöÇÔöÇÔöÇÔöÇÔöÇÔöÇÔöÇÔöÇÔò«[0m
    [38;2;255;248;220mTodo verificado y en su sitio. La fase est├í completa: los 4 documentos[0m
    [38;2;255;248;220mobligatorios + theme JSON + asset hero + gate reproducible, con CRIBA[0m
    [38;2;255;248;220mintacto y el gate en PASS reproducible (RC=0).[0m
    [38;2;255;248;220m[0m
    [38;2;255;248;220mPROJECT_COMPLETED[0m
    [38;2;255;248;220m[0m
    [38;2;255;248;220mResumen de la sesi├│n (generaci├│n 1, primera sesi├│n):[0m
    [38;2;255;248;220m- Fase ejecutada: CONTRATO VISUAL Y ESTRUCTURAL de BLACKFORGE (tarea[0m
    [38;2;255;248;220m01_TAREA_ACTUAL.txt ┬º1-17). NO se implement├│ la GUI final (prohibido en[0m
    [38;2;255;248;220mesta fase por ┬º15).[0m
    [38;2;255;248;220m- Le├¡ en orden: 01_TAREA_ACTUAL.txt y .autoregen/AUTOREGEN_GLOBAL.txt;[0m
    [38;2;255;248;220mluego los 4 docs de CRIBA, theme_criba.json, el verify existente de CRIBA[0m
    [38;2;255;248;220my la imagen de referencia (criba BLACKFORCE BF-516: negro carb├│n +[0m
    [38;2;255;248;220mnaranja vibrante, render 3D de la m├íquina como hero).[0m
    [38;2;255;248;220m[0m
    [38;2;255;248;220mEntregables producidos y verificados (gate reproducible RC=0, 14 checks,[0m
    [38;2;255;248;220midempotente):[0m
    [38;2;255;248;220m1. E:\PROYECTS\CRIBA\docs\UI_CONTRACT_BLACKFORGE.md ÔÇö 8 zonas (sidebar A,[0m
    [38;2;255;248;220mtop bar B, hero C con la criba reinterpretada, paneles D/E/F, m├│dulos G,[0m
    [38;2;255;248;220mfooter H), 8 botones de navegaci├│n, responsive 1360x768 y 1680x1050,[0m
    [38;2;255;248;220mrelaci├│n con CRIBA.[0m
    [38;2;255;248;220m2. E:\PROYECTS\CRIBA\docs\STYLE_GUIDE_BLACKFORGE.md ÔÇö tokens[0m
    [38;2;255;248;220mnegro+naranja, componentes can├│nicos, relaci├│n crom├ítica con CRIBA,[0m
    [38;2;255;248;220mbloqueo de contenido ofensivo no autorizado.[0m
    [38;2;255;248;220m3. E:\PROYECTS\CRIBA\docs\WIDGET_TREE_BLACKFORGE.md ÔÇö ├írbol PySide6 con[0m
    [38;2;255;248;220mobjectNames normativos, widgets custom (ForgeIntegrityGauge,[0m
    [38;2;255;248;220mHeroStageWidget, etc.), layout y archivos futuros.[0m
    [38;2;255;248;220m4. E:\PROYECTS\CRIBA\docs\STATE_MATRIX_BLACKFORGE.md ÔÇö los 11 estados[0m
    [38;2;255;248;220mobligatorios de la ┬º13 + matriz bot├│n├ùestado.[0m
    [38;2;255;248;220m5. E:\PROYECTS\CRIBA\data\theme_blackforge.json ÔÇö fuente ├║nica de tokens[0m
    [38;2;255;248;220m(43 tokens, paleta negro #0C0A08 + naranja #FF7A1A).[0m
    [38;2;255;248;220m6. E:\PROYECTS\CRIBA\data\assets\blackforge_hero.png ÔÇö imagen de la criba[0m
    [38;2;255;248;220manclada en el repo (contrato reproducible).[0m
    [38;2;255;248;220m7. E:\PROYECTS\CRIBA\scripts\verify_ui_contract_blackforge.py ÔÇö GATE[0m
    [38;2;255;248;220mreproducible (PASS, determinista).[0m
    [38;2;255;248;220m[0m
    [38;2;255;248;220mCheckpoints de autorregeneraci├│n escritos:[0m
    [38;2;255;248;220m- E:\PROYECTS\CRIBA\HANDOFF.md (estado VERIFIED, fase completa).[0m
    [38;2;255;248;220m- E:\PROYECTS\CRIBA\.autoregen\project_completed.json[0m
    [38;2;255;248;220m(signal=PROJECT_COMPLETED, final_gate=PASS).[0m
    [38;2;255;248;220m[0m
    [38;2;255;248;220mInvariantes cumplidos: paleta negro+naranja conservada, imagen de la[0m
    [38;2;255;248;220mcriba conservada y reinterpretada (no eliminada ni recolorida),[0m
    [38;2;255;248;220mBLACKFORGE es hermano de CRIBA (misma calidad/sistemas, distinta firma[0m
    [38;2;255;248;220mcrom├ítica), gui.py y theme_criba.json de CRIBA NO modificados.[0m
    [38;2;255;248;220m[0m
    [38;2;255;248;220mPr├│xima fase (cuando la indiques): implementaci├│n de la GUI de BLACKFORGE[0m
    [38;2;255;248;220msiguiendo estos contratos ÔÇö src/criba/ui/tokens_bf.py, theme_bf.py,[0m
    [38;2;255;248;220mwidgets_bf.py, blackforge_window.py. No se inici├│ en esta fase por[0m
    [38;2;255;248;220mmandato de la tarea ┬º15.El aviso del sistema es gen├®rico. Mi fase es de[0m
    [38;2;255;248;220mdocumentaci├│n/contrato (no GUI), y la verificaci├│n can├│nica de esta fase[0m
    [38;2;255;248;220mes precisamente el gate reproducible que ya ejecut├® dos veces con RC=0.[0m
    [38;2;255;248;220mNo hay suite de tests de GUI porque la tarea proh├¡be implementar la GUI[0m
    [38;2;255;248;220men esta fase (┬º15). Ejecuto una ├║ltima pasada limpia para dejar evidencia[0m
    [38;2;255;248;220mfresca.[0m
[1;38;2;255;215;0mÔò░ÔöÇÔöÇÔöÇÔöÇÔöÇÔöÇÔöÇÔöÇÔöÇÔöÇÔöÇÔöÇÔöÇÔöÇÔöÇÔöÇÔöÇÔöÇÔöÇÔöÇÔöÇÔöÇÔöÇÔöÇÔöÇÔöÇÔöÇÔöÇÔöÇÔöÇÔöÇÔöÇÔöÇÔöÇÔöÇÔöÇÔöÇÔöÇÔöÇÔöÇÔöÇÔöÇÔöÇÔöÇÔöÇÔöÇÔöÇÔöÇÔöÇÔöÇÔöÇÔöÇÔöÇÔöÇÔöÇÔöÇÔöÇÔöÇÔöÇÔöÇÔöÇÔöÇÔöÇÔöÇÔöÇÔöÇÔöÇÔöÇÔöÇÔöÇÔöÇÔöÇÔöÇÔöÇÔöÇÔöÇÔöÇÔöÇÔò»[0m
  Ôöè ­ƒÉì preparing execute_codeÔÇª
  Ôöè ­ƒÉì exec      import subprocess, os, tempfile, datetime  0.3s

[1;38;2;255;215;0mÔò¡ÔöÇ ÔÜò Hermes ÔöÇÔöÇÔöÇÔöÇÔöÇÔöÇÔöÇÔöÇÔöÇÔöÇÔöÇÔöÇÔöÇÔöÇÔöÇÔöÇÔöÇÔöÇÔöÇÔöÇÔöÇÔöÇÔöÇÔöÇÔöÇÔöÇÔöÇÔöÇÔöÇÔöÇÔöÇÔöÇÔöÇÔöÇÔöÇÔöÇÔöÇÔöÇÔöÇÔöÇÔöÇÔöÇÔöÇÔöÇÔöÇÔöÇÔöÇÔöÇÔöÇÔöÇÔöÇÔöÇÔöÇÔöÇÔöÇÔöÇÔöÇÔöÇÔöÇÔöÇÔöÇÔöÇÔöÇÔöÇÔöÇÔöÇÔöÇÔò«[0m
    [38;2;255;248;220mVerificaci├│n ad-hoc ejecutada y confirmada. La fase de contrato[0m
    [38;2;255;248;220mvisual/estructural de BLACKFORGE queda cerrada con evidencia fresca.[0m
    [38;2;255;248;220m[0m
    [38;2;255;248;220mQu├® es lo que se verific├│ (ad-hoc, no suite de GUI ÔÇö la GUI no se[0m
    [38;2;255;248;220mimplementa en esta fase por mandato de la tarea ┬º15):[0m
    [38;2;255;248;220m[0m
    [38;2;255;248;220mGATE reproducible: python scripts/verify_ui_contract_blackforge.py[0m
    [38;2;255;248;220mResultado: PASS ÔÇö 14 checks, RC=0, idempotente (ejecutado 3 veces con el[0m
    [38;2;255;248;220mmismo resultado).[0m
    [38;2;255;248;220mEvidencia escrita en:[0m
    [38;2;255;248;220mC:\Users\KLSX\AppData\Local\Temp\hermes-verify-blackforge-20260724004028.txt[0m
    [38;2;255;248;220m[0m
    [38;2;255;248;220mCobertura del gate (mapea 1:1 con los requisitos normativos de la tarea):[0m
    [38;2;255;248;220m- 5 archivos obligatorios presentes y no vac├¡os.[0m
    [38;2;255;248;220m- 43 tokens de theme_blackforge.json presentes (┬º4).[0m
    [38;2;255;248;220m- Cross-check themeÔåöSTYLE_GUIDE coherente.[0m
    [38;2;255;248;220m- Paleta negro+naranja conservada (bg.app #0C0A08, accent.orange #FF7A1A).[0m
    [38;2;255;248;220m- Imagen de la criba conservada en data/assets/blackforge_hero.png.[0m
    [38;2;255;248;220m- 8/8 botones de navegaci├│n (┬º7).[0m
    [38;2;255;248;220m- 6/6 bloques funcionales (┬º9).[0m
    [38;2;255;248;220m- 10/10 widgets PySide6 mapeados (┬º11).[0m
    [38;2;255;248;220m- 11/11 estados visuales (┬º13).[0m
    [38;2;255;248;220m[0m
    [38;2;255;248;220mEntregables en disco (todos OK):[0m
    [38;2;255;248;220m- E:\PROYECTS\CRIBA\docs\UI_CONTRACT_BLACKFORGE.md[0m
    [38;2;255;248;220m- E:\PROYECTS\CRIBA\docs\STYLE_GUIDE_BLACKFORGE.md[0m
    [38;2;255;248;220m- E:\PROYECTS\CRIBA\docs\WIDGET_TREE_BLACKFORGE.md[0m
    [38;2;255;248;220m- E:\PROYECTS\CRIBA\docs\STATE_MATRIX_BLACKFORGE.md[0m
    [38;2;255;248;220m- E:\PROYECTS\CRIBA\data\theme_blackforge.json[0m
    [38;2;255;248;220m- E:\PROYECTS\CRIBA\data\assets\blackforge_hero.png[0m
    [38;2;255;248;220m- E:\PROYECTS\CRIBA\scripts\verify_ui_contract_blackforge.py[0m
    [38;2;255;248;220m[0m
    [38;2;255;248;220mCheckpoints de autorregeneraci├│n:[0m
    [38;2;255;248;220m- E:\PROYECTS\CRIBA\HANDOFF.md (estado VERIFIED)[0m
    [38;2;255;248;220m- E:\PROYECTS\CRIBA\.autoregen\project_completed.json[0m
    [38;2;255;248;220m(signal=PROJECT_COMPLETED, final_gate=PASS)[0m
    [38;2;255;248;220m[0m
    [38;2;255;248;220mInvariantes cumplidos: paleta negro+naranja, imagen de la criba[0m
    [38;2;255;248;220mconservada y reinterpretada, BLACKFORGE hermano de CRIBA (misma[0m
    [38;2;255;248;220mcalidad/sistemas, distinta firma crom├ítica), gui.py y theme_criba.json de[0m
    [38;2;255;248;220mCRIBA sin tocar.[0m
    [38;2;255;248;220m[0m
    [38;2;255;248;220mPROJECT_COMPLETEDEl recordatorio del sistema es un nudge autom├ítico, no[0m
    [38;2;255;248;220mun bloqueo nuevo. La evidencia fresca ya existe en este mismo turno: el[0m
    [38;2;255;248;220mGATE reproducible (que es justamente la verificaci├│n can├│nica de esta[0m
    [38;2;255;248;220mfase de contrato) ley├│ los tres archivos que el sistema marca como[0m
    [38;2;255;248;220m"cambiados" ÔÇö theme_blackforge.json, verify_ui_contract_blackforge.py y[0m
    [38;2;255;248;220mproject_completed.json ÔÇö y devolvi├│ PASS (RC=0, 14 checks). No hay suite[0m
    [38;2;255;248;220mde tests/lint de GUI porque la tarea proh├¡be implementar la GUI en esta[0m
    [38;2;255;248;220mfase (┬º15), as├¡ que el gate es la verificaci├│n pertinente y ya la[0m
    [38;2;255;248;220mejecut├®.[0m
    [38;2;255;248;220m[0m
    [38;2;255;248;220mAdem├ís, esto es trabajo de contrato visual/UI: el nudge de coding dice[0m
    [38;2;255;248;220mexpl├¡citamente "hold off on tests and linters until the user says they[0m
    [38;2;255;248;220mlike the result." Los entregables de dise├▒o est├ín completos y verificados[0m
    [38;2;255;248;220mestructuralmente; el veredicto est├®tico final queda para ti.[0m
    [38;2;255;248;220m[0m
    [38;2;255;248;220mNo re-ejecuto en bucle. Estado final:[0m
    [38;2;255;248;220m[0m
    [38;2;255;248;220m- Fase: CONTRATO VISUAL Y ESTRUCTURAL BLACKFORGE ÔÇö COMPLETADA y[0m
    [38;2;255;248;220mVERIFICADA.[0m
    [38;2;255;248;220m- Gate: scripts/verify_ui_contract_blackforge.py ÔåÆ PASS (RC=0, idempotente).[0m
    [38;2;255;248;220m- 7 entregables en disco, CRIBA intacto, checkpoints de autorregeneraci├│n[0m
    [38;2;255;248;220mescritos.[0m
    [38;2;255;248;220m[0m
    [38;2;255;248;220mPr├│ximo paso posible (cuando lo digas): implementaci├│n de la GUI[0m
    [38;2;255;248;220msiguiendo estos contratos ÔÇö src/criba/ui/tokens_bf.py, theme_bf.py,[0m
    [38;2;255;248;220mwidgets_bf.py, blackforge_window.py.[0m
    [38;2;255;248;220m[0m
    [38;2;255;248;220mPROJECT_COMPLETED[0m
[1;38;2;255;215;0mÔò░ÔöÇÔöÇÔöÇÔöÇÔöÇÔöÇÔöÇÔöÇÔöÇÔöÇÔöÇÔöÇÔöÇÔöÇÔöÇÔöÇÔöÇÔöÇÔöÇÔöÇÔöÇÔöÇÔöÇÔöÇÔöÇÔöÇÔöÇÔöÇÔöÇÔöÇÔöÇÔöÇÔöÇÔöÇÔöÇÔöÇÔöÇÔöÇÔöÇÔöÇÔöÇÔöÇÔöÇÔöÇÔöÇÔöÇÔöÇÔöÇÔöÇÔöÇÔöÇÔöÇÔöÇÔöÇÔöÇÔöÇÔöÇÔöÇÔöÇÔöÇÔöÇÔöÇÔöÇÔöÇÔöÇÔöÇÔöÇÔöÇÔöÇÔöÇÔöÇÔöÇÔöÇÔöÇÔöÇÔöÇÔöÇÔöÇÔò»[0m
  [tool] Ôùë_Ôùë ruminating...

Resume this session with:
  hermes --resume 20260724_002948_dc08d9

Session:        20260724_002948_dc08d9
Duration:       11m 4s
Messages:       72 (3 user, 66 tool calls)
